,Chiral indice n,Chiral indice m,Initial atomic coordinate u,Initial atomic coordinate v,Initial atomic coordinate w
0,2,1,0.679005,0.701318,0.017033
1,2,1,0.717298,0.642129,0.231319
2,2,1,0.489336,0.303751,0.088462
3,2,1,0.413957,0.632996,0.040843
4,2,1,0.334292,0.543401,0.15989
5,2,1,0.510664,0.696249,0.255128
6,2,1,0.413957,0.632996,0.374176
7,2,1,0.712552,0.55479,0.112271
8,2,1,0.320995,0.298682,0.1837
9,2,1,0.394742,0.279367,0.302747
10,2,1,0.282702,0.357871,0.397985
11,2,1,0.320995,0.298682,0.517033
12,2,1,0.605258,0.720633,0.469414
13,2,1,0.510664,0.696249,0.588462
14,2,1,0.679005,0.701318,0.6837
15,2,1,0.605258,0.720633,0.802747
16,2,1,0.665708,0.456599,0.326557
17,2,1,0.712552,0.55479,0.445605
18,2,1,0.586043,0.367004,0.540843
19,2,1,0.665708,0.456599,0.65989
20,2,1,0.287448,0.44521,0.612271
21,2,1,0.282702,0.357871,0.731319
22,2,1,0.334292,0.543401,0.826557
23,2,1,0.287448,0.44521,0.945605
24,2,1,0.717298,0.642129,0.897985
25,2,1,0.489336,0.303751,0.755128
26,2,1,0.586043,0.367004,0.874176
27,2,1,0.394742,0.279367,0.969414
28,3,1,0.591598,0.760361,0.05909
29,3,1,0.24301,0.424391,0.020628
30,3,1,0.348135,0.611237,0.084731
31,3,1,0.300826,0.550669,0.174474
32,3,1,0.732854,0.724426,0.123192
33,3,1,0.696244,0.751243,0.212936
34,3,1,0.764136,0.633981,0.277038
35,3,1,0.755932,0.684567,0.366782
36,3,1,0.699174,0.449331,0.007807
37,3,1,0.734908,0.512843,0.097551
38,3,1,0.303756,0.248757,0.046269
39,3,1,0.351772,0.236542,0.136013
40,3,1,0.244068,0.315433,0.200115
41,3,1,0.267146,0.275574,0.289859
42,3,1,0.465969,0.709835,0.238577
43,3,1,0.40427,0.665341,0.32832
44,3,1,0.591598,0.760361,0.392423
45,3,1,0.529645,0.742134,0.482166
46,3,1,0.59573,0.334659,0.161654
47,3,1,0.651865,0.388763,0.251397
48,3,1,0.470355,0.257866,0.3155
49,3,1,0.534031,0.290165,0.405243
50,3,1,0.24301,0.424391,0.353961
51,3,1,0.235864,0.366019,0.443705
52,3,1,0.300826,0.550669,0.507807
53,3,1,0.265092,0.487157,0.597551
54,3,1,0.696244,0.751243,0.546269
55,3,1,0.648228,0.763458,0.636013
56,3,1,0.755932,0.684567,0.700115
57,3,1,0.732854,0.724426,0.789859
58,3,1,0.734908,0.512843,0.430884
59,3,1,0.75699,0.575609,0.520628
60,3,1,0.351772,0.236542,0.469346
61,3,1,0.408402,0.239639,0.55909
62,3,1,0.267146,0.275574,0.623192
63,3,1,0.303756,0.248757,0.712936
64,3,1,0.40427,0.665341,0.661654
65,3,1,0.348135,0.611237,0.751397
66,3,1,0.529645,0.742134,0.8155
67,3,1,0.465969,0.709835,0.905243
68,3,1,0.764136,0.633981,0.943705
69,3,1,0.651865,0.388763,0.584731
70,3,1,0.699174,0.449331,0.674474
71,3,1,0.534031,0.290165,0.738577
72,3,1,0.59573,0.334659,0.82832
73,3,1,0.235864,0.366019,0.777038
74,3,1,0.244068,0.315433,0.866782
75,3,1,0.265092,0.487157,0.930884
76,3,1,0.648228,0.763458,0.969346
77,3,1,0.75699,0.575609,0.853961
78,3,1,0.408402,0.239639,0.892423
79,3,1,0.470355,0.257866,0.982166
80,3,2,0.637257,0.791312,0.032917
81,3,2,0.403783,0.690165,0.041689
82,3,2,0.31966,0.608137,0.111865
83,3,2,0.743096,0.760817,0.094321
84,3,2,0.677708,0.788935,0.164496
85,3,2,0.766249,0.735843,0.2259
86,3,2,0.713311,0.778677,0.296075
87,3,2,0.549619,0.276071,0.006602
88,3,2,0.233751,0.264157,0.059233
89,3,2,0.209389,0.3741,0.120637
90,3,2,0.21786,0.295564,0.190812
91,3,2,0.450381,0.723929,0.173268
92,3,2,0.359809,0.651213,0.243444
93,3,2,0.498332,0.751585,0.304847
94,3,2,0.403783,0.690165,0.375023
95,3,2,0.78214,0.704436,0.357479
96,3,2,0.743096,0.760817,0.427654
97,3,2,0.790335,0.667452,0.489058
98,3,2,0.766249,0.735843,0.559233
99,3,2,0.74492,0.485609,0.015373
100,3,2,0.782959,0.580915,0.085549
101,3,2,0.406938,0.214257,0.068005
102,3,2,0.501668,0.248415,0.138181
103,3,2,0.362743,0.208688,0.199584
104,3,2,0.453671,0.227621,0.269759
105,3,2,0.217041,0.419085,0.252216
106,3,2,0.209665,0.332548,0.322391
107,3,2,0.232411,0.466278,0.383795
108,3,2,0.209389,0.3741,0.45397
109,3,2,0.546329,0.772379,0.436426
110,3,2,0.450381,0.723929,0.506602
111,3,2,0.593062,0.785743,0.568005
112,3,2,0.498332,0.751585,0.638181
113,3,2,0.78214,0.704436,0.690812
114,3,2,0.790335,0.667452,0.822391
115,3,2,0.71557,0.437889,0.146952
116,3,2,0.767589,0.533722,0.217128
117,3,2,0.68034,0.391863,0.278531
118,3,2,0.74492,0.485609,0.348707
119,3,2,0.322292,0.211065,0.331163
120,3,2,0.406938,0.214257,0.401338
121,3,2,0.286689,0.221323,0.462742
122,3,2,0.362743,0.208688,0.532917
123,3,2,0.25508,0.514391,0.515373
124,3,2,0.217041,0.419085,0.585549
125,3,2,0.28443,0.562111,0.646952
126,3,2,0.232411,0.466278,0.717128
127,3,2,0.637257,0.791312,0.699584
128,3,2,0.546329,0.772379,0.769759
129,3,2,0.677708,0.788935,0.831163
130,3,2,0.593062,0.785743,0.901338
131,3,2,0.640191,0.348787,0.41011
132,3,2,0.71557,0.437889,0.480286
133,3,2,0.596217,0.309835,0.541689
134,3,2,0.68034,0.391863,0.611865
135,3,2,0.256904,0.239183,0.594321
136,3,2,0.322292,0.211065,0.664496
137,3,2,0.233751,0.264157,0.7259
138,3,2,0.286689,0.221323,0.796075
139,3,2,0.31966,0.608137,0.778531
140,3,2,0.25508,0.514391,0.848707
141,3,2,0.359809,0.651213,0.91011
142,3,2,0.28443,0.562111,0.980286
143,3,2,0.713311,0.778677,0.962742
144,3,2,0.790611,0.6259,0.620637
145,3,2,0.549619,0.276071,0.673268
146,3,2,0.640191,0.348787,0.743444
147,3,2,0.501668,0.248415,0.804847
148,3,2,0.596217,0.309835,0.875023
149,3,2,0.21786,0.295564,0.857479
150,3,2,0.256904,0.239183,0.927654
151,3,2,0.209665,0.332548,0.989058
152,3,2,0.782959,0.580915,0.752216
153,3,2,0.767589,0.533722,0.883795
154,3,2,0.790611,0.6259,0.95397
155,3,2,0.453671,0.227621,0.936426
156,4,1,0.798626,0.65477,0.039988
157,4,1,0.794352,0.691116,0.111416
158,4,1,0.212784,0.427407,0.063797
159,4,1,0.560308,0.783502,0.016178
160,4,1,0.516033,0.766319,0.087607
161,4,1,0.681264,0.79623,0.135226
162,4,1,0.643856,0.798626,0.206655
163,4,1,0.723194,0.439692,0.016178
164,4,1,0.356144,0.201374,0.039988
165,4,1,0.233681,0.249714,0.087607
166,4,1,0.256813,0.228213,0.159036
167,4,1,0.308884,0.603235,0.111416
168,4,1,0.276806,0.560308,0.182845
169,4,1,0.427407,0.714623,0.230464
170,4,1,0.385034,0.681264,0.301893
171,4,1,0.766319,0.750286,0.254274
172,4,1,0.743187,0.771787,0.325702
173,4,1,0.798626,0.65477,0.373321
174,4,1,0.794352,0.691116,0.44475
175,4,1,0.572593,0.285377,0.063797
176,4,1,0.614966,0.318736,0.135226
177,4,1,0.439692,0.216498,0.182845
178,4,1,0.483967,0.233681,0.254274
179,4,1,0.201374,0.34523,0.206655
180,4,1,0.205648,0.308884,0.278083
181,4,1,0.228213,0.471401,0.325702
182,4,1,0.212784,0.427407,0.397131
183,4,1,0.560308,0.783502,0.349512
184,4,1,0.516033,0.766319,0.42094
185,4,1,0.681264,0.79623,0.468559
186,4,1,0.643856,0.798626,0.539988
187,4,1,0.771787,0.528599,0.159036
188,4,1,0.787216,0.572593,0.230464
189,4,1,0.691116,0.396765,0.278083
190,4,1,0.723194,0.439692,0.349512
191,4,1,0.318736,0.20377,0.301893
192,4,1,0.356144,0.201374,0.373321
193,4,1,0.233681,0.249714,0.42094
194,4,1,0.256813,0.228213,0.492369
195,4,1,0.308884,0.603235,0.44475
196,4,1,0.276806,0.560308,0.516178
197,4,1,0.427407,0.714623,0.563797
198,4,1,0.385034,0.681264,0.635226
199,4,1,0.766319,0.750286,0.587607
200,4,1,0.743187,0.771787,0.659036
201,4,1,0.798626,0.65477,0.706655
202,4,1,0.794352,0.691116,0.778083
203,4,1,0.572593,0.285377,0.397131
204,4,1,0.614966,0.318736,0.468559
205,4,1,0.439692,0.216498,0.516178
206,4,1,0.483967,0.233681,0.587607
207,4,1,0.201374,0.34523,0.539988
208,4,1,0.205648,0.308884,0.611416
209,4,1,0.228213,0.471401,0.659036
210,4,1,0.212784,0.427407,0.730464
211,4,1,0.560308,0.783502,0.682845
212,4,1,0.516033,0.766319,0.754274
213,4,1,0.681264,0.79623,0.801893
214,4,1,0.643856,0.798626,0.873321
215,4,1,0.771787,0.528599,0.492369
216,4,1,0.787216,0.572593,0.563797
217,4,1,0.691116,0.396765,0.611416
218,4,1,0.723194,0.439692,0.682845
219,4,1,0.318736,0.20377,0.635226
220,4,1,0.356144,0.201374,0.706655
221,4,1,0.233681,0.249714,0.754274
222,4,1,0.256813,0.228213,0.825702
223,4,1,0.308884,0.603235,0.778083
224,4,1,0.276806,0.560308,0.849512
225,4,1,0.427407,0.714623,0.897131
226,4,1,0.385034,0.681264,0.968559
227,4,1,0.766319,0.750286,0.92094
228,4,1,0.743187,0.771787,0.992369
229,4,1,0.572593,0.285377,0.730464
230,4,1,0.614966,0.318736,0.801893
231,4,1,0.439692,0.216498,0.849512
232,4,1,0.483967,0.233681,0.92094
233,4,1,0.201374,0.34523,0.873321
234,4,1,0.205648,0.308884,0.94475
235,4,1,0.228213,0.471401,0.992369
236,4,1,0.771787,0.528599,0.825702
237,4,1,0.787216,0.572593,0.897131
238,4,1,0.691116,0.396765,0.94475
239,4,1,0.318736,0.20377,0.968559
240,4,2,0.818516,0.679132,0.068071
241,4,2,0.805424,0.733468,0.187119
242,4,2,0.236666,0.524781,0.044262
243,4,2,0.548504,0.797602,0.11569
244,4,2,0.68065,0.818379,0.210928
245,4,2,0.617524,0.815911,0.329976
246,4,2,0.818516,0.679132,0.401404
247,4,2,0.181484,0.320868,0.068071
248,4,2,0.194576,0.266532,0.187119
249,4,2,0.341126,0.660466,0.1395
250,4,2,0.283467,0.595006,0.258547
251,4,2,0.406751,0.717881,0.353785
252,4,2,0.341126,0.660466,0.472833
253,4,2,0.734718,0.804882,0.425214
254,4,2,0.68065,0.818379,0.544262
255,4,2,0.777017,0.776098,0.6395
256,4,2,0.734718,0.804882,0.758547
257,4,2,0.763334,0.475219,0.044262
258,4,2,0.451496,0.202398,0.11569
259,4,2,0.31935,0.181621,0.210928
260,4,2,0.382476,0.184089,0.329976
261,4,2,0.184363,0.384187,0.282357
262,4,2,0.181484,0.320868,0.401404
263,4,2,0.20307,0.453314,0.496642
264,4,2,0.184363,0.384187,0.61569
265,4,2,0.477052,0.764369,0.568071
266,4,2,0.406751,0.717881,0.687119
267,4,2,0.548504,0.797602,0.782357
268,4,2,0.477052,0.764369,0.901404
269,4,2,0.805424,0.733468,0.853785
270,4,2,0.777017,0.776098,0.972833
271,4,2,0.658874,0.339534,0.1395
272,4,2,0.716533,0.404994,0.258547
273,4,2,0.593249,0.282119,0.353785
274,4,2,0.658874,0.339534,0.472833
275,4,2,0.265282,0.195118,0.425214
276,4,2,0.31935,0.181621,0.544262
277,4,2,0.222983,0.223902,0.6395
278,4,2,0.265282,0.195118,0.758547
279,4,2,0.236666,0.524781,0.710928
280,4,2,0.20307,0.453314,0.829976
281,4,2,0.283467,0.595006,0.925214
282,4,2,0.617524,0.815911,0.996642
283,4,2,0.815637,0.615813,0.282357
284,4,2,0.79693,0.546686,0.496642
285,4,2,0.815637,0.615813,0.61569
286,4,2,0.522948,0.235631,0.568071
287,4,2,0.593249,0.282119,0.687119
288,4,2,0.451496,0.202398,0.782357
289,4,2,0.522948,0.235631,0.901404
290,4,2,0.194576,0.266532,0.853785
291,4,2,0.222983,0.223902,0.972833
292,4,2,0.763334,0.475219,0.710928
293,4,2,0.79693,0.546686,0.829976
294,4,2,0.716533,0.404994,0.925214
295,4,2,0.382476,0.184089,0.996642
296,4,3,0.837462,0.697133,0.028817
297,4,3,0.818309,0.760281,0.078367
298,4,3,0.595393,0.829463,0.037826
299,4,3,0.698333,0.837316,0.082871
300,4,3,0.622642,0.835066,0.132421
301,4,3,0.839027,0.673029,0.123412
302,4,3,0.827065,0.740917,0.172962
303,4,3,0.833465,0.719817,0.267556
304,4,3,0.178986,0.43399,0.00179
305,4,3,0.16185,0.352321,0.05134
306,4,3,0.396844,0.728129,0.042331
307,4,3,0.318789,0.657565,0.09188
308,4,3,0.424606,0.748578,0.136925
309,4,3,0.343744,0.682458,0.186475
310,4,3,0.720939,0.833194,0.177466
311,4,3,0.649007,0.838255,0.227016
312,4,3,0.741954,0.826673,0.272061
313,4,3,0.674298,0.839006,0.32161
314,4,3,0.837462,0.697133,0.362151
315,4,3,0.839027,0.673029,0.456745
316,4,3,0.279061,0.166806,0.010799
317,4,3,0.206004,0.206743,0.055844
318,4,3,0.258046,0.173327,0.105394
319,4,3,0.189397,0.462432,0.096385
320,4,3,0.165163,0.378736,0.145935
321,4,3,0.202045,0.491143,0.19098
322,4,3,0.170889,0.406025,0.240529
323,4,3,0.452911,0.767237,0.23152
324,4,3,0.369825,0.706036,0.28107
325,4,3,0.481555,0.78397,0.326115
326,4,3,0.396844,0.728129,0.375664
327,4,3,0.761225,0.817797,0.366655
328,4,3,0.698333,0.837316,0.416205
329,4,3,0.778614,0.806632,0.46125
330,4,3,0.720939,0.833194,0.510799
331,4,3,0.797955,0.508857,0.024313
332,4,3,0.460964,0.188807,0.015304
333,4,3,0.547089,0.232763,0.064853
334,4,3,0.432542,0.178514,0.109898
335,4,3,0.518445,0.21603,0.159448
336,4,3,0.192741,0.22223,0.150439
337,4,3,0.238775,0.182203,0.199989
338,4,3,0.181691,0.239719,0.245034
339,4,3,0.221386,0.193368,0.294583
340,4,3,0.216839,0.519919,0.285574
341,4,3,0.178986,0.43399,0.335124
342,4,3,0.233674,0.548551,0.380169
343,4,3,0.189397,0.462432,0.429718
344,4,3,0.510333,0.798657,0.420709
345,4,3,0.424606,0.748578,0.470259
346,4,3,0.539036,0.811193,0.515304
347,4,3,0.452911,0.767237,0.564853
348,4,3,0.793996,0.793257,0.555844
349,4,3,0.741954,0.826673,0.605394
350,4,3,0.807259,0.77777,0.650439
351,4,3,0.761225,0.817797,0.699989
352,4,3,0.727034,0.395438,0.069358
353,4,3,0.783161,0.480081,0.118907
354,4,3,0.704861,0.368462,0.163953
355,4,3,0.766326,0.451449,0.213502
356,4,3,0.404607,0.170537,0.204493
357,4,3,0.489667,0.201343,0.254043
358,4,3,0.377358,0.164934,0.299088
359,4,3,0.460964,0.188807,0.348637
360,4,3,0.172935,0.259083,0.339628
361,4,3,0.206004,0.206743,0.389178
362,4,3,0.166535,0.280183,0.434223
363,4,3,0.192741,0.22223,0.483772
364,4,3,0.252428,0.576834,0.474763
365,4,3,0.202045,0.491143,0.524313
366,4,3,0.272966,0.604562,0.569358
367,4,3,0.216839,0.519919,0.618907
368,4,3,0.567458,0.821486,0.609898
369,4,3,0.481555,0.78397,0.659448
370,4,3,0.595393,0.829463,0.704493
371,4,3,0.510333,0.798657,0.754043
372,4,3,0.818309,0.760281,0.745034
373,4,3,0.778614,0.806632,0.794583
374,4,3,0.827065,0.740917,0.839628
375,4,3,0.793996,0.793257,0.889178
376,4,3,0.83815,0.647679,0.218007
377,4,3,0.681211,0.342435,0.258547
378,4,3,0.747572,0.423166,0.308097
379,4,3,0.656256,0.317542,0.353142
380,4,3,0.727034,0.395438,0.402691
381,4,3,0.350993,0.161745,0.393682
382,4,3,0.432542,0.178514,0.443232
383,4,3,0.325702,0.160994,0.488277
384,4,3,0.404607,0.170537,0.537826
385,4,3,0.162538,0.302867,0.528817
386,4,3,0.181691,0.239719,0.578367
387,4,3,0.160973,0.326971,0.623412
388,4,3,0.172935,0.259083,0.672962
389,4,3,0.295139,0.631538,0.663953
390,4,3,0.233674,0.548551,0.713502
391,4,3,0.318789,0.657565,0.758547
392,4,3,0.252428,0.576834,0.808097
393,4,3,0.622642,0.835066,0.799088
394,4,3,0.539036,0.811193,0.848637
395,4,3,0.649007,0.838255,0.893682
396,4,3,0.567458,0.821486,0.943232
397,4,3,0.833465,0.719817,0.934223
398,4,3,0.807259,0.77777,0.983772
399,4,3,0.834837,0.621264,0.312601
400,4,3,0.829111,0.593975,0.407196
401,4,3,0.630175,0.293964,0.447736
402,4,3,0.704861,0.368462,0.497286
403,4,3,0.603156,0.271871,0.542331
404,4,3,0.681211,0.342435,0.59188
405,4,3,0.301667,0.162684,0.582871
406,4,3,0.377358,0.164934,0.632421
407,4,3,0.279061,0.166806,0.677466
408,4,3,0.350993,0.161745,0.727016
409,4,3,0.16185,0.352321,0.718007
410,4,3,0.166535,0.280183,0.767556
411,4,3,0.165163,0.378736,0.812601
412,4,3,0.162538,0.302867,0.862151
413,4,3,0.343744,0.682458,0.853142
414,4,3,0.272966,0.604562,0.902691
415,4,3,0.369825,0.706036,0.947736
416,4,3,0.295139,0.631538,0.997286
417,4,3,0.674298,0.839006,0.988277
418,4,3,0.821014,0.56601,0.50179
419,4,3,0.83815,0.647679,0.55134
420,4,3,0.810603,0.537568,0.596385
421,4,3,0.834837,0.621264,0.645935
422,4,3,0.575394,0.251422,0.636925
423,4,3,0.656256,0.317542,0.686475
424,4,3,0.547089,0.232763,0.73152
425,4,3,0.630175,0.293964,0.78107
426,4,3,0.258046,0.173327,0.772061
427,4,3,0.325702,0.160994,0.82161
428,4,3,0.238775,0.182203,0.866655
429,4,3,0.301667,0.162684,0.916205
430,4,3,0.170889,0.406025,0.907196
431,4,3,0.160973,0.326971,0.956745
432,4,3,0.797955,0.508857,0.69098
433,4,3,0.829111,0.593975,0.740529
434,4,3,0.783161,0.480081,0.785574
435,4,3,0.821014,0.56601,0.835124
436,4,3,0.518445,0.21603,0.826115
437,4,3,0.603156,0.271871,0.875664
438,4,3,0.489667,0.201343,0.920709
439,4,3,0.575394,0.251422,0.970259
440,4,3,0.221386,0.193368,0.96125
441,4,3,0.766326,0.451449,0.880169
442,4,3,0.810603,0.537568,0.929718
443,4,3,0.747572,0.423166,0.974763
444,5,1,0.680778,0.825935,0.026903
445,5,1,0.335424,0.662004,0.010773
446,5,1,0.493,0.779265,0.048408
447,5,1,0.460003,0.760702,0.107548
448,5,1,0.790058,0.775,0.064537
449,5,1,0.773387,0.79141,0.123677
450,5,1,0.825735,0.683244,0.161311
451,5,1,0.821683,0.709652,0.220451
452,5,1,0.24609,0.195169,0.01615
453,5,1,0.268172,0.184877,0.07529
454,5,1,0.203776,0.470973,0.032279
455,5,1,0.191385,0.438213,0.091419
456,5,1,0.28201,0.601606,0.129053
457,5,1,0.258526,0.569685,0.188193
458,5,1,0.622328,0.823403,0.145182
459,5,1,0.591065,0.817144,0.204322
460,5,1,0.731828,0.815123,0.241956
461,5,1,0.707367,0.822182,0.301096
462,5,1,0.823803,0.625076,0.043032
463,5,1,0.604424,0.28423,0.059161
464,5,1,0.441131,0.192369,0.096795
465,5,1,0.473932,0.205039,0.155935
466,5,1,0.185669,0.26609,0.112924
467,5,1,0.196247,0.244233,0.172064
468,5,1,0.176197,0.374924,0.209698
469,5,1,0.173556,0.345045,0.268838
470,5,1,0.395576,0.71577,0.225827
471,5,1,0.364807,0.689861,0.284967
472,5,1,0.526068,0.794961,0.322601
473,5,1,0.493,0.779265,0.381741
474,5,1,0.803753,0.755767,0.33873
475,5,1,0.790058,0.775,0.39787
476,5,1,0.825735,0.683244,0.494644
477,5,1,0.76248,0.462952,0.080666
478,5,1,0.780792,0.495969,0.139806
479,5,1,0.664576,0.337996,0.17744
480,5,1,0.692269,0.367515,0.23658
481,5,1,0.319222,0.174065,0.193569
482,5,1,0.347665,0.173656,0.252709
483,5,1,0.226613,0.20859,0.290343
484,5,1,0.24609,0.195169,0.349483
485,5,1,0.219208,0.504031,0.306472
486,5,1,0.203776,0.470973,0.365612
487,5,1,0.307731,0.632485,0.403247
488,5,1,0.28201,0.601606,0.462386
489,5,1,0.652335,0.826344,0.419376
490,5,1,0.622328,0.823403,0.478515
491,5,1,0.75391,0.804831,0.51615
492,5,1,0.731828,0.815123,0.57529
493,5,1,0.808615,0.561787,0.258085
494,5,1,0.81784,0.593913,0.317225
495,5,1,0.539997,0.239298,0.274214
496,5,1,0.572583,0.260535,0.333354
497,5,1,0.408935,0.182856,0.370989
498,5,1,0.441131,0.192369,0.430128
499,5,1,0.178317,0.290348,0.387118
500,5,1,0.185669,0.26609,0.446257
501,5,1,0.18216,0.406087,0.483892
502,5,1,0.176197,0.374924,0.543032
503,5,1,0.427417,0.739465,0.500021
504,5,1,0.395576,0.71577,0.559161
505,5,1,0.558869,0.807631,0.596795
506,5,1,0.526068,0.794961,0.655935
507,5,1,0.814331,0.73391,0.612924
508,5,1,0.803753,0.755767,0.672064
509,5,1,0.741474,0.430315,0.354859
510,5,1,0.76248,0.462952,0.413999
511,5,1,0.635193,0.310139,0.451634
512,5,1,0.664576,0.337996,0.510773
513,5,1,0.292633,0.177818,0.467763
514,5,1,0.319222,0.174065,0.526903
515,5,1,0.209942,0.225,0.564537
516,5,1,0.226613,0.20859,0.623677
517,5,1,0.23752,0.537048,0.580666
518,5,1,0.219208,0.504031,0.639806
519,5,1,0.335424,0.662004,0.67744
520,5,1,0.307731,0.632485,0.73658
521,5,1,0.680778,0.825935,0.693569
522,5,1,0.652335,0.826344,0.752709
523,5,1,0.773387,0.79141,0.790343
524,5,1,0.75391,0.804831,0.849483
525,5,1,0.826444,0.654955,0.435505
526,5,1,0.796224,0.529027,0.532279
527,5,1,0.808615,0.561787,0.591419
528,5,1,0.507,0.220735,0.548408
529,5,1,0.539997,0.239298,0.607548
530,5,1,0.377672,0.176597,0.645182
531,5,1,0.408935,0.182856,0.704322
532,5,1,0.174265,0.316756,0.661311
533,5,1,0.178317,0.290348,0.720451
534,5,1,0.191385,0.438213,0.758085
535,5,1,0.18216,0.406087,0.817225
536,5,1,0.460003,0.760702,0.774214
537,5,1,0.427417,0.739465,0.833354
538,5,1,0.591065,0.817144,0.870989
539,5,1,0.558869,0.807631,0.930128
540,5,1,0.821683,0.709652,0.887118
541,5,1,0.814331,0.73391,0.946257
542,5,1,0.71799,0.398394,0.629053
543,5,1,0.741474,0.430315,0.688193
544,5,1,0.604424,0.28423,0.725827
545,5,1,0.635193,0.310139,0.784967
546,5,1,0.268172,0.184877,0.741956
547,5,1,0.292633,0.177818,0.801096
548,5,1,0.196247,0.244233,0.83873
549,5,1,0.209942,0.225,0.89787
550,5,1,0.258526,0.569685,0.854859
551,5,1,0.23752,0.537048,0.913999
552,5,1,0.364807,0.689861,0.951634
553,5,1,0.707367,0.822182,0.967763
554,5,1,0.823803,0.625076,0.709698
555,5,1,0.826444,0.654955,0.768838
556,5,1,0.780792,0.495969,0.806472
557,5,1,0.796224,0.529027,0.865612
558,5,1,0.473932,0.205039,0.822601
559,5,1,0.507,0.220735,0.881741
560,5,1,0.347665,0.173656,0.919376
561,5,1,0.377672,0.176597,0.978515
562,5,1,0.173556,0.345045,0.935505
563,5,1,0.174265,0.316756,0.994644
564,5,1,0.692269,0.367515,0.903247
565,5,1,0.71799,0.398394,0.962386
566,5,1,0.81784,0.593913,0.983892
567,5,2,0.712201,0.839176,0.013758
568,5,2,0.535508,0.812967,0.026578
569,5,2,0.480367,0.786506,0.07786
570,5,2,0.800711,0.792748,0.052219
571,5,2,0.770442,0.817544,0.103501
572,5,2,0.831322,0.741592,0.141963
573,5,2,0.812967,0.777458,0.193245
574,5,2,0.187033,0.222542,0.026578
575,5,2,0.23963,0.562823,0.000937
576,5,2,0.207252,0.507963,0.052219
577,5,2,0.300532,0.641627,0.090681
578,5,2,0.258408,0.58973,0.141963
579,5,2,0.616055,0.837302,0.116322
580,5,2,0.562823,0.823192,0.167604
581,5,2,0.689857,0.842035,0.206065
582,5,2,0.641627,0.841096,0.257347
583,5,2,0.842677,0.676395,0.231706
584,5,2,0.837302,0.721248,0.282988
585,5,2,0.437177,0.176808,0.000937
586,5,2,0.310143,0.157965,0.039399
587,5,2,0.358373,0.158904,0.090681
588,5,2,0.157323,0.323605,0.06504
589,5,2,0.162698,0.278752,0.116322
590,5,2,0.165883,0.399052,0.154783
591,5,2,0.157965,0.347821,0.206065
592,5,2,0.373025,0.712201,0.180424
593,5,2,0.323605,0.666281,0.231706
594,5,2,0.452898,0.770442,0.270168
595,5,2,0.399052,0.733169,0.32145
596,5,2,0.752625,0.826891,0.295809
597,5,2,0.712201,0.839176,0.347091
598,5,2,0.800711,0.792748,0.385552
599,5,2,0.770442,0.817544,0.436834
600,5,2,0.842035,0.652179,0.039399
601,5,2,0.626975,0.287799,0.013758
602,5,2,0.676395,0.333719,0.06504
603,5,2,0.547102,0.229558,0.103501
604,5,2,0.600948,0.266831,0.154783
605,5,2,0.247375,0.173109,0.129142
606,5,2,0.287799,0.160824,0.180424
607,5,2,0.199289,0.207252,0.218886
608,5,2,0.229558,0.182456,0.270168
609,5,2,0.193861,0.480367,0.244527
610,5,2,0.173109,0.425734,0.295809
611,5,2,0.23963,0.562823,0.33427
612,5,2,0.207252,0.507963,0.385552
613,5,2,0.535508,0.812967,0.359911
614,5,2,0.480367,0.786506,0.411193
615,5,2,0.616055,0.837302,0.449655
616,5,2,0.562823,0.823192,0.500937
617,5,2,0.831322,0.741592,0.475296
618,5,2,0.812967,0.777458,0.526578
619,5,2,0.842677,0.676395,0.56504
620,5,2,0.837302,0.721248,0.616322
621,5,2,0.806139,0.519633,0.07786
622,5,2,0.826891,0.574266,0.129142
623,5,2,0.76037,0.437177,0.167604
624,5,2,0.792748,0.492037,0.218886
625,5,2,0.464492,0.187033,0.193245
626,5,2,0.519633,0.213494,0.244527
627,5,2,0.383945,0.162698,0.282988
628,5,2,0.437177,0.176808,0.33427
629,5,2,0.168678,0.258408,0.308629
630,5,2,0.187033,0.222542,0.359911
631,5,2,0.157323,0.323605,0.398373
632,5,2,0.162698,0.278752,0.449655
633,5,2,0.300532,0.641627,0.424014
634,5,2,0.258408,0.58973,0.475296
635,5,2,0.373025,0.712201,0.513758
636,5,2,0.323605,0.666281,0.56504
637,5,2,0.689857,0.842035,0.539399
638,5,2,0.641627,0.841096,0.590681
639,5,2,0.752625,0.826891,0.629142
640,5,2,0.712201,0.839176,0.680424
641,5,2,0.699468,0.358373,0.257347
642,5,2,0.741592,0.41027,0.308629
643,5,2,0.626975,0.287799,0.347091
644,5,2,0.676395,0.333719,0.398373
645,5,2,0.310143,0.157965,0.372732
646,5,2,0.358373,0.158904,0.424014
647,5,2,0.247375,0.173109,0.462475
648,5,2,0.287799,0.160824,0.513758
649,5,2,0.165883,0.399052,0.488116
650,5,2,0.157965,0.347821,0.539399
651,5,2,0.193861,0.480367,0.57786
652,5,2,0.173109,0.425734,0.629142
653,5,2,0.452898,0.770442,0.603501
654,5,2,0.399052,0.733169,0.654783
655,5,2,0.535508,0.812967,0.693245
656,5,2,0.480367,0.786506,0.744527
657,5,2,0.800711,0.792748,0.718886
658,5,2,0.770442,0.817544,0.770168
659,5,2,0.831322,0.741592,0.808629
660,5,2,0.812967,0.777458,0.859911
661,5,2,0.834117,0.600948,0.32145
662,5,2,0.842035,0.652179,0.372732
663,5,2,0.806139,0.519633,0.411193
664,5,2,0.826891,0.574266,0.462475
665,5,2,0.547102,0.229558,0.436834
666,5,2,0.600948,0.266831,0.488116
667,5,2,0.464492,0.187033,0.526578
668,5,2,0.519633,0.213494,0.57786
669,5,2,0.199289,0.207252,0.552219
670,5,2,0.229558,0.182456,0.603501
671,5,2,0.168678,0.258408,0.641963
672,5,2,0.187033,0.222542,0.693245
673,5,2,0.23963,0.562823,0.667604
674,5,2,0.207252,0.507963,0.718886
675,5,2,0.300532,0.641627,0.757347
676,5,2,0.258408,0.58973,0.808629
677,5,2,0.616055,0.837302,0.782988
678,5,2,0.562823,0.823192,0.83427
679,5,2,0.689857,0.842035,0.872732
680,5,2,0.641627,0.841096,0.924014
681,5,2,0.842677,0.676395,0.898373
682,5,2,0.837302,0.721248,0.949655
683,5,2,0.76037,0.437177,0.500937
684,5,2,0.792748,0.492037,0.552219
685,5,2,0.699468,0.358373,0.590681
686,5,2,0.741592,0.41027,0.641963
687,5,2,0.383945,0.162698,0.616322
688,5,2,0.437177,0.176808,0.667604
689,5,2,0.310143,0.157965,0.706065
690,5,2,0.358373,0.158904,0.757347
691,5,2,0.157323,0.323605,0.731706
692,5,2,0.162698,0.278752,0.782988
693,5,2,0.165883,0.399052,0.82145
694,5,2,0.157965,0.347821,0.872732
695,5,2,0.373025,0.712201,0.847091
696,5,2,0.323605,0.666281,0.898373
697,5,2,0.452898,0.770442,0.936834
698,5,2,0.399052,0.733169,0.988116
699,5,2,0.752625,0.826891,0.962475
700,5,2,0.834117,0.600948,0.654783
701,5,2,0.842035,0.652179,0.706065
702,5,2,0.626975,0.287799,0.680424
703,5,2,0.676395,0.333719,0.731706
704,5,2,0.547102,0.229558,0.770168
705,5,2,0.600948,0.266831,0.82145
706,5,2,0.247375,0.173109,0.795809
707,5,2,0.287799,0.160824,0.847091
708,5,2,0.199289,0.207252,0.885552
709,5,2,0.229558,0.182456,0.936834
710,5,2,0.193861,0.480367,0.911193
711,5,2,0.173109,0.425734,0.962475
712,5,2,0.806139,0.519633,0.744527
713,5,2,0.826891,0.574266,0.795809
714,5,2,0.76037,0.437177,0.83427
715,5,2,0.792748,0.492037,0.885552
716,5,2,0.464492,0.187033,0.859911
717,5,2,0.519633,0.213494,0.911193
718,5,2,0.383945,0.162698,0.949655
719,5,2,0.168678,0.258408,0.975296
720,5,2,0.699468,0.358373,0.924014
721,5,2,0.741592,0.41027,0.975296
722,5,2,0.834117,0.600948,0.988116
723,5,3,0.745844,0.848817,0.00488
724,5,3,0.586209,0.844408,0.011682
725,5,3,0.518112,0.819075,0.0559
726,5,3,0.815513,0.805055,0.042295
727,5,3,0.777181,0.835405,0.086512
728,5,3,0.834672,0.778484,0.123927
729,5,3,0.803967,0.816486,0.168145
730,5,3,0.247173,0.593624,0.025288
731,5,3,0.340115,0.69788,0.062703
732,5,3,0.281739,0.6371,0.106921
733,5,3,0.629992,0.854279,0.093315
734,5,3,0.563741,0.837339,0.137533
735,5,3,0.67164,0.858332,0.174948
736,5,3,0.608323,0.850063,0.219165
737,5,3,0.848337,0.74734,0.20556
738,5,3,0.825762,0.79237,0.249778
739,5,3,0.856281,0.712135,0.287193
740,5,3,0.842208,0.763453,0.33141
741,5,3,0.196033,0.183514,0.001478
742,5,3,0.237949,0.157185,0.045696
743,5,3,0.155026,0.411791,0.032091
744,5,3,0.142785,0.347007,0.076308
745,5,3,0.170303,0.456942,0.113723
746,5,3,0.1495,0.389714,0.157941
747,5,3,0.382451,0.734474,0.144336
748,5,3,0.319889,0.678325,0.188553
749,5,3,0.426717,0.767217,0.225968
750,5,3,0.360997,0.716622,0.270186
751,5,3,0.71047,0.856501,0.25658
752,5,3,0.651126,0.857039,0.300798
753,5,3,0.745844,0.848817,0.338213
754,5,3,0.691448,0.858152,0.382431
755,5,3,0.853034,0.730211,0.413043
756,5,3,0.858064,0.693188,0.494676
757,5,3,0.504861,0.192043,0.015084
758,5,3,0.391677,0.149937,0.052499
759,5,3,0.458989,0.171117,0.096716
760,5,3,0.174238,0.20763,0.083111
761,5,3,0.208828,0.173384,0.127329
762,5,3,0.157792,0.236547,0.164744
763,5,3,0.184487,0.194945,0.208961
764,5,3,0.190993,0.502799,0.195356
765,5,3,0.16197,0.434231,0.239574
766,5,3,0.216758,0.548611,0.276989
767,5,3,0.179991,0.479829,0.321206
768,5,3,0.472186,0.795573,0.307601
769,5,3,0.404387,0.751362,0.351819
770,5,3,0.518112,0.819075,0.389233
771,5,3,0.449347,0.781974,0.433451
772,5,3,0.777181,0.835405,0.419846
773,5,3,0.728627,0.853385,0.464063
774,5,3,0.803967,0.816486,0.501478
775,5,3,0.762051,0.842815,0.545696
776,5,3,0.858376,0.673447,0.035492
777,5,3,0.680111,0.321675,0.021887
778,5,3,0.736029,0.3844,0.066104
779,5,3,0.639003,0.283378,0.103519
780,5,3,0.699596,0.341963,0.147737
781,5,3,0.348874,0.142961,0.134131
782,5,3,0.413791,0.155592,0.178349
783,5,3,0.308552,0.141848,0.215764
784,5,3,0.370008,0.145721,0.259982
785,5,3,0.146966,0.269789,0.246376
786,5,3,0.165328,0.221516,0.290594
787,5,3,0.141936,0.306812,0.328009
788,5,3,0.151663,0.25266,0.372227
789,5,3,0.247173,0.593624,0.358621
790,5,3,0.203266,0.525758,0.402839
791,5,3,0.281739,0.6371,0.440254
792,5,3,0.231413,0.571264,0.484472
793,5,3,0.563741,0.837339,0.470866
794,5,3,0.495139,0.807957,0.515084
795,5,3,0.608323,0.850063,0.552499
796,5,3,0.541011,0.828883,0.596716
797,5,3,0.825762,0.79237,0.583111
798,5,3,0.791172,0.826616,0.627329
799,5,3,0.842208,0.763453,0.664744
800,5,3,0.815513,0.805055,0.708961
801,5,3,0.83803,0.565769,0.072907
802,5,3,0.854586,0.631911,0.117125
803,5,3,0.820009,0.520171,0.15454
804,5,3,0.844974,0.588209,0.198757
805,5,3,0.595613,0.248638,0.185152
806,5,3,0.659885,0.30212,0.22937
807,5,3,0.550653,0.218026,0.266785
808,5,3,0.617549,0.265526,0.311002
809,5,3,0.271373,0.146615,0.297397
810,5,3,0.32836,0.141668,0.341614
811,5,3,0.237949,0.157185,0.379029
812,5,3,0.28953,0.143499,0.423247
813,5,3,0.142785,0.347007,0.409642
814,5,3,0.143719,0.287865,0.453859
815,5,3,0.1495,0.389714,0.491274
816,5,3,0.141624,0.326553,0.535492
817,5,3,0.319889,0.678325,0.521887
818,5,3,0.263971,0.6156,0.566104
819,5,3,0.360997,0.716622,0.603519
820,5,3,0.300404,0.658037,0.647737
821,5,3,0.651126,0.857039,0.634131
822,5,3,0.586209,0.844408,0.678349
823,5,3,0.691448,0.858152,0.715764
824,5,3,0.629992,0.854279,0.759982
825,5,3,0.853034,0.730211,0.746376
826,5,3,0.834672,0.778484,0.790594
827,5,3,0.858064,0.693188,0.828009
828,5,3,0.848337,0.74734,0.872227
829,5,3,0.796734,0.474242,0.236172
830,5,3,0.829697,0.543058,0.28039
831,5,3,0.768587,0.428736,0.317805
832,5,3,0.809007,0.497201,0.362023
833,5,3,0.504861,0.192043,0.348417
834,5,3,0.573283,0.232783,0.392635
835,5,3,0.458989,0.171117,0.43005
836,5,3,0.527814,0.204427,0.474268
837,5,3,0.208828,0.173384,0.460662
838,5,3,0.254156,0.151183,0.50488
839,5,3,0.184487,0.194945,0.542295
840,5,3,0.222819,0.164595,0.586512
841,5,3,0.16197,0.434231,0.572907
842,5,3,0.145414,0.368089,0.617125
843,5,3,0.179991,0.479829,0.65454
844,5,3,0.155026,0.411791,0.698757
845,5,3,0.404387,0.751362,0.685152
846,5,3,0.340115,0.69788,0.72937
847,5,3,0.449347,0.781974,0.766785
848,5,3,0.382451,0.734474,0.811002
849,5,3,0.728627,0.853385,0.797397
850,5,3,0.67164,0.858332,0.841614
851,5,3,0.762051,0.842815,0.879029
852,5,3,0.71047,0.856501,0.923247
853,5,3,0.856281,0.712135,0.953859
854,5,3,0.858376,0.673447,0.368825
855,5,3,0.736029,0.3844,0.399438
856,5,3,0.783242,0.451389,0.443655
857,5,3,0.699596,0.341963,0.48107
858,5,3,0.752827,0.406376,0.525288
859,5,3,0.413791,0.155592,0.511682
860,5,3,0.481888,0.180925,0.5559
861,5,3,0.370008,0.145721,0.593315
862,5,3,0.436259,0.162661,0.637533
863,5,3,0.165328,0.221516,0.623927
864,5,3,0.196033,0.183514,0.668145
865,5,3,0.151663,0.25266,0.70556
866,5,3,0.174238,0.20763,0.749778
867,5,3,0.203266,0.525758,0.736172
868,5,3,0.170303,0.456942,0.78039
869,5,3,0.231413,0.571264,0.817805
870,5,3,0.190993,0.502799,0.862023
871,5,3,0.495139,0.807957,0.848417
872,5,3,0.426717,0.767217,0.892635
873,5,3,0.541011,0.828883,0.93005
874,5,3,0.472186,0.795573,0.974268
875,5,3,0.791172,0.826616,0.960662
876,5,3,0.854586,0.631911,0.450458
877,5,3,0.844974,0.588209,0.532091
878,5,3,0.857215,0.652993,0.576308
879,5,3,0.659885,0.30212,0.562703
880,5,3,0.718261,0.3629,0.606921
881,5,3,0.617549,0.265526,0.644336
882,5,3,0.680111,0.321675,0.688553
883,5,3,0.32836,0.141668,0.674948
884,5,3,0.391677,0.149937,0.719165
885,5,3,0.28953,0.143499,0.75658
886,5,3,0.348874,0.142961,0.800798
887,5,3,0.143719,0.287865,0.787193
888,5,3,0.157792,0.236547,0.83141
889,5,3,0.141624,0.326553,0.868825
890,5,3,0.146966,0.269789,0.913043
891,5,3,0.263971,0.6156,0.899438
892,5,3,0.216758,0.548611,0.943655
893,5,3,0.300404,0.658037,0.98107
894,5,3,0.829697,0.543058,0.613723
895,5,3,0.8505,0.610286,0.657941
896,5,3,0.809007,0.497201,0.695356
897,5,3,0.83803,0.565769,0.739574
898,5,3,0.573283,0.232783,0.725968
899,5,3,0.639003,0.283378,0.770186
900,5,3,0.527814,0.204427,0.807601
901,5,3,0.595613,0.248638,0.851819
902,5,3,0.254156,0.151183,0.838213
903,5,3,0.308552,0.141848,0.882431
904,5,3,0.222819,0.164595,0.919846
905,5,3,0.271373,0.146615,0.964063
906,5,3,0.145414,0.368089,0.950458
907,5,3,0.141936,0.306812,0.994676
908,5,3,0.783242,0.451389,0.776989
909,5,3,0.820009,0.520171,0.821206
910,5,3,0.752827,0.406376,0.858621
911,5,3,0.796734,0.474242,0.902839
912,5,3,0.481888,0.180925,0.889233
913,5,3,0.550653,0.218026,0.933451
914,5,3,0.436259,0.162661,0.970866
915,5,3,0.857215,0.652993,0.909642
916,5,3,0.718261,0.3629,0.940254
917,5,3,0.768587,0.428736,0.984472
918,5,3,0.8505,0.610286,0.991274
919,5,4,0.873092,0.690066,0.031831
920,5,4,0.636789,0.869022,0.001776
921,5,4,0.562889,0.849948,0.040027
922,5,4,0.831909,0.813562,0.034563
923,5,4,0.790026,0.848296,0.072814
924,5,4,0.840243,0.802736,0.108333
925,5,4,0.801725,0.840947,0.146585
926,5,4,0.30445,0.677417,0.007241
927,5,4,0.391824,0.755159,0.04276
928,5,4,0.321068,0.694079,0.081011
929,5,4,0.654478,0.87137,0.075547
930,5,4,0.581739,0.856146,0.113798
931,5,4,0.671757,0.872732,0.149317
932,5,4,0.600371,0.8614,0.187568
933,5,4,0.847674,0.791108,0.182104
934,5,4,0.812624,0.832692,0.220355
935,5,4,0.854184,0.778707,0.255874
936,5,4,0.822694,0.823556,0.294126
937,5,4,0.152326,0.208892,0.015437
938,5,4,0.183013,0.511947,0.009973
939,5,4,0.149458,0.435412,0.048224
940,5,4,0.193565,0.531128,0.083743
941,5,4,0.156502,0.454415,0.121995
942,5,4,0.41035,0.768835,0.11653
943,5,4,0.33816,0.710226,0.154782
944,5,4,0.429113,0.781797,0.190301
945,5,4,0.355681,0.725816,0.228552
946,5,4,0.68858,0.873107,0.223088
947,5,4,0.618738,0.865696,0.261339
948,5,4,0.704904,0.872491,0.296858
949,5,4,0.636789,0.869022,0.335109
950,5,4,0.859755,0.765567,0.329645
951,5,4,0.831909,0.813562,0.367896
952,5,4,0.864372,0.751724,0.403415
953,5,4,0.840243,0.802736,0.441667
954,5,4,0.249552,0.135261,0.01817
955,5,4,0.31142,0.126893,0.056421
956,5,4,0.129304,0.277928,0.050956
957,5,4,0.145816,0.221293,0.089208
958,5,4,0.127612,0.293658,0.124727
959,5,4,0.140245,0.234433,0.162978
960,5,4,0.204929,0.550228,0.157514
961,5,4,0.164457,0.473539,0.195765
962,5,4,0.217076,0.569194,0.231284
963,5,4,0.173302,0.492733,0.269536
964,5,4,0.448065,0.794013,0.264071
965,5,4,0.373585,0.740807,0.302323
966,5,4,0.467154,0.805449,0.337842
967,5,4,0.391824,0.755159,0.376093
968,5,4,0.720684,0.870888,0.370629
969,5,4,0.654478,0.87137,0.40888
970,5,4,0.735879,0.868302,0.444399
971,5,4,0.671757,0.872732,0.48265
972,5,4,0.868022,0.737212,0.477186
973,5,4,0.847674,0.791108,0.515437
974,5,4,0.870696,0.722072,0.550956
975,5,4,0.854184,0.778707,0.589208
976,5,4,0.570887,0.218203,0.023634
977,5,4,0.475259,0.165215,0.059153
978,5,4,0.551935,0.205987,0.097404
979,5,4,0.235646,0.139792,0.09194
980,5,4,0.295096,0.127509,0.130191
981,5,4,0.222442,0.145277,0.16571
982,5,4,0.279316,0.129112,0.203962
983,5,4,0.126908,0.309934,0.198497
984,5,4,0.135628,0.248276,0.236749
985,5,4,0.127194,0.326715,0.272268
986,5,4,0.131978,0.262788,0.310519
987,5,4,0.229973,0.587976,0.305055
988,5,4,0.183013,0.511947,0.343306
989,5,4,0.243586,0.606525,0.378825
990,5,4,0.193565,0.531128,0.417077
991,5,4,0.48633,0.816074,0.411612
992,5,4,0.41035,0.768835,0.449863
993,5,4,0.505543,0.825862,0.485383
994,5,4,0.429113,0.781797,0.523634
995,5,4,0.750448,0.864739,0.51817
996,5,4,0.68858,0.873107,0.556421
997,5,4,0.764354,0.860208,0.59194
998,5,4,0.704904,0.872491,0.630191
999,5,4,0.872388,0.706342,0.624727
1000,5,4,0.859755,0.765567,0.662978
1001,5,4,0.873092,0.690066,0.698497
1002,5,4,0.864372,0.751724,0.736749
1003,5,4,0.727186,0.357272,0.026366
1004,5,4,0.782924,0.430806,0.064618
1005,5,4,0.711648,0.339715,0.100137
1006,5,4,0.770027,0.412024,0.138388
1007,5,4,0.456127,0.157179,0.132924
1008,5,4,0.532846,0.194551,0.171175
1009,5,4,0.437111,0.150052,0.206694
1010,5,4,0.51367,0.183926,0.244945
1011,5,4,0.209974,0.151704,0.239481
1012,5,4,0.264121,0.131698,0.277732
1013,5,4,0.198275,0.159053,0.313251
1014,5,4,0.249552,0.135261,0.351503
1015,5,4,0.128468,0.343955,0.346038
1016,5,4,0.129304,0.277928,0.38429
1017,5,4,0.130727,0.361609,0.419809
1018,5,4,0.127612,0.293658,0.45806
1019,5,4,0.257879,0.624792,0.452596
1020,5,4,0.204929,0.550228,0.490847
1021,5,4,0.272814,0.642728,0.526366
1022,5,4,0.217076,0.569194,0.564618
1023,5,4,0.524741,0.834785,0.559153
1024,5,4,0.448065,0.794013,0.597404
1025,5,4,0.543873,0.842821,0.632924
1026,5,4,0.467154,0.805449,0.671175
1027,5,4,0.777558,0.854723,0.66571
1028,5,4,0.720684,0.870888,0.703962
1029,5,4,0.790026,0.848296,0.739481
1030,5,4,0.735879,0.868302,0.777732
1031,5,4,0.868022,0.737212,0.810519
1032,5,4,0.870696,0.722072,0.88429
1033,5,4,0.861825,0.602031,0.06735
1034,5,4,0.872806,0.673285,0.105601
1035,5,4,0.856656,0.58342,0.14112
1036,5,4,0.871532,0.656045,0.179372
1037,5,4,0.69555,0.322583,0.173907
1038,5,4,0.756414,0.393475,0.212159
1039,5,4,0.678932,0.305921,0.247678
1040,5,4,0.742121,0.375208,0.285929
1041,5,4,0.418261,0.143854,0.280465
1042,5,4,0.494457,0.174138,0.318716
1043,5,4,0.399629,0.1386,0.354235
1044,5,4,0.475259,0.165215,0.392486
1045,5,4,0.187376,0.167308,0.387022
1046,5,4,0.235646,0.139792,0.425273
1047,5,4,0.177306,0.176444,0.460792
1048,5,4,0.222442,0.145277,0.499044
1049,5,4,0.133966,0.379629,0.493579
1050,5,4,0.126908,0.309934,0.531831
1051,5,4,0.138175,0.397969,0.56735
1052,5,4,0.127194,0.326715,0.605601
1053,5,4,0.288352,0.660285,0.600137
1054,5,4,0.229973,0.587976,0.638388
1055,5,4,0.30445,0.677417,0.673907
1056,5,4,0.243586,0.606525,0.712159
1057,5,4,0.562889,0.849948,0.706694
1058,5,4,0.48633,0.816074,0.744945
1059,5,4,0.581739,0.856146,0.780465
1060,5,4,0.505543,0.825862,0.818716
1061,5,4,0.801725,0.840947,0.813251
1062,5,4,0.750448,0.864739,0.851503
1063,5,4,0.812624,0.832692,0.887022
1064,5,4,0.764354,0.860208,0.925273
1065,5,4,0.872388,0.706342,0.95806
1066,5,4,0.850542,0.564588,0.214891
1067,5,4,0.869273,0.638391,0.253142
1068,5,4,0.843498,0.545585,0.288661
1069,5,4,0.866034,0.620371,0.326913
1070,5,4,0.66184,0.289774,0.321448
1071,5,4,0.727186,0.357272,0.3597
1072,5,4,0.644319,0.274184,0.395219
1073,5,4,0.711648,0.339715,0.43347
1074,5,4,0.381262,0.134304,0.428006
1075,5,4,0.456127,0.157179,0.466257
1076,5,4,0.363211,0.130978,0.501776
1077,5,4,0.437111,0.150052,0.540027
1078,5,4,0.168091,0.186438,0.534563
1079,5,4,0.209974,0.151704,0.572814
1080,5,4,0.159757,0.197264,0.608333
1081,5,4,0.198275,0.159053,0.646585
1082,5,4,0.143344,0.41658,0.64112
1083,5,4,0.128468,0.343955,0.679372
1084,5,4,0.149458,0.435412,0.714891
1085,5,4,0.130727,0.361609,0.753142
1086,5,4,0.321068,0.694079,0.747678
1087,5,4,0.257879,0.624792,0.785929
1088,5,4,0.33816,0.710226,0.821448
1089,5,4,0.272814,0.642728,0.8597
1090,5,4,0.600371,0.8614,0.854235
1091,5,4,0.524741,0.834785,0.892486
1092,5,4,0.618738,0.865696,0.928006
1093,5,4,0.543873,0.842821,0.966257
1094,5,4,0.822694,0.823556,0.960792
1095,5,4,0.777558,0.854723,0.999044
1096,5,4,0.835543,0.526461,0.362432
1097,5,4,0.861825,0.602031,0.400683
1098,5,4,0.826698,0.507267,0.436202
1099,5,4,0.856656,0.58342,0.474454
1100,5,4,0.626415,0.259193,0.468989
1101,5,4,0.69555,0.322583,0.507241
1102,5,4,0.608176,0.244841,0.54276
1103,5,4,0.678932,0.305921,0.581011
1104,5,4,0.345522,0.12863,0.575547
1105,5,4,0.418261,0.143854,0.613798
1106,5,4,0.328243,0.127268,0.649317
1107,5,4,0.399629,0.1386,0.687568
1108,5,4,0.152326,0.208892,0.682104
1109,5,4,0.187376,0.167308,0.720355
1110,5,4,0.145816,0.221293,0.755874
1111,5,4,0.177306,0.176444,0.794126
1112,5,4,0.156502,0.454415,0.788661
1113,5,4,0.133966,0.379629,0.826913
1114,5,4,0.164457,0.473539,0.862432
1115,5,4,0.138175,0.397969,0.900683
1116,5,4,0.355681,0.725816,0.895219
1117,5,4,0.288352,0.660285,0.93347
1118,5,4,0.373585,0.740807,0.968989
1119,5,4,0.816987,0.488053,0.509973
1120,5,4,0.850542,0.564588,0.548224
1121,5,4,0.806435,0.468872,0.583743
1122,5,4,0.843498,0.545585,0.621995
1123,5,4,0.58965,0.231165,0.61653
1124,5,4,0.66184,0.289774,0.654782
1125,5,4,0.570887,0.218203,0.690301
1126,5,4,0.644319,0.274184,0.728552
1127,5,4,0.31142,0.126893,0.723088
1128,5,4,0.381262,0.134304,0.761339
1129,5,4,0.295096,0.127509,0.796858
1130,5,4,0.363211,0.130978,0.835109
1131,5,4,0.140245,0.234433,0.829645
1132,5,4,0.168091,0.186438,0.867896
1133,5,4,0.135628,0.248276,0.903415
1134,5,4,0.159757,0.197264,0.941667
1135,5,4,0.173302,0.492733,0.936202
1136,5,4,0.143344,0.41658,0.974454
1137,5,4,0.795071,0.449772,0.657514
1138,5,4,0.835543,0.526461,0.695765
1139,5,4,0.782924,0.430806,0.731284
1140,5,4,0.826698,0.507267,0.769536
1141,5,4,0.551935,0.205987,0.764071
1142,5,4,0.626415,0.259193,0.802323
1143,5,4,0.532846,0.194551,0.837842
1144,5,4,0.608176,0.244841,0.876093
1145,5,4,0.279316,0.129112,0.870629
1146,5,4,0.345522,0.12863,0.90888
1147,5,4,0.264121,0.131698,0.944399
1148,5,4,0.328243,0.127268,0.98265
1149,5,4,0.131978,0.262788,0.977186
1150,5,4,0.872806,0.673285,0.772268
1151,5,4,0.770027,0.412024,0.805055
1152,5,4,0.816987,0.488053,0.843306
1153,5,4,0.756414,0.393475,0.878825
1154,5,4,0.806435,0.468872,0.917077
1155,5,4,0.51367,0.183926,0.911612
1156,5,4,0.58965,0.231165,0.949863
1157,5,4,0.494457,0.174138,0.985383
1158,5,4,0.871532,0.656045,0.846038
1159,5,4,0.869273,0.638391,0.919809
1160,5,4,0.742121,0.375208,0.952596
1161,5,4,0.795071,0.449772,0.990847
1162,5,4,0.866034,0.620371,0.993579
1163,6,1,0.842483,0.731561,0.013586
1164,6,1,0.836485,0.750051,0.063973
1165,6,1,0.301951,0.650358,0.040718
1166,6,1,0.642631,0.847633,0.001958
1167,6,1,0.61896,0.844077,0.052346
1168,6,1,0.747199,0.837559,0.083353
1169,6,1,0.728505,0.843269,0.133741
1170,6,1,0.291407,0.152854,0.017462
1171,6,1,0.150566,0.330897,0.02909
1172,6,1,0.186357,0.47671,0.060097
1173,6,1,0.175939,0.451317,0.110485
1174,6,1,0.442904,0.770056,0.071725
1175,6,1,0.417888,0.753142,0.122113
1176,6,1,0.569844,0.831487,0.153121
1177,6,1,0.544661,0.822519,0.203508
1178,6,1,0.819145,0.782938,0.164749
1179,6,1,0.807896,0.797159,0.215136
1180,6,1,0.848974,0.690978,0.246144
1181,6,1,0.846654,0.711835,0.296532
1182,6,1,0.606691,0.265123,0.005834
1183,6,1,0.455339,0.177481,0.036842
1184,6,1,0.48076,0.188169,0.087229
1185,6,1,0.192104,0.202841,0.04847
1186,6,1,0.204997,0.190205,0.098857
1187,6,1,0.153346,0.288165,0.129865
1188,6,1,0.157517,0.268439,0.180253
1189,6,1,0.262134,0.602819,0.141493
1190,6,1,0.244077,0.578162,0.19188
1191,6,1,0.3693,0.715359,0.222888
1192,6,1,0.345989,0.694692,0.273276
1193,6,1,0.687567,0.849172,0.234516
1194,6,1,0.66554,0.849335,0.284904
1195,6,1,0.780537,0.820778,0.315911
1196,6,1,0.764574,0.830049,0.366299
1197,6,1,0.755923,0.421838,0.025214
1198,6,1,0.772614,0.446912,0.075601
1199,6,1,0.654011,0.305308,0.106609
1200,6,1,0.676501,0.327013,0.156997
1201,6,1,0.33446,0.150665,0.118237
1202,6,1,0.357369,0.152367,0.168625
1203,6,1,0.235426,0.169951,0.199632
1204,6,1,0.252801,0.162441,0.25002
1205,6,1,0.160336,0.401445,0.21126
1206,6,1,0.155234,0.377232,0.261648
1207,6,1,0.21215,0.527731,0.292656
1208,6,1,0.198449,0.502227,0.343043
1209,6,1,0.493716,0.799479,0.304284
1210,6,1,0.468225,0.785529,0.354671
1211,6,1,0.61896,0.844077,0.385679
1212,6,1,0.594655,0.838686,0.436066
1213,6,1,0.836485,0.750051,0.397307
1214,6,1,0.828692,0.767208,0.447694
1215,6,1,0.844766,0.622768,0.094981
1216,6,1,0.848028,0.646326,0.145369
1217,6,1,0.801551,0.497773,0.176377
1218,6,1,0.813643,0.52329,0.226764
1219,6,1,0.531775,0.214471,0.188004
1220,6,1,0.557096,0.229944,0.238392
1221,6,1,0.405345,0.161314,0.2694
1222,6,1,0.430156,0.168513,0.319787
1223,6,1,0.171308,0.232792,0.281028
1224,6,1,0.180855,0.217062,0.331415
1225,6,1,0.150566,0.330897,0.362423
1226,6,1,0.151026,0.309022,0.412811
1227,6,1,0.301951,0.650358,0.374051
1228,6,1,0.281459,0.626927,0.424439
1229,6,1,0.417888,0.753142,0.455446
1230,6,1,0.393309,0.734877,0.505834
1231,6,1,0.728505,0.843269,0.467074
1232,6,1,0.708593,0.847146,0.517462
1233,6,1,0.807896,0.797159,0.54847
1234,6,1,0.795003,0.809795,0.598857
1235,6,1,0.718541,0.373073,0.257772
1236,6,1,0.737866,0.397181,0.30816
1237,6,1,0.606691,0.265123,0.339167
1238,6,1,0.6307,0.284641,0.389555
1239,6,1,0.291407,0.152854,0.350795
1240,6,1,0.312433,0.150828,0.401183
1241,6,1,0.204997,0.190205,0.432191
1242,6,1,0.219463,0.179222,0.482578
1243,6,1,0.175939,0.451317,0.443818
1244,6,1,0.16725,0.426184,0.494206
1245,6,1,0.244077,0.578162,0.525214
1246,6,1,0.227386,0.553088,0.575601
1247,6,1,0.544661,0.822519,0.536842
1248,6,1,0.51924,0.811831,0.587229
1249,6,1,0.66554,0.849335,0.618237
1250,6,1,0.642631,0.847633,0.668625
1251,6,1,0.846654,0.711835,0.629865
1252,6,1,0.842483,0.731561,0.680253
1253,6,1,0.83275,0.573816,0.327539
1254,6,1,0.839664,0.598555,0.377927
1255,6,1,0.772614,0.446912,0.408935
1256,6,1,0.78785,0.472269,0.459322
1257,6,1,0.48076,0.188169,0.420563
1258,6,1,0.506284,0.200521,0.47095
1259,6,1,0.357369,0.152367,0.501958
1260,6,1,0.38104,0.155923,0.552346
1261,6,1,0.157517,0.268439,0.513586
1262,6,1,0.163515,0.249949,0.563973
1263,6,1,0.155234,0.377232,0.594981
1264,6,1,0.151972,0.353674,0.645369
1265,6,1,0.345989,0.694692,0.606609
1266,6,1,0.323499,0.672987,0.656997
1267,6,1,0.468225,0.785529,0.688004
1268,6,1,0.442904,0.770056,0.738392
1269,6,1,0.764574,0.830049,0.699632
1270,6,1,0.747199,0.837559,0.75002
1271,6,1,0.828692,0.767208,0.781028
1272,6,1,0.819145,0.782938,0.831415
1273,6,1,0.848028,0.646326,0.478702
1274,6,1,0.849434,0.669103,0.52909
1275,6,1,0.676501,0.327013,0.49033
1276,6,1,0.698049,0.349642,0.540718
1277,6,1,0.557096,0.229944,0.571725
1278,6,1,0.582112,0.246858,0.622113
1279,6,1,0.252801,0.162441,0.583353
1280,6,1,0.271495,0.156731,0.633741
1281,6,1,0.180855,0.217062,0.664749
1282,6,1,0.192104,0.202841,0.715136
1283,6,1,0.198449,0.502227,0.676377
1284,6,1,0.186357,0.47671,0.726764
1285,6,1,0.281459,0.626927,0.757772
1286,6,1,0.262134,0.602819,0.80816
1287,6,1,0.594655,0.838686,0.7694
1288,6,1,0.569844,0.831487,0.819787
1289,6,1,0.708593,0.847146,0.850795
1290,6,1,0.687567,0.849172,0.901183
1291,6,1,0.848974,0.690978,0.912811
1292,6,1,0.813643,0.52329,0.560097
1293,6,1,0.824061,0.548683,0.610485
1294,6,1,0.737866,0.397181,0.641493
1295,6,1,0.755923,0.421838,0.69188
1296,6,1,0.430156,0.168513,0.653121
1297,6,1,0.455339,0.177481,0.703508
1298,6,1,0.312433,0.150828,0.734516
1299,6,1,0.33446,0.150665,0.784904
1300,6,1,0.151026,0.309022,0.746144
1301,6,1,0.153346,0.288165,0.796532
1302,6,1,0.16725,0.426184,0.827539
1303,6,1,0.160336,0.401445,0.877927
1304,6,1,0.393309,0.734877,0.839167
1305,6,1,0.3693,0.715359,0.889555
1306,6,1,0.51924,0.811831,0.920563
1307,6,1,0.493716,0.799479,0.97095
1308,6,1,0.795003,0.809795,0.932191
1309,6,1,0.780537,0.820778,0.982578
1310,6,1,0.839664,0.598555,0.71126
1311,6,1,0.844766,0.622768,0.761648
1312,6,1,0.6307,0.284641,0.722888
1313,6,1,0.654011,0.305308,0.773276
1314,6,1,0.506284,0.200521,0.804284
1315,6,1,0.531775,0.214471,0.854671
1316,6,1,0.219463,0.179222,0.815911
1317,6,1,0.235426,0.169951,0.866299
1318,6,1,0.163515,0.249949,0.897307
1319,6,1,0.171308,0.232792,0.947694
1320,6,1,0.227386,0.553088,0.908935
1321,6,1,0.21215,0.527731,0.959322
1322,6,1,0.323499,0.672987,0.99033
1323,6,1,0.78785,0.472269,0.792656
1324,6,1,0.801551,0.497773,0.843043
1325,6,1,0.698049,0.349642,0.874051
1326,6,1,0.718541,0.373073,0.924439
1327,6,1,0.38104,0.155923,0.885679
1328,6,1,0.405345,0.161314,0.936066
1329,6,1,0.271495,0.156731,0.967074
1330,6,1,0.151972,0.353674,0.978702
1331,6,1,0.849434,0.669103,0.862423
1332,6,1,0.824061,0.548683,0.943818
1333,6,1,0.83275,0.573816,0.994206
1334,6,1,0.582112,0.246858,0.955446
1335,6,2,0.855512,0.738923,0.020875
1336,6,2,0.844407,0.770036,0.110618
1337,6,2,0.346343,0.70747,0.033695
1338,6,2,0.643827,0.860043,0.072157
1339,6,2,0.752459,0.851466,0.136259
1340,6,2,0.719269,0.859583,0.226003
1341,6,2,0.861434,0.704327,0.264464
1342,6,2,0.211385,0.545585,0.059336
1343,6,2,0.187059,0.501909,0.14908
1344,6,2,0.472738,0.79938,0.097798
1345,6,2,0.42937,0.772568,0.187541
1346,6,2,0.560027,0.839579,0.251644
1347,6,2,0.516503,0.821826,0.341387
1348,6,2,0.807364,0.820051,0.290105
1349,6,2,0.781967,0.838225,0.379849
1350,6,2,0.844407,0.770036,0.443952
1351,6,2,0.828279,0.79721,0.533695
1352,6,2,0.356173,0.139957,0.072157
1353,6,2,0.144488,0.261077,0.020875
1354,6,2,0.155593,0.229964,0.110618
1355,6,2,0.137915,0.333249,0.174721
1356,6,2,0.138566,0.295673,0.264464
1357,6,2,0.272246,0.630314,0.213182
1358,6,2,0.239919,0.588595,0.302926
1359,6,2,0.346343,0.70747,0.367028
1360,6,2,0.307894,0.670132,0.456772
1361,6,2,0.643827,0.860043,0.40549
1362,6,2,0.602676,0.85238,0.495234
1363,6,2,0.719269,0.859583,0.559336
1364,6,2,0.682881,0.862456,0.64908
1365,6,2,0.861434,0.704327,0.597798
1366,6,2,0.855512,0.738923,0.687541
1367,6,2,0.653657,0.29253,0.033695
1368,6,2,0.527262,0.20062,0.097798
1369,6,2,0.57063,0.227432,0.187541
1370,6,2,0.247541,0.148534,0.136259
1371,6,2,0.280731,0.140417,0.226003
1372,6,2,0.192636,0.179949,0.290105
1373,6,2,0.218033,0.161775,0.379849
1374,6,2,0.152386,0.415113,0.328567
1375,6,2,0.142545,0.373257,0.418311
1376,6,2,0.187059,0.501909,0.482413
1377,6,2,0.167297,0.458206,0.572157
1378,6,2,0.42937,0.772568,0.520875
1379,6,2,0.387033,0.741782,0.610618
1380,6,2,0.516503,0.821826,0.674721
1381,6,2,0.472738,0.79938,0.764464
1382,6,2,0.781967,0.838225,0.713182
1383,6,2,0.752459,0.851466,0.802926
1384,6,2,0.828279,0.79721,0.867028
1385,6,2,0.807364,0.820051,0.956772
1386,6,2,0.788615,0.454415,0.059336
1387,6,2,0.812941,0.498091,0.14908
1388,6,2,0.727754,0.369686,0.213182
1389,6,2,0.760081,0.411405,0.302926
1390,6,2,0.439973,0.160421,0.251644
1391,6,2,0.483497,0.178174,0.341387
1392,6,2,0.356173,0.139957,0.40549
1393,6,2,0.397324,0.14762,0.495234
1394,6,2,0.155593,0.229964,0.443952
1395,6,2,0.171721,0.20279,0.533695
1396,6,2,0.138566,0.295673,0.597798
1397,6,2,0.144488,0.261077,0.687541
1398,6,2,0.239919,0.588595,0.636259
1399,6,2,0.211385,0.545585,0.726003
1400,6,2,0.307894,0.670132,0.790105
1401,6,2,0.272246,0.630314,0.879849
1402,6,2,0.602676,0.85238,0.828567
1403,6,2,0.560027,0.839579,0.918311
1404,6,2,0.682881,0.862456,0.982413
1405,6,2,0.862085,0.666751,0.174721
1406,6,2,0.847614,0.584887,0.328567
1407,6,2,0.857455,0.626743,0.418311
1408,6,2,0.653657,0.29253,0.367028
1409,6,2,0.692106,0.329868,0.456772
1410,6,2,0.57063,0.227432,0.520875
1411,6,2,0.612967,0.258218,0.610618
1412,6,2,0.280731,0.140417,0.559336
1413,6,2,0.317119,0.137544,0.64908
1414,6,2,0.218033,0.161775,0.713182
1415,6,2,0.247541,0.148534,0.802926
1416,6,2,0.142545,0.373257,0.751644
1417,6,2,0.137915,0.333249,0.841387
1418,6,2,0.167297,0.458206,0.90549
1419,6,2,0.152386,0.415113,0.995234
1420,6,2,0.387033,0.741782,0.943952
1421,6,2,0.812941,0.498091,0.482413
1422,6,2,0.832703,0.541794,0.572157
1423,6,2,0.760081,0.411405,0.636259
1424,6,2,0.788615,0.454415,0.726003
1425,6,2,0.483497,0.178174,0.674721
1426,6,2,0.527262,0.20062,0.764464
1427,6,2,0.397324,0.14762,0.828567
1428,6,2,0.439973,0.160421,0.918311
1429,6,2,0.171721,0.20279,0.867028
1430,6,2,0.192636,0.179949,0.956772
1431,6,2,0.857455,0.626743,0.751644
1432,6,2,0.862085,0.666751,0.841387
1433,6,2,0.692106,0.329868,0.790105
1434,6,2,0.727754,0.369686,0.879849
1435,6,2,0.612967,0.258218,0.943952
1436,6,2,0.317119,0.137544,0.982413
1437,6,2,0.832703,0.541794,0.90549
1438,6,2,0.847614,0.584887,0.995234
1439,6,3,0.86871,0.744708,0.023871
1440,6,3,0.854205,0.784372,0.142919
1441,6,3,0.402951,0.765384,6.1e-05
1442,6,3,0.675401,0.874978,0.07149
1443,6,3,0.765384,0.862433,0.166728
1444,6,3,0.722882,0.87287,0.285776
1445,6,3,0.874978,0.699577,0.238157
1446,6,3,0.86871,0.744708,0.357204
1447,6,3,0.874978,0.699577,0.57149
1448,6,3,0.255292,0.624001,0.023871
1449,6,3,0.215628,0.569832,0.142919
1450,6,3,0.514103,0.831787,0.095299
1451,6,3,0.458059,0.801958,0.214347
1452,6,3,0.569832,0.854205,0.309585
1453,6,3,0.514103,0.831787,0.428633
1454,6,3,0.801958,0.8439,0.381014
1455,6,3,0.765384,0.862433,0.500061
1456,6,3,0.831787,0.817684,0.595299
1457,6,3,0.801958,0.8439,0.714347
1458,6,3,0.125022,0.300423,0.07149
1459,6,3,0.137567,0.402951,0.166728
1460,6,3,0.12713,0.350012,0.285776
1461,6,3,0.300423,0.675401,0.238157
1462,6,3,0.255292,0.624001,0.357204
1463,6,3,0.350012,0.722882,0.452442
1464,6,3,0.300423,0.675401,0.57149
1465,6,3,0.624001,0.86871,0.523871
1466,6,3,0.569832,0.854205,0.642919
1467,6,3,0.675401,0.874978,0.738157
1468,6,3,0.624001,0.86871,0.857204
1469,6,3,0.854205,0.784372,0.809585
1470,6,3,0.831787,0.817684,0.928633
1471,6,3,0.375999,0.13129,0.023871
1472,6,3,0.430168,0.145795,0.142919
1473,6,3,0.168213,0.182316,0.095299
1474,6,3,0.198042,0.1561,0.214347
1475,6,3,0.145795,0.215628,0.309585
1476,6,3,0.168213,0.182316,0.428633
1477,6,3,0.1561,0.458059,0.381014
1478,6,3,0.137567,0.402951,0.500061
1479,6,3,0.182316,0.514103,0.595299
1480,6,3,0.1561,0.458059,0.714347
1481,6,3,0.402951,0.765384,0.666728
1482,6,3,0.350012,0.722882,0.785776
1483,6,3,0.458059,0.801958,0.881014
1484,6,3,0.722882,0.87287,0.952442
1485,6,3,0.862433,0.597049,6.1e-05
1486,6,3,0.699577,0.324599,0.07149
1487,6,3,0.597049,0.234616,0.166728
1488,6,3,0.649988,0.277118,0.285776
1489,6,3,0.324599,0.125022,0.238157
1490,6,3,0.375999,0.13129,0.357204
1491,6,3,0.277118,0.12713,0.452442
1492,6,3,0.324599,0.125022,0.57149
1493,6,3,0.13129,0.255292,0.523871
1494,6,3,0.145795,0.215628,0.642919
1495,6,3,0.125022,0.300423,0.738157
1496,6,3,0.13129,0.255292,0.857204
1497,6,3,0.215628,0.569832,0.809585
1498,6,3,0.182316,0.514103,0.928633
1499,6,3,0.817684,0.485897,0.095299
1500,6,3,0.8439,0.541941,0.214347
1501,6,3,0.784372,0.430168,0.309585
1502,6,3,0.817684,0.485897,0.428633
1503,6,3,0.541941,0.198042,0.381014
1504,6,3,0.597049,0.234616,0.500061
1505,6,3,0.485897,0.168213,0.595299
1506,6,3,0.541941,0.198042,0.714347
1507,6,3,0.234616,0.137567,0.666728
1508,6,3,0.277118,0.12713,0.785776
1509,6,3,0.198042,0.1561,0.881014
1510,6,3,0.12713,0.350012,0.952442
1511,6,3,0.87287,0.649988,0.452442
1512,6,3,0.744708,0.375999,0.523871
1513,6,3,0.784372,0.430168,0.642919
1514,6,3,0.699577,0.324599,0.738157
1515,6,3,0.744708,0.375999,0.857204
1516,6,3,0.430168,0.145795,0.809585
1517,6,3,0.485897,0.168213,0.928633
1518,6,3,0.862433,0.597049,0.666728
1519,6,3,0.87287,0.649988,0.785776
1520,6,3,0.8439,0.541941,0.881014
1521,6,3,0.649988,0.277118,0.952442
1522,6,4,0.881428,0.749296,0.012101
1523,6,4,0.865092,0.794699,0.082276
1524,6,4,0.708566,0.886988,0.029645
1525,6,4,0.78232,0.870874,0.091048
1526,6,4,0.734811,0.88423,0.161224
1527,6,4,0.885711,0.723959,0.14368
1528,6,4,0.874539,0.77293,0.213855
1529,6,4,0.88736,0.697093,0.275259
1530,6,4,0.881428,0.749296,0.345434
1531,6,4,0.258969,0.642115,0.055961
1532,6,4,0.55987,0.861385,0.038417
1533,6,4,0.496059,0.833493,0.108592
1534,6,4,0.59127,0.871671,0.169996
1535,6,4,0.52806,0.848629,0.240171
1536,6,4,0.80326,0.860369,0.222627
1537,6,4,0.759452,0.878846,0.292803
1538,6,4,0.822129,0.847403,0.354206
1539,6,4,0.78232,0.870874,0.424382
1540,6,4,0.885711,0.723959,0.477013
1541,6,4,0.88736,0.697093,0.608592
1542,6,4,0.123526,0.390806,0.003329
1543,6,4,0.157452,0.485387,0.064733
1544,6,4,0.132349,0.421871,0.134908
1545,6,4,0.34079,0.726232,0.117364
1546,6,4,0.284835,0.671389,0.18754
1547,6,4,0.370497,0.751427,0.248943
1548,6,4,0.312171,0.699492,0.319119
1549,6,4,0.622048,0.879419,0.301575
1550,6,4,0.55987,0.861385,0.37175
1551,6,4,0.651991,0.884575,0.433154
1552,6,4,0.59127,0.871671,0.503329
1553,6,4,0.838797,0.832063,0.485785
1554,6,4,0.80326,0.860369,0.555961
1555,6,4,0.85315,0.814455,0.617364
1556,6,4,0.822129,0.847403,0.68754
1557,6,4,0.291434,0.113012,0.029645
1558,6,4,0.118572,0.250704,0.012101
1559,6,4,0.134908,0.205301,0.082276
1560,6,4,0.114289,0.276041,0.14368
1561,6,4,0.125461,0.22707,0.213855
1562,6,4,0.17356,0.517403,0.196311
1563,6,4,0.143683,0.45347,0.266487
1564,6,4,0.191898,0.549301,0.32789
1565,6,4,0.157452,0.485387,0.398066
1566,6,4,0.401088,0.774904,0.380522
1567,6,4,0.34079,0.726232,0.450697
1568,6,4,0.432355,0.796504,0.512101
1569,6,4,0.370497,0.751427,0.582276
1570,6,4,0.680897,0.887104,0.564733
1571,6,4,0.622048,0.879419,0.634908
1572,6,4,0.708566,0.886988,0.696311
1573,6,4,0.651991,0.884575,0.766487
1574,6,4,0.865092,0.794699,0.748943
1575,6,4,0.838797,0.832063,0.819119
1576,6,4,0.874539,0.77293,0.880522
1577,6,4,0.85315,0.814455,0.950697
1578,6,4,0.44013,0.138615,0.038417
1579,6,4,0.503941,0.166507,0.108592
1580,6,4,0.21768,0.129126,0.091048
1581,6,4,0.265189,0.11577,0.161224
1582,6,4,0.19674,0.139631,0.222627
1583,6,4,0.240548,0.121154,0.292803
1584,6,4,0.11264,0.302907,0.275259
1585,6,4,0.118572,0.250704,0.345434
1586,6,4,0.113638,0.33112,0.406838
1587,6,4,0.114289,0.276041,0.477013
1588,6,4,0.212341,0.580862,0.459469
1589,6,4,0.17356,0.517403,0.529645
1590,6,4,0.234749,0.611871,0.591048
1591,6,4,0.191898,0.549301,0.661224
1592,6,4,0.464084,0.816078,0.64368
1593,6,4,0.401088,0.774904,0.713855
1594,6,4,0.496059,0.833493,0.775259
1595,6,4,0.432355,0.796504,0.845434
1596,6,4,0.734811,0.88423,0.82789
1597,6,4,0.680897,0.887104,0.898066
1598,6,4,0.759452,0.878846,0.959469
1599,6,4,0.876474,0.609194,0.003329
1600,6,4,0.741031,0.357885,0.055961
1601,6,4,0.65921,0.273768,0.117364
1602,6,4,0.715165,0.328611,0.18754
1603,6,4,0.40873,0.128329,0.169996
1604,6,4,0.47194,0.151371,0.240171
1605,6,4,0.377952,0.120581,0.301575
1606,6,4,0.44013,0.138615,0.37175
1607,6,4,0.177871,0.152597,0.354206
1608,6,4,0.21768,0.129126,0.424382
1609,6,4,0.161203,0.167937,0.485785
1610,6,4,0.19674,0.139631,0.555961
1611,6,4,0.117275,0.360486,0.538417
1612,6,4,0.11264,0.302907,0.608592
1613,6,4,0.123526,0.390806,0.669996
1614,6,4,0.113638,0.33112,0.740171
1615,6,4,0.258969,0.642115,0.722627
1616,6,4,0.212341,0.580862,0.792803
1617,6,4,0.284835,0.671389,0.854206
1618,6,4,0.234749,0.611871,0.924382
1619,6,4,0.52806,0.848629,0.906838
1620,6,4,0.464084,0.816078,0.977013
1621,6,4,0.842548,0.514613,0.064733
1622,6,4,0.867651,0.578129,0.134908
1623,6,4,0.82644,0.482597,0.196311
1624,6,4,0.856317,0.54653,0.266487
1625,6,4,0.629503,0.248573,0.248943
1626,6,4,0.687829,0.300508,0.319119
1627,6,4,0.598912,0.225096,0.380522
1628,6,4,0.65921,0.273768,0.450697
1629,6,4,0.348009,0.115425,0.433154
1630,6,4,0.40873,0.128329,0.503329
1631,6,4,0.319103,0.112896,0.564733
1632,6,4,0.377952,0.120581,0.634908
1633,6,4,0.14685,0.185545,0.617364
1634,6,4,0.177871,0.152597,0.68754
1635,6,4,0.134908,0.205301,0.748943
1636,6,4,0.161203,0.167937,0.819119
1637,6,4,0.132349,0.421871,0.801575
1638,6,4,0.117275,0.360486,0.87175
1639,6,4,0.143683,0.45347,0.933154
1640,6,4,0.312171,0.699492,0.985785
1641,6,4,0.808102,0.450699,0.32789
1642,6,4,0.842548,0.514613,0.398066
1643,6,4,0.787659,0.419138,0.459469
1644,6,4,0.82644,0.482597,0.529645
1645,6,4,0.567645,0.203496,0.512101
1646,6,4,0.629503,0.248573,0.582276
1647,6,4,0.535916,0.183922,0.64368
1648,6,4,0.598912,0.225096,0.713855
1649,6,4,0.291434,0.113012,0.696311
1650,6,4,0.348009,0.115425,0.766487
1651,6,4,0.265189,0.11577,0.82789
1652,6,4,0.319103,0.112896,0.898066
1653,6,4,0.125461,0.22707,0.880522
1654,6,4,0.14685,0.185545,0.950697
1655,6,4,0.886362,0.66888,0.406838
1656,6,4,0.882725,0.639514,0.538417
1657,6,4,0.765251,0.388129,0.591048
1658,6,4,0.808102,0.450699,0.661224
1659,6,4,0.741031,0.357885,0.722627
1660,6,4,0.787659,0.419138,0.792803
1661,6,4,0.503941,0.166507,0.775259
1662,6,4,0.567645,0.203496,0.845434
1663,6,4,0.47194,0.151371,0.906838
1664,6,4,0.535916,0.183922,0.977013
1665,6,4,0.240548,0.121154,0.959469
1666,6,4,0.876474,0.609194,0.669996
1667,6,4,0.886362,0.66888,0.740171
1668,6,4,0.867651,0.578129,0.801575
1669,6,4,0.882725,0.639514,0.87175
1670,6,4,0.715165,0.328611,0.854206
1671,6,4,0.765251,0.388129,0.924382
1672,6,4,0.687829,0.300508,0.985785
1673,6,4,0.856317,0.54653,0.933154
1674,6,5,0.893338,0.752988,0.004598
1675,6,5,0.876323,0.802152,0.035733
1676,6,5,0.740461,0.895624,0.008261
1677,6,5,0.80072,0.877039,0.037565
1678,6,5,0.751294,0.893689,0.0687
1679,6,5,0.895348,0.742202,0.065037
1680,6,5,0.880642,0.792994,0.096173
1681,6,5,0.896887,0.731127,0.125477
1682,6,5,0.884507,0.783488,0.156612
1683,6,5,0.311732,0.710209,0.013755
1684,6,5,0.605451,0.885694,0.010092
1685,6,5,0.537846,0.862629,0.041228
1686,6,5,0.618659,0.888947,0.070532
1687,6,5,0.551522,0.868131,0.101667
1688,6,5,0.809575,0.872343,0.098004
1689,6,5,0.761827,0.891284,0.12914
1690,6,5,0.818062,0.867203,0.158444
1691,6,5,0.772048,0.888413,0.189579
1692,6,5,0.897954,0.719777,0.185916
1693,6,5,0.887914,0.773643,0.217052
1694,6,5,0.898545,0.708165,0.246356
1695,6,5,0.890859,0.763473,0.277491
1696,6,5,0.194875,0.569659,0.015587
1697,6,5,0.155337,0.5012,0.046722
1698,6,5,0.388031,0.775384,0.043059
1699,6,5,0.323974,0.721776,0.074195
1700,6,5,0.401304,0.78517,0.103499
1701,6,5,0.336426,0.733079,0.134634
1702,6,5,0.631725,0.891737,0.130971
1703,6,5,0.565137,0.873194,0.162107
1704,6,5,0.644635,0.89406,0.191411
1705,6,5,0.578674,0.877813,0.222546
1706,6,5,0.826169,0.861625,0.218883
1707,6,5,0.781945,0.885079,0.250019
1708,6,5,0.833888,0.855616,0.279323
1709,6,5,0.791506,0.881287,0.310458
1710,6,5,0.893338,0.752988,0.337931
1711,6,5,0.895348,0.742202,0.398371
1712,6,5,0.102046,0.280223,0.01925
1713,6,5,0.105614,0.353329,0.048554
1714,6,5,0.101455,0.291835,0.079689
1715,6,5,0.203914,0.583166,0.076026
1716,6,5,0.162458,0.51496,0.107162
1717,6,5,0.213305,0.596575,0.136466
1718,6,5,0.169982,0.528702,0.167601
1719,6,5,0.414696,0.794617,0.163938
1720,6,5,0.349073,0.744104,0.195074
1721,6,5,0.428189,0.803712,0.224378
1722,6,5,0.361899,0.754839,0.255513
1723,6,5,0.657372,0.895914,0.25185
1724,6,5,0.592117,0.881981,0.282986
1725,6,5,0.669921,0.897295,0.31229
1726,6,5,0.605451,0.885694,0.343425
1727,6,5,0.841208,0.849183,0.339762
1728,6,5,0.80072,0.877039,0.370898
1729,6,5,0.848123,0.842335,0.400202
1730,6,5,0.809575,0.872343,0.431338
1731,6,5,0.896887,0.731127,0.45881
1732,6,5,0.897954,0.719777,0.51925
1733,6,5,0.355365,0.10594,0.024744
1734,6,5,0.139302,0.172578,0.021081
1735,6,5,0.173831,0.138375,0.052217
1736,6,5,0.133655,0.180624,0.081521
1737,6,5,0.166112,0.144384,0.112656
1738,6,5,0.107862,0.366212,0.108993
1739,6,5,0.101338,0.303695,0.140129
1740,6,5,0.110578,0.379255,0.169433
1741,6,5,0.101696,0.315789,0.200568
1742,6,5,0.223038,0.609868,0.196905
1743,6,5,0.177899,0.54241,0.228041
1744,6,5,0.233102,0.623031,0.257345
1745,6,5,0.1862,0.556068,0.28848
1746,6,5,0.441767,0.812446,0.284817
1747,6,5,0.374891,0.765269,0.315953
1748,6,5,0.455415,0.820807,0.345257
1749,6,5,0.388031,0.775384,0.376393
1750,6,5,0.682268,0.898204,0.37273
1751,6,5,0.618659,0.888947,0.403865
1752,6,5,0.694398,0.898637,0.433169
1753,6,5,0.631725,0.891737,0.464305
1754,6,5,0.854622,0.835078,0.460642
1755,6,5,0.818062,0.867203,0.491777
1756,6,5,0.860698,0.827422,0.521081
1757,6,5,0.826169,0.861625,0.552217
1758,6,5,0.898545,0.708165,0.579689
1759,6,5,0.503388,0.156441,0.026576
1760,6,5,0.571811,0.196288,0.057711
1761,6,5,0.282051,0.101921,0.054048
1762,6,5,0.342628,0.104086,0.085184
1763,6,5,0.270658,0.102911,0.114488
1764,6,5,0.330079,0.102705,0.145623
1765,6,5,0.128445,0.189051,0.14196
1766,6,5,0.158792,0.150817,0.173096
1767,6,5,0.123677,0.197848,0.2024
1768,6,5,0.151877,0.157665,0.233535
1769,6,5,0.113758,0.392441,0.229872
1770,6,5,0.102529,0.328102,0.261008
1771,6,5,0.117398,0.405756,0.290312
1772,6,5,0.103835,0.340621,0.321447
1773,6,5,0.243483,0.636046,0.317784
1774,6,5,0.194875,0.569659,0.34892
1775,6,5,0.25417,0.6489,0.378224
1776,6,5,0.203914,0.583166,0.40936
1777,6,5,0.469116,0.828786,0.405697
1778,6,5,0.401304,0.78517,0.436832
1779,6,5,0.482854,0.836373,0.466136
1780,6,5,0.414696,0.794617,0.497272
1781,6,5,0.706297,0.898596,0.493609
1782,6,5,0.644635,0.89406,0.524744
1783,6,5,0.717949,0.898079,0.554048
1784,6,5,0.657372,0.895914,0.585184
1785,6,5,0.866345,0.819376,0.581521
1786,6,5,0.833888,0.855616,0.612656
1787,6,5,0.871555,0.810949,0.64196
1788,6,5,0.841208,0.849183,0.673096
1789,6,5,0.889422,0.620745,0.002766
1790,6,5,0.776962,0.390132,0.030239
1791,6,5,0.712064,0.313663,0.059543
1792,6,5,0.766898,0.376969,0.090678
1793,6,5,0.489625,0.149665,0.087015
1794,6,5,0.558233,0.187554,0.118151
1795,6,5,0.475875,0.143305,0.147455
1796,6,5,0.544585,0.179193,0.17859
1797,6,5,0.259539,0.104376,0.174927
1798,6,5,0.317732,0.101796,0.206063
1799,6,5,0.248706,0.106311,0.235367
1800,6,5,0.305602,0.101363,0.266502
1801,6,5,0.119358,0.207006,0.262839
1802,6,5,0.145378,0.164922,0.293975
1803,6,5,0.115493,0.216512,0.323279
1804,6,5,0.139302,0.172578,0.354414
1805,6,5,0.121495,0.419183,0.350751
1806,6,5,0.105614,0.353329,0.381887
1807,6,5,0.126042,0.432706,0.411191
1808,6,5,0.107862,0.366212,0.442327
1809,6,5,0.26515,0.661577,0.438664
1810,6,5,0.213305,0.596575,0.469799
1811,6,5,0.276409,0.67406,0.499103
1812,6,5,0.223038,0.609868,0.530239
1813,6,5,0.496612,0.843559,0.526576
1814,6,5,0.428189,0.803712,0.557711
1815,6,5,0.510375,0.850335,0.587015
1816,6,5,0.441767,0.812446,0.618151
1817,6,5,0.729342,0.897089,0.614488
1818,6,5,0.669921,0.897295,0.645623
1819,6,5,0.740461,0.895624,0.674927
1820,6,5,0.682268,0.898204,0.706063
1821,6,5,0.876323,0.802152,0.7024
1822,6,5,0.848123,0.842335,0.733535
1823,6,5,0.880642,0.792994,0.762839
1824,6,5,0.854622,0.835078,0.793975
1825,6,5,0.863532,0.540023,0.03207
1826,6,5,0.886242,0.607559,0.063206
1827,6,5,0.857666,0.526308,0.09251
1828,6,5,0.882602,0.594244,0.123645
1829,6,5,0.700285,0.301609,0.119982
1830,6,5,0.756517,0.363954,0.151118
1831,6,5,0.688268,0.289791,0.180422
1832,6,5,0.74583,0.3511,0.211557
1833,6,5,0.462154,0.137371,0.207894
1834,6,5,0.530884,0.171214,0.23903
1835,6,5,0.448478,0.131869,0.268334
1836,6,5,0.517146,0.163627,0.299469
1837,6,5,0.238173,0.108716,0.295806
1838,6,5,0.293703,0.101404,0.326942
1839,6,5,0.227952,0.111587,0.356246
1840,6,5,0.282051,0.101921,0.387382
1841,6,5,0.112086,0.226357,0.383719
1842,6,5,0.133655,0.180624,0.414854
1843,6,5,0.109141,0.236527,0.444158
1844,6,5,0.128445,0.189051,0.475294
1845,6,5,0.131035,0.44631,0.471631
1846,6,5,0.110578,0.379255,0.502766
1847,6,5,0.136468,0.459977,0.53207
1848,6,5,0.113758,0.392441,0.563206
1849,6,5,0.287936,0.686337,0.559543
1850,6,5,0.233102,0.623031,0.590678
1851,6,5,0.299715,0.698391,0.619982
1852,6,5,0.243483,0.636046,0.651118
1853,6,5,0.524125,0.856695,0.647455
1854,6,5,0.455415,0.820807,0.67859
1855,6,5,0.537846,0.862629,0.707894
1856,6,5,0.469116,0.828786,0.73903
1857,6,5,0.751294,0.893689,0.735367
1858,6,5,0.694398,0.898637,0.766502
1859,6,5,0.761827,0.891284,0.795806
1860,6,5,0.706297,0.898596,0.826942
1861,6,5,0.884507,0.783488,0.823279
1862,6,5,0.860698,0.827422,0.854414
1863,6,5,0.887914,0.773643,0.883719
1864,6,5,0.866345,0.819376,0.914854
1865,6,5,0.851374,0.512561,0.152949
1866,6,5,0.878505,0.580817,0.184085
1867,6,5,0.844663,0.4988,0.213389
1868,6,5,0.873958,0.567294,0.244524
1869,6,5,0.676026,0.278224,0.240861
1870,6,5,0.73485,0.338423,0.271997
1871,6,5,0.663574,0.266921,0.301301
1872,6,5,0.723591,0.32594,0.332436
1873,6,5,0.434863,0.126806,0.328773
1874,6,5,0.503388,0.156441,0.359909
1875,6,5,0.421326,0.122187,0.389213
1876,6,5,0.489625,0.149665,0.420349
1877,6,5,0.218055,0.114921,0.416686
1878,6,5,0.270658,0.102911,0.447821
1879,6,5,0.208494,0.118713,0.477125
1880,6,5,0.259539,0.104376,0.508261
1881,6,5,0.106662,0.247012,0.504598
1882,6,5,0.123677,0.197848,0.535733
1883,6,5,0.104652,0.257798,0.565037
1884,6,5,0.119358,0.207006,0.596173
1885,6,5,0.142334,0.473692,0.59251
1886,6,5,0.117398,0.405756,0.623645
1887,6,5,0.148626,0.487439,0.652949
1888,6,5,0.121495,0.419183,0.684085
1889,6,5,0.311732,0.710209,0.680422
1890,6,5,0.25417,0.6489,0.711557
1891,6,5,0.323974,0.721776,0.740861
1892,6,5,0.26515,0.661577,0.771997
1893,6,5,0.551522,0.868131,0.768334
1894,6,5,0.482854,0.836373,0.799469
1895,6,5,0.565137,0.873194,0.828773
1896,6,5,0.496612,0.843559,0.859909
1897,6,5,0.772048,0.888413,0.856246
1898,6,5,0.717949,0.898079,0.887382
1899,6,5,0.781945,0.885079,0.916686
1900,6,5,0.729342,0.897089,0.947821
1901,6,5,0.890859,0.763473,0.944158
1902,6,5,0.871555,0.810949,0.975294
1903,6,5,0.837542,0.48504,0.273828
1904,6,5,0.868965,0.55369,0.304964
1905,6,5,0.830018,0.471298,0.334268
1906,6,5,0.863532,0.540023,0.365403
1907,6,5,0.650927,0.255896,0.36174
1908,6,5,0.712064,0.313663,0.392876
1909,6,5,0.638101,0.245161,0.42218
1910,6,5,0.700285,0.301609,0.453316
1911,6,5,0.407883,0.118019,0.449653
1912,6,5,0.475875,0.143305,0.480788
1913,6,5,0.394549,0.114306,0.510092
1914,6,5,0.462154,0.137371,0.541228
1915,6,5,0.19928,0.122961,0.537565
1916,6,5,0.248706,0.106311,0.5687
1917,6,5,0.190425,0.127657,0.598004
1918,6,5,0.238173,0.108716,0.62914
1919,6,5,0.103113,0.268873,0.625477
1920,6,5,0.115493,0.216512,0.656612
1921,6,5,0.102046,0.280223,0.685916
1922,6,5,0.112086,0.226357,0.717052
1923,6,5,0.155337,0.5012,0.713389
1924,6,5,0.126042,0.432706,0.744524
1925,6,5,0.162458,0.51496,0.773828
1926,6,5,0.131035,0.44631,0.804964
1927,6,5,0.336426,0.733079,0.801301
1928,6,5,0.276409,0.67406,0.832436
1929,6,5,0.349073,0.744104,0.86174
1930,6,5,0.287936,0.686337,0.892876
1931,6,5,0.578674,0.877813,0.889213
1932,6,5,0.510375,0.850335,0.920349
1933,6,5,0.592117,0.881981,0.949653
1934,6,5,0.524125,0.856695,0.980788
1935,6,5,0.791506,0.881287,0.977125
1936,6,5,0.898662,0.696305,0.306795
1937,6,5,0.898304,0.684211,0.367235
1938,6,5,0.822101,0.45759,0.394708
1939,6,5,0.857666,0.526308,0.425843
1940,6,5,0.8138,0.443932,0.455147
1941,6,5,0.851374,0.512561,0.486283
1942,6,5,0.625109,0.234731,0.48262
1943,6,5,0.688268,0.289791,0.513755
1944,6,5,0.611969,0.224616,0.543059
1945,6,5,0.676026,0.278224,0.574195
1946,6,5,0.381341,0.111053,0.570532
1947,6,5,0.448478,0.131869,0.601667
1948,6,5,0.368275,0.108263,0.630971
1949,6,5,0.434863,0.126806,0.662107
1950,6,5,0.181938,0.132797,0.658444
1951,6,5,0.227952,0.111587,0.689579
1952,6,5,0.173831,0.138375,0.718883
1953,6,5,0.218055,0.114921,0.750019
1954,6,5,0.101455,0.291835,0.746356
1955,6,5,0.109141,0.236527,0.777491
1956,6,5,0.101338,0.303695,0.806795
1957,6,5,0.106662,0.247012,0.837931
1958,6,5,0.169982,0.528702,0.834268
1959,6,5,0.136468,0.459977,0.865403
1960,6,5,0.177899,0.54241,0.894708
1961,6,5,0.142334,0.473692,0.925843
1962,6,5,0.361899,0.754839,0.92218
1963,6,5,0.299715,0.698391,0.953316
1964,6,5,0.374891,0.765269,0.98262
1965,6,5,0.897471,0.671898,0.427675
1966,6,5,0.896165,0.659379,0.488114
1967,6,5,0.805125,0.430341,0.515587
1968,6,5,0.844663,0.4988,0.546722
1969,6,5,0.796086,0.416834,0.576026
1970,6,5,0.837542,0.48504,0.607162
1971,6,5,0.598696,0.21483,0.603499
1972,6,5,0.663574,0.266921,0.634634
1973,6,5,0.585304,0.205383,0.663938
1974,6,5,0.650927,0.255896,0.695074
1975,6,5,0.355365,0.10594,0.691411
1976,6,5,0.421326,0.122187,0.722546
1977,6,5,0.342628,0.104086,0.75185
1978,6,5,0.407883,0.118019,0.782986
1979,6,5,0.166112,0.144384,0.779323
1980,6,5,0.208494,0.118713,0.810458
1981,6,5,0.158792,0.150817,0.839762
1982,6,5,0.19928,0.122961,0.870898
1983,6,5,0.101696,0.315789,0.867235
1984,6,5,0.104652,0.257798,0.898371
1985,6,5,0.102529,0.328102,0.927675
1986,6,5,0.103113,0.268873,0.95881
1987,6,5,0.1862,0.556068,0.955147
1988,6,5,0.148626,0.487439,0.986283
1989,6,5,0.894386,0.646671,0.548554
1990,6,5,0.892138,0.633788,0.608993
1991,6,5,0.898662,0.696305,0.640129
1992,6,5,0.786695,0.403425,0.636466
1993,6,5,0.830018,0.471298,0.667601
1994,6,5,0.776962,0.390132,0.696905
1995,6,5,0.822101,0.45759,0.728041
1996,6,5,0.571811,0.196288,0.724378
1997,6,5,0.638101,0.245161,0.755513
1998,6,5,0.558233,0.187554,0.784817
1999,6,5,0.625109,0.234731,0.815953
2000,6,5,0.330079,0.102705,0.81229
2001,6,5,0.394549,0.114306,0.843425
2002,6,5,0.317732,0.101796,0.87273
2003,6,5,0.381341,0.111053,0.903865
2004,6,5,0.151877,0.157665,0.900202
2005,6,5,0.190425,0.127657,0.931338
2006,6,5,0.145378,0.164922,0.960642
2007,6,5,0.181938,0.132797,0.991777
2008,6,5,0.103835,0.340621,0.988114
2009,6,5,0.889422,0.620745,0.669433
2010,6,5,0.898304,0.684211,0.700568
2011,6,5,0.886242,0.607559,0.729872
2012,6,5,0.897471,0.671898,0.761008
2013,6,5,0.766898,0.376969,0.757345
2014,6,5,0.8138,0.443932,0.78848
2015,6,5,0.756517,0.363954,0.817784
2016,6,5,0.805125,0.430341,0.84892
2017,6,5,0.544585,0.179193,0.845257
2018,6,5,0.611969,0.224616,0.876393
2019,6,5,0.530884,0.171214,0.905697
2020,6,5,0.598696,0.21483,0.936832
2021,6,5,0.305602,0.101363,0.933169
2022,6,5,0.368275,0.108263,0.964305
2023,6,5,0.293703,0.101404,0.993609
2024,6,5,0.882602,0.594244,0.790312
2025,6,5,0.896165,0.659379,0.821447
2026,6,5,0.878505,0.580817,0.850751
2027,6,5,0.894386,0.646671,0.881887
2028,6,5,0.74583,0.3511,0.878224
2029,6,5,0.796086,0.416834,0.90936
2030,6,5,0.73485,0.338423,0.938664
2031,6,5,0.786695,0.403425,0.969799
2032,6,5,0.517146,0.163627,0.966136
2033,6,5,0.585304,0.205383,0.997272
2034,6,5,0.873958,0.567294,0.911191
2035,6,5,0.892138,0.633788,0.942327
2036,6,5,0.868965,0.55369,0.971631
2037,6,5,0.723591,0.32594,0.999103
2038,7,1,0.730477,0.864374,0.010358
2039,7,1,0.867749,0.70576,0.01913
2040,7,1,0.444447,0.787808,0.001586
2041,7,1,0.58566,0.853322,0.027902
2042,7,1,0.565779,0.846997,0.071761
2043,7,1,0.821791,0.816608,0.036674
2044,7,1,0.811398,0.826526,0.080533
2045,7,1,0.862737,0.738156,0.106849
2046,7,1,0.858574,0.753294,0.150709
2047,7,1,0.135626,0.366103,0.010358
2048,7,1,0.133107,0.347387,0.054217
2049,7,1,0.29424,0.661989,0.01913
2050,7,1,0.277704,0.643503,0.062989
2051,7,1,0.404696,0.760725,0.089305
2052,7,1,0.385225,0.745974,0.133165
2053,7,1,0.697431,0.868297,0.098077
2054,7,1,0.679983,0.868583,0.141937
2055,7,1,0.787808,0.843361,0.168252
2056,7,1,0.774684,0.850227,0.212112
2057,7,1,0.494816,0.178209,0.036674
2058,7,1,0.212192,0.156639,0.001586
2059,7,1,0.225316,0.149773,0.045445
2060,7,1,0.153003,0.218783,0.071761
2061,7,1,0.160382,0.206081,0.115621
2062,7,1,0.173474,0.484872,0.080533
2063,7,1,0.164547,0.464605,0.124393
2064,7,1,0.246706,0.60528,0.150709
2065,7,1,0.232338,0.58566,0.194568
2066,7,1,0.52548,0.831207,0.159481
2067,7,1,0.505184,0.821791,0.20334
2068,7,1,0.643503,0.865798,0.229656
2069,7,1,0.62458,0.862737,0.273516
2070,7,1,0.846997,0.781217,0.238428
2071,7,1,0.839618,0.793919,0.282288
2072,7,1,0.868583,0.688599,0.308603
2073,7,1,0.867749,0.70576,0.352463
2074,7,1,0.767662,0.41434,0.027902
2075,7,1,0.652613,0.28572,0.054217
2076,7,1,0.670866,0.302569,0.098077
2077,7,1,0.356497,0.134202,0.062989
2078,7,1,0.37542,0.137263,0.106849
2079,7,1,0.254026,0.139251,0.133165
2080,7,1,0.269523,0.135626,0.177024
2081,7,1,0.131417,0.311401,0.141937
2082,7,1,0.132251,0.29424,0.185796
2083,7,1,0.149773,0.424457,0.212112
2084,7,1,0.143971,0.404696,0.255972
2085,7,1,0.347387,0.71428,0.220884
2086,7,1,0.329134,0.697431,0.264744
2087,7,1,0.464605,0.800059,0.291059
2088,7,1,0.444447,0.787808,0.334919
2089,7,1,0.745974,0.860749,0.299831
2090,7,1,0.730477,0.864374,0.343691
2091,7,1,0.821791,0.816608,0.370007
2092,7,1,0.811398,0.826526,0.413866
2093,7,1,0.850227,0.575543,0.045445
2094,7,1,0.856029,0.595304,0.089305
2095,7,1,0.793919,0.454301,0.115621
2096,7,1,0.805727,0.47452,0.159481
2097,7,1,0.535395,0.199941,0.124393
2098,7,1,0.555553,0.212192,0.168252
2099,7,1,0.41434,0.146678,0.194568
2100,7,1,0.434221,0.153003,0.238428
2101,7,1,0.178209,0.183392,0.20334
2102,7,1,0.188602,0.173474,0.2472
2103,7,1,0.137263,0.261844,0.273516
2104,7,1,0.141426,0.246706,0.317375
2105,7,1,0.206081,0.545699,0.282288
2106,7,1,0.194273,0.52548,0.326147
2107,7,1,0.29424,0.661989,0.352463
2108,7,1,0.277704,0.643503,0.396323
2109,7,1,0.58566,0.853322,0.361235
2110,7,1,0.565779,0.846997,0.405095
2111,7,1,0.697431,0.868297,0.43141
2112,7,1,0.679983,0.868583,0.47527
2113,7,1,0.862737,0.738156,0.440182
2114,7,1,0.858574,0.753294,0.484042
2115,7,1,0.864374,0.633897,0.177024
2116,7,1,0.866893,0.652613,0.220884
2117,7,1,0.70576,0.338011,0.185796
2118,7,1,0.722296,0.356497,0.229656
2119,7,1,0.595304,0.239275,0.255972
2120,7,1,0.614775,0.254026,0.299831
2121,7,1,0.302569,0.131703,0.264744
2122,7,1,0.320017,0.131417,0.308603
2123,7,1,0.212192,0.156639,0.334919
2124,7,1,0.225316,0.149773,0.378779
2125,7,1,0.135626,0.366103,0.343691
2126,7,1,0.133107,0.347387,0.387551
2127,7,1,0.173474,0.484872,0.413866
2128,7,1,0.164547,0.464605,0.457726
2129,7,1,0.404696,0.760725,0.422638
2130,7,1,0.385225,0.745974,0.466498
2131,7,1,0.52548,0.831207,0.492814
2132,7,1,0.505184,0.821791,0.536674
2133,7,1,0.787808,0.843361,0.501586
2134,7,1,0.774684,0.850227,0.545445
2135,7,1,0.846997,0.781217,0.571761
2136,7,1,0.839618,0.793919,0.615621
2137,7,1,0.826526,0.515128,0.2472
2138,7,1,0.835453,0.535395,0.291059
2139,7,1,0.753294,0.39472,0.317375
2140,7,1,0.767662,0.41434,0.361235
2141,7,1,0.47452,0.168793,0.326147
2142,7,1,0.494816,0.178209,0.370007
2143,7,1,0.356497,0.134202,0.396323
2144,7,1,0.37542,0.137263,0.440182
2145,7,1,0.153003,0.218783,0.405095
2146,7,1,0.160382,0.206081,0.448954
2147,7,1,0.131417,0.311401,0.47527
2148,7,1,0.132251,0.29424,0.51913
2149,7,1,0.246706,0.60528,0.484042
2150,7,1,0.232338,0.58566,0.527902
2151,7,1,0.347387,0.71428,0.554217
2152,7,1,0.329134,0.697431,0.598077
2153,7,1,0.643503,0.865798,0.562989
2154,7,1,0.62458,0.862737,0.606849
2155,7,1,0.745974,0.860749,0.633165
2156,7,1,0.730477,0.864374,0.677024
2157,7,1,0.868583,0.688599,0.641937
2158,7,1,0.867749,0.70576,0.685796
2159,7,1,0.850227,0.575543,0.378779
2160,7,1,0.856029,0.595304,0.422638
2161,7,1,0.652613,0.28572,0.387551
2162,7,1,0.670866,0.302569,0.43141
2163,7,1,0.535395,0.199941,0.457726
2164,7,1,0.555553,0.212192,0.501586
2165,7,1,0.254026,0.139251,0.466498
2166,7,1,0.269523,0.135626,0.510358
2167,7,1,0.178209,0.183392,0.536674
2168,7,1,0.188602,0.173474,0.580533
2169,7,1,0.149773,0.424457,0.545445
2170,7,1,0.143971,0.404696,0.589305
2171,7,1,0.206081,0.545699,0.615621
2172,7,1,0.194273,0.52548,0.659481
2173,7,1,0.464605,0.800059,0.624393
2174,7,1,0.444447,0.787808,0.668252
2175,7,1,0.58566,0.853322,0.694568
2176,7,1,0.565779,0.846997,0.738428
2177,7,1,0.821791,0.816608,0.70334
2178,7,1,0.811398,0.826526,0.7472
2179,7,1,0.862737,0.738156,0.773516
2180,7,1,0.858574,0.753294,0.817375
2181,7,1,0.793919,0.454301,0.448954
2182,7,1,0.805727,0.47452,0.492814
2183,7,1,0.70576,0.338011,0.51913
2184,7,1,0.722296,0.356497,0.562989
2185,7,1,0.41434,0.146678,0.527902
2186,7,1,0.434221,0.153003,0.571761
2187,7,1,0.302569,0.131703,0.598077
2188,7,1,0.320017,0.131417,0.641937
2189,7,1,0.137263,0.261844,0.606849
2190,7,1,0.141426,0.246706,0.650709
2191,7,1,0.135626,0.366103,0.677024
2192,7,1,0.133107,0.347387,0.720884
2193,7,1,0.29424,0.661989,0.685796
2194,7,1,0.277704,0.643503,0.729656
2195,7,1,0.404696,0.760725,0.755972
2196,7,1,0.385225,0.745974,0.799831
2197,7,1,0.697431,0.868297,0.764744
2198,7,1,0.679983,0.868583,0.808603
2199,7,1,0.787808,0.843361,0.834919
2200,7,1,0.774684,0.850227,0.878779
2201,7,1,0.864374,0.633897,0.510358
2202,7,1,0.866893,0.652613,0.554217
2203,7,1,0.826526,0.515128,0.580533
2204,7,1,0.835453,0.535395,0.624393
2205,7,1,0.595304,0.239275,0.589305
2206,7,1,0.614775,0.254026,0.633165
2207,7,1,0.47452,0.168793,0.659481
2208,7,1,0.494816,0.178209,0.70334
2209,7,1,0.212192,0.156639,0.668252
2210,7,1,0.225316,0.149773,0.712112
2211,7,1,0.153003,0.218783,0.738428
2212,7,1,0.160382,0.206081,0.782288
2213,7,1,0.173474,0.484872,0.7472
2214,7,1,0.164547,0.464605,0.791059
2215,7,1,0.246706,0.60528,0.817375
2216,7,1,0.232338,0.58566,0.861235
2217,7,1,0.52548,0.831207,0.826147
2218,7,1,0.505184,0.821791,0.870007
2219,7,1,0.643503,0.865798,0.896323
2220,7,1,0.62458,0.862737,0.940182
2221,7,1,0.846997,0.781217,0.905095
2222,7,1,0.839618,0.793919,0.948954
2223,7,1,0.868583,0.688599,0.97527
2224,7,1,0.753294,0.39472,0.650709
2225,7,1,0.767662,0.41434,0.694568
2226,7,1,0.652613,0.28572,0.720884
2227,7,1,0.670866,0.302569,0.764744
2228,7,1,0.356497,0.134202,0.729656
2229,7,1,0.37542,0.137263,0.773516
2230,7,1,0.254026,0.139251,0.799831
2231,7,1,0.269523,0.135626,0.843691
2232,7,1,0.131417,0.311401,0.808603
2233,7,1,0.132251,0.29424,0.852463
2234,7,1,0.149773,0.424457,0.878779
2235,7,1,0.143971,0.404696,0.922638
2236,7,1,0.347387,0.71428,0.887551
2237,7,1,0.329134,0.697431,0.93141
2238,7,1,0.464605,0.800059,0.957726
2239,7,1,0.745974,0.860749,0.966498
2240,7,1,0.850227,0.575543,0.712112
2241,7,1,0.856029,0.595304,0.755972
2242,7,1,0.793919,0.454301,0.782288
2243,7,1,0.805727,0.47452,0.826147
2244,7,1,0.535395,0.199941,0.791059
2245,7,1,0.555553,0.212192,0.834919
2246,7,1,0.41434,0.146678,0.861235
2247,7,1,0.434221,0.153003,0.905095
2248,7,1,0.178209,0.183392,0.870007
2249,7,1,0.188602,0.173474,0.913866
2250,7,1,0.137263,0.261844,0.940182
2251,7,1,0.141426,0.246706,0.984042
2252,7,1,0.206081,0.545699,0.948954
2253,7,1,0.194273,0.52548,0.992814
2254,7,1,0.864374,0.633897,0.843691
2255,7,1,0.866893,0.652613,0.887551
2256,7,1,0.70576,0.338011,0.852463
2257,7,1,0.722296,0.356497,0.896323
2258,7,1,0.595304,0.239275,0.922638
2259,7,1,0.614775,0.254026,0.966498
2260,7,1,0.302569,0.131703,0.93141
2261,7,1,0.320017,0.131417,0.97527
2262,7,1,0.826526,0.515128,0.913866
2263,7,1,0.835453,0.535395,0.957726
2264,7,1,0.753294,0.39472,0.984042
2265,7,1,0.47452,0.168793,0.992814
2266,7,2,0.755382,0.870518,0.002064
2267,7,2,0.877993,0.715839,0.016989
2268,7,2,0.618131,0.871177,0.014501
2269,7,2,0.583864,0.862252,0.054302
2270,7,2,0.832137,0.824636,0.029427
2271,7,2,0.813532,0.841572,0.069228
2272,7,2,0.865585,0.770202,0.096591
2273,7,2,0.854527,0.793937,0.136392
2274,7,2,0.136934,0.413427,0.024452
2275,7,2,0.309166,0.688426,0.039377
2276,7,2,0.42501,0.784471,0.06674
2277,7,2,0.390526,0.759733,0.106541
2278,7,2,0.698621,0.879118,0.081665
2279,7,2,0.667493,0.878432,0.121466
2280,7,2,0.768244,0.866315,0.14883
2281,7,2,0.741958,0.873906,0.188631
2282,7,2,0.879031,0.700984,0.163755
2283,7,2,0.876125,0.730219,0.203556
2284,7,2,0.159646,0.184912,0.009526
2285,7,2,0.123875,0.269781,0.036889
2286,7,2,0.130086,0.24257,0.07669
2287,7,2,0.191664,0.537081,0.051815
2288,7,2,0.172339,0.501574,0.091616
2289,7,2,0.2514,0.623749,0.118979
2290,7,2,0.225671,0.589634,0.15878
2291,7,2,0.513426,0.834958,0.133904
2292,7,2,0.477875,0.816829,0.173705
2293,7,2,0.601108,0.867118,0.201068
2294,7,2,0.566435,0.85659,0.240869
2295,7,2,0.82319,0.83347,0.215994
2296,7,2,0.803185,0.848922,0.255795
2297,7,2,0.860452,0.78238,0.283158
2298,7,2,0.847823,0.804847,0.322959
2299,7,2,0.522125,0.183171,0.007039
2300,7,2,0.557482,0.204085,0.04684
2301,7,2,0.258042,0.126094,0.021964
2302,7,2,0.286453,0.121789,0.061765
2303,7,2,0.196815,0.151078,0.089128
2304,7,2,0.219484,0.138692,0.128929
2305,7,2,0.122856,0.346095,0.104054
2306,7,2,0.120765,0.314312,0.143855
2307,7,2,0.142473,0.430829,0.171218
2308,7,2,0.132194,0.396214,0.211019
2309,7,2,0.324739,0.703646,0.186143
2310,7,2,0.294013,0.672791,0.225944
2311,7,2,0.407666,0.772401,0.253307
2312,7,2,0.373626,0.746493,0.293108
2313,7,2,0.683258,0.879191,0.268233
2314,7,2,0.65136,0.87684,0.308034
2315,7,2,0.755382,0.870518,0.335397
2316,7,2,0.728003,0.876472,0.375198
2317,7,2,0.877993,0.715839,0.350322
2318,7,2,0.87343,0.744093,0.390123
2319,7,2,0.797646,0.445268,0.031914
2320,7,2,0.705987,0.327209,0.059277
2321,7,2,0.734901,0.359583,0.099078
2322,7,2,0.433565,0.14341,0.074203
2323,7,2,0.468823,0.157072,0.114004
2324,7,2,0.34864,0.12316,0.141367
2325,7,2,0.381869,0.128823,0.181168
2326,7,2,0.152177,0.195153,0.156292
2327,7,2,0.167863,0.175364,0.196093
2328,7,2,0.12657,0.255907,0.223457
2329,7,2,0.134415,0.229798,0.263258
2330,7,2,0.181651,0.519349,0.238382
2331,7,2,0.163747,0.483795,0.278183
2332,7,2,0.238248,0.606809,0.305546
2333,7,2,0.213698,0.572263,0.345347
2334,7,2,0.495646,0.826252,0.320471
2335,7,2,0.460153,0.806709,0.360272
2336,7,2,0.583864,0.862252,0.387636
2337,7,2,0.54886,0.850143,0.427437
2338,7,2,0.813532,0.841572,0.402561
2339,7,2,0.792172,0.855506,0.442362
2340,7,2,0.854527,0.793937,0.469725
2341,7,2,0.840354,0.815088,0.509526
2342,7,2,0.867806,0.603786,0.044352
2343,7,2,0.874853,0.637489,0.084153
2344,7,2,0.836253,0.516205,0.111516
2345,7,2,0.851203,0.551616,0.151317
2346,7,2,0.626374,0.253507,0.126442
2347,7,2,0.659304,0.281581,0.166243
2348,7,2,0.539847,0.193291,0.193606
2349,7,2,0.57499,0.215529,0.233407
2350,7,2,0.271997,0.123528,0.208531
2351,7,2,0.301379,0.120882,0.248332
2352,7,2,0.207828,0.144494,0.275695
2353,7,2,0.231756,0.133685,0.315496
2354,7,2,0.121395,0.330017,0.290621
2355,7,2,0.120969,0.299016,0.330422
2356,7,2,0.136934,0.413427,0.357785
2357,7,2,0.128262,0.37923,0.397586
2358,7,2,0.309166,0.688426,0.37271
2359,7,2,0.279313,0.656776,0.412511
2360,7,2,0.390526,0.759733,0.439874
2361,7,2,0.357004,0.732712,0.479675
2362,7,2,0.667493,0.878432,0.4548
2363,7,2,0.634894,0.87442,0.494601
2364,7,2,0.741958,0.873906,0.521964
2365,7,2,0.713547,0.878211,0.561765
2366,7,2,0.876125,0.730219,0.536889
2367,7,2,0.869914,0.75743,0.57669
2368,7,2,0.786302,0.427737,0.17868
2369,7,2,0.808336,0.462919,0.218481
2370,7,2,0.720687,0.343224,0.245845
2371,7,2,0.7486,0.376251,0.285646
2372,7,2,0.45114,0.149857,0.26077
2373,7,2,0.486574,0.165042,0.300571
2374,7,2,0.365106,0.12558,0.327934
2375,7,2,0.398892,0.132882,0.367735
2376,7,2,0.159646,0.184912,0.34286
2377,7,2,0.17681,0.16653,0.382661
2378,7,2,0.130086,0.24257,0.410024
2379,7,2,0.139548,0.21762,0.449825
2380,7,2,0.172339,0.501574,0.424949
2381,7,2,0.155894,0.466052,0.46475
2382,7,2,0.225671,0.589634,0.492113
2383,7,2,0.202354,0.554732,0.531914
2384,7,2,0.477875,0.816829,0.507039
2385,7,2,0.442518,0.795915,0.54684
2386,7,2,0.566435,0.85659,0.574203
2387,7,2,0.531177,0.842928,0.614004
2388,7,2,0.803185,0.848922,0.589128
2389,7,2,0.780516,0.861308,0.628929
2390,7,2,0.847823,0.804847,0.656292
2391,7,2,0.832137,0.824636,0.696093
2392,7,2,0.871738,0.62077,0.230919
2393,7,2,0.877144,0.653905,0.27072
2394,7,2,0.844106,0.533948,0.298083
2395,7,2,0.857527,0.569171,0.337884
2396,7,2,0.642996,0.267288,0.313009
2397,7,2,0.675261,0.296354,0.35281
2398,7,2,0.557482,0.204085,0.380173
2399,7,2,0.592334,0.227599,0.419974
2400,7,2,0.286453,0.121789,0.395098
2401,7,2,0.316742,0.120809,0.434899
2402,7,2,0.219484,0.138692,0.462263
2403,7,2,0.244618,0.129482,0.502064
2404,7,2,0.120765,0.314312,0.477188
2405,7,2,0.122007,0.284161,0.516989
2406,7,2,0.132194,0.396214,0.544352
2407,7,2,0.125147,0.362511,0.584153
2408,7,2,0.294013,0.672791,0.559277
2409,7,2,0.265099,0.640417,0.599078
2410,7,2,0.373626,0.746493,0.626442
2411,7,2,0.340696,0.718419,0.666243
2412,7,2,0.65136,0.87684,0.641367
2413,7,2,0.618131,0.871177,0.681168
2414,7,2,0.728003,0.876472,0.708531
2415,7,2,0.698621,0.879118,0.748332
2416,7,2,0.87343,0.744093,0.723457
2417,7,2,0.865585,0.770202,0.763258
2418,7,2,0.879031,0.700984,0.830422
2419,7,2,0.797646,0.445268,0.365248
2420,7,2,0.818349,0.480651,0.405049
2421,7,2,0.734901,0.359583,0.432412
2422,7,2,0.761752,0.393191,0.472213
2423,7,2,0.468823,0.157072,0.447337
2424,7,2,0.504354,0.173748,0.487138
2425,7,2,0.381869,0.128823,0.514501
2426,7,2,0.416136,0.137748,0.554302
2427,7,2,0.167863,0.175364,0.529427
2428,7,2,0.186468,0.158428,0.569228
2429,7,2,0.134415,0.229798,0.596591
2430,7,2,0.145473,0.206063,0.636392
2431,7,2,0.163747,0.483795,0.611516
2432,7,2,0.148797,0.448384,0.651317
2433,7,2,0.213698,0.572263,0.67868
2434,7,2,0.191664,0.537081,0.718481
2435,7,2,0.460153,0.806709,0.693606
2436,7,2,0.42501,0.784471,0.733407
2437,7,2,0.54886,0.850143,0.76077
2438,7,2,0.513426,0.834958,0.800571
2439,7,2,0.792172,0.855506,0.775695
2440,7,2,0.768244,0.866315,0.815496
2441,7,2,0.840354,0.815088,0.84286
2442,7,2,0.82319,0.83347,0.882661
2443,7,2,0.874853,0.637489,0.417486
2444,7,2,0.878605,0.669983,0.457287
2445,7,2,0.851203,0.551616,0.484651
2446,7,2,0.863066,0.586573,0.524452
2447,7,2,0.659304,0.281581,0.499576
2448,7,2,0.690834,0.311574,0.539377
2449,7,2,0.57499,0.215529,0.56674
2450,7,2,0.609474,0.240267,0.606541
2451,7,2,0.301379,0.120882,0.581665
2452,7,2,0.332507,0.121568,0.621466
2453,7,2,0.231756,0.133685,0.64883
2454,7,2,0.258042,0.126094,0.688631
2455,7,2,0.120969,0.299016,0.663755
2456,7,2,0.123875,0.269781,0.703556
2457,7,2,0.128262,0.37923,0.730919
2458,7,2,0.122856,0.346095,0.77072
2459,7,2,0.279313,0.656776,0.745845
2460,7,2,0.2514,0.623749,0.785646
2461,7,2,0.357004,0.732712,0.813009
2462,7,2,0.324739,0.703646,0.85281
2463,7,2,0.634894,0.87442,0.827934
2464,7,2,0.601108,0.867118,0.867735
2465,7,2,0.713547,0.878211,0.895098
2466,7,2,0.683258,0.879191,0.934899
2467,7,2,0.869914,0.75743,0.910024
2468,7,2,0.860452,0.78238,0.949825
2469,7,2,0.808336,0.462919,0.551815
2470,7,2,0.827661,0.498426,0.591616
2471,7,2,0.7486,0.376251,0.618979
2472,7,2,0.774329,0.410366,0.65878
2473,7,2,0.486574,0.165042,0.633904
2474,7,2,0.522125,0.183171,0.673705
2475,7,2,0.398892,0.132882,0.701068
2476,7,2,0.433565,0.14341,0.740869
2477,7,2,0.17681,0.16653,0.715994
2478,7,2,0.196815,0.151078,0.755795
2479,7,2,0.139548,0.21762,0.783158
2480,7,2,0.152177,0.195153,0.822959
2481,7,2,0.155894,0.466052,0.798083
2482,7,2,0.142473,0.430829,0.837884
2483,7,2,0.202354,0.554732,0.865248
2484,7,2,0.181651,0.519349,0.905049
2485,7,2,0.442518,0.795915,0.880173
2486,7,2,0.407666,0.772401,0.919974
2487,7,2,0.531177,0.842928,0.947337
2488,7,2,0.495646,0.826252,0.987138
2489,7,2,0.780516,0.861308,0.962263
2490,7,2,0.877144,0.653905,0.604054
2491,7,2,0.879235,0.685688,0.643855
2492,7,2,0.857527,0.569171,0.671218
2493,7,2,0.867806,0.603786,0.711019
2494,7,2,0.675261,0.296354,0.686143
2495,7,2,0.705987,0.327209,0.725944
2496,7,2,0.592334,0.227599,0.753307
2497,7,2,0.626374,0.253507,0.793108
2498,7,2,0.316742,0.120809,0.768233
2499,7,2,0.34864,0.12316,0.808034
2500,7,2,0.244618,0.129482,0.835397
2501,7,2,0.271997,0.123528,0.875198
2502,7,2,0.122007,0.284161,0.850322
2503,7,2,0.12657,0.255907,0.890123
2504,7,2,0.125147,0.362511,0.917486
2505,7,2,0.121395,0.330017,0.957287
2506,7,2,0.265099,0.640417,0.932412
2507,7,2,0.238248,0.606809,0.972213
2508,7,2,0.818349,0.480651,0.738382
2509,7,2,0.836253,0.516205,0.778183
2510,7,2,0.761752,0.393191,0.805546
2511,7,2,0.786302,0.427737,0.845347
2512,7,2,0.504354,0.173748,0.820471
2513,7,2,0.539847,0.193291,0.860272
2514,7,2,0.416136,0.137748,0.887636
2515,7,2,0.45114,0.149857,0.927437
2516,7,2,0.186468,0.158428,0.902561
2517,7,2,0.207828,0.144494,0.942362
2518,7,2,0.145473,0.206063,0.969725
2519,7,2,0.148797,0.448384,0.984651
2520,7,2,0.878605,0.669983,0.790621
2521,7,2,0.863066,0.586573,0.857785
2522,7,2,0.871738,0.62077,0.897586
2523,7,2,0.690834,0.311574,0.87271
2524,7,2,0.720687,0.343224,0.912511
2525,7,2,0.609474,0.240267,0.939874
2526,7,2,0.642996,0.267288,0.979675
2527,7,2,0.332507,0.121568,0.9548
2528,7,2,0.365106,0.12558,0.994601
2529,7,2,0.827661,0.498426,0.924949
2530,7,2,0.844106,0.533948,0.96475
2531,7,2,0.774329,0.410366,0.992113
2532,7,2,0.879235,0.685688,0.977188
2533,7,3,0.888286,0.724242,0.015014
2534,7,3,0.654612,0.887229,0.004466
2535,7,3,0.610921,0.879116,0.040331
2536,7,3,0.844527,0.83024,0.023453
2537,7,3,0.820368,0.852548,0.059318
2538,7,3,0.869072,0.793256,0.086744
2539,7,3,0.851507,0.821743,0.122609
2540,7,3,0.159245,0.493621,0.002356
2541,7,3,0.352681,0.738916,0.021343
2542,7,3,0.457532,0.814367,0.048769
2543,7,3,0.411712,0.784694,0.084634
2544,7,3,0.709346,0.889474,0.067757
2545,7,3,0.668718,0.888713,0.103622
2546,7,3,0.758794,0.881885,0.131048
2547,7,3,0.722255,0.888495,0.166913
2548,7,3,0.884298,0.748869,0.150035
2549,7,3,0.873771,0.782813,0.1859
2550,7,3,0.88982,0.698197,0.213326
2551,7,3,0.886598,0.736742,0.249191
2552,7,3,0.112499,0.343165,0.010795
2553,7,3,0.11018,0.301803,0.04666
2554,7,3,0.224399,0.600975,0.029782
2555,7,3,0.193543,0.555443,0.065647
2556,7,3,0.271551,0.659342,0.093073
2557,7,3,0.235578,0.615865,0.128938
2558,7,3,0.51945,0.846915,0.112061
2559,7,3,0.472972,0.823284,0.147926
2560,7,3,0.580877,0.870703,0.175352
2561,7,3,0.534914,0.853711,0.211217
2562,7,3,0.801707,0.864653,0.194339
2563,7,3,0.77018,0.878468,0.230204
2564,7,3,0.837003,0.838215,0.25763
2565,7,3,0.811283,0.858884,0.293495
2566,7,3,0.419123,0.129297,0.008685
2567,7,3,0.198293,0.135347,0.027672
2568,7,3,0.142069,0.187263,0.055099
2569,7,3,0.162997,0.161785,0.090964
2570,7,3,0.124143,0.401678,0.074086
2571,7,3,0.1145,0.357479,0.109951
2572,7,3,0.145277,0.462672,0.137377
2573,7,3,0.128554,0.416753,0.173242
2574,7,3,0.324471,0.713687,0.156364
2575,7,3,0.28429,0.673361,0.192229
2576,7,3,0.381823,0.762636,0.219656
2577,7,3,0.338448,0.726481,0.25552
2578,7,3,0.640263,0.885132,0.238643
2579,7,3,0.595975,0.875206,0.274508
2580,7,3,0.696106,0.889836,0.301934
2581,7,3,0.654612,0.887229,0.337799
2582,7,3,0.863789,0.803236,0.320921
2583,7,3,0.844527,0.83024,0.356786
2584,7,3,0.88139,0.760602,0.384212
2585,7,3,0.869072,0.793256,0.420077
2586,7,3,0.573122,0.204943,0.017124
2587,7,3,0.618177,0.237364,0.052989
2588,7,3,0.317444,0.110417,0.036111
2589,7,3,0.359737,0.114868,0.071976
2590,7,3,0.265188,0.113098,0.099402
2591,7,3,0.303894,0.110164,0.135267
2592,7,3,0.122121,0.228078,0.11839
2593,7,3,0.136211,0.196764,0.154255
2594,7,3,0.111714,0.275758,0.181681
2595,7,3,0.11861,0.239398,0.217546
2596,7,3,0.175368,0.52461,0.200668
2597,7,3,0.151986,0.478129,0.236533
2598,7,3,0.213655,0.585925,0.263959
2599,7,3,0.184206,0.540058,0.299824
2600,7,3,0.442159,0.804953,0.282947
2601,7,3,0.396686,0.773881,0.318812
2602,7,3,0.503956,0.839571,0.346238
2603,7,3,0.457532,0.814367,0.382103
2604,7,3,0.746998,0.884697,0.365225
2605,7,3,0.709346,0.889474,0.40109
2606,7,3,0.791654,0.869845,0.428516
2607,7,3,0.758794,0.881885,0.464381
2608,7,3,0.889361,0.711387,0.447504
2609,7,3,0.884298,0.748869,0.483369
2610,7,3,0.88982,0.698197,0.54666
2611,7,3,0.824632,0.47539,0.034002
2612,7,3,0.752824,0.369429,0.061428
2613,7,3,0.786345,0.414075,0.097293
2614,7,3,0.511545,0.168311,0.080415
2615,7,3,0.557841,0.195047,0.11628
2616,7,3,0.449677,0.140053,0.143706
2617,7,3,0.496044,0.160429,0.179571
2618,7,3,0.218861,0.125547,0.162693
2619,7,3,0.253002,0.115303,0.198558
2620,7,3,0.179632,0.147452,0.225985
2621,7,3,0.208346,0.130155,0.26185
2622,7,3,0.11111,0.3291,0.244972
2623,7,3,0.110639,0.288613,0.280837
2624,7,3,0.120327,0.386758,0.308263
2625,7,3,0.112499,0.343165,0.344128
2626,7,3,0.259173,0.645072,0.32725
2627,7,3,0.224399,0.600975,0.363115
2628,7,3,0.310771,0.700555,0.390542
2629,7,3,0.271551,0.659342,0.426407
2630,7,3,0.565652,0.865614,0.409529
2631,7,3,0.51945,0.846915,0.445394
2632,7,3,0.625691,0.882426,0.47282
2633,7,3,0.580877,0.870703,0.508685
2634,7,3,0.828945,0.845655,0.491807
2635,7,3,0.801707,0.864653,0.527672
2636,7,3,0.857931,0.812737,0.555099
2637,7,3,0.837003,0.838215,0.590964
2638,7,3,0.88289,0.627983,0.04244
2639,7,3,0.88889,0.6709,0.078305
2640,7,3,0.866448,0.56804,0.105731
2641,7,3,0.879673,0.613242,0.141596
2642,7,3,0.70263,0.312894,0.124719
2643,7,3,0.740827,0.354928,0.160584
2644,7,3,0.647319,0.261084,0.18801
2645,7,3,0.689229,0.299445,0.223875
2646,7,3,0.389079,0.120884,0.206997
2647,7,3,0.434348,0.134386,0.242862
2648,7,3,0.331282,0.111287,0.270288
2649,7,3,0.374309,0.117574,0.306153
2650,7,3,0.148493,0.178257,0.289276
2651,7,3,0.171055,0.154345,0.325141
2652,7,3,0.126229,0.217187,0.352567
2653,7,3,0.142069,0.187263,0.388432
2654,7,3,0.139129,0.447274,0.371554
2655,7,3,0.124143,0.401678,0.407419
2656,7,3,0.167043,0.509122,0.434845
2657,7,3,0.145277,0.462672,0.47071
2658,7,3,0.367147,0.750974,0.453833
2659,7,3,0.324471,0.713687,0.489698
2660,7,3,0.426878,0.795057,0.517124
2661,7,3,0.381823,0.762636,0.552989
2662,7,3,0.682556,0.889583,0.536111
2663,7,3,0.640263,0.885132,0.571976
2664,7,3,0.734812,0.886902,0.599402
2665,7,3,0.696106,0.889836,0.635267
2666,7,3,0.877879,0.771922,0.61839
2667,7,3,0.863789,0.803236,0.654255
2668,7,3,0.888286,0.724242,0.681681
2669,7,3,0.88139,0.760602,0.717546
2670,7,3,0.840755,0.506379,0.169023
2671,7,3,0.860871,0.552726,0.204888
2672,7,3,0.806457,0.444557,0.232314
2673,7,3,0.832957,0.490878,0.268179
2674,7,3,0.588288,0.215306,0.251301
2675,7,3,0.632853,0.249026,0.287166
2676,7,3,0.527028,0.176716,0.314592
2677,7,3,0.573122,0.204943,0.350457
2678,7,3,0.277745,0.111505,0.33358
2679,7,3,0.317444,0.110417,0.369445
2680,7,3,0.22982,0.121532,0.396871
2681,7,3,0.265188,0.113098,0.432736
2682,7,3,0.113402,0.263258,0.415858
2683,7,3,0.122121,0.228078,0.451723
2684,7,3,0.110337,0.315306,0.479149
2685,7,3,0.111714,0.275758,0.515014
2686,7,3,0.203365,0.57074,0.498137
2687,7,3,0.175368,0.52461,0.534002
2688,7,3,0.247176,0.630571,0.561428
2689,7,3,0.213655,0.585925,0.597293
2690,7,3,0.488455,0.831689,0.580415
2691,7,3,0.442159,0.804953,0.61628
2692,7,3,0.550323,0.859947,0.643706
2693,7,3,0.503956,0.839571,0.679571
2694,7,3,0.781139,0.874453,0.662693
2695,7,3,0.746998,0.884697,0.698558
2696,7,3,0.820368,0.852548,0.725985
2697,7,3,0.791654,0.869845,0.76185
2698,7,3,0.889361,0.711387,0.780837
2699,7,3,0.8855,0.642521,0.276618
2700,7,3,0.889663,0.684694,0.312483
2701,7,3,0.764422,0.384135,0.295605
2702,7,3,0.796635,0.42926,0.33147
2703,7,3,0.71571,0.326639,0.358896
2704,7,3,0.752824,0.369429,0.394761
2705,7,3,0.465086,0.146289,0.377883
2706,7,3,0.511545,0.168311,0.413748
2707,7,3,0.404025,0.124794,0.441175
2708,7,3,0.449677,0.140053,0.477039
2709,7,3,0.188717,0.141116,0.460162
2710,7,3,0.218861,0.125547,0.496027
2711,7,3,0.155473,0.16976,0.523453
2712,7,3,0.179632,0.147452,0.559318
2713,7,3,0.11711,0.372017,0.54244
2714,7,3,0.11111,0.3291,0.578305
2715,7,3,0.133552,0.43196,0.605731
2716,7,3,0.120327,0.386758,0.641596
2717,7,3,0.29737,0.687106,0.624719
2718,7,3,0.259173,0.645072,0.660584
2719,7,3,0.352681,0.738916,0.68801
2720,7,3,0.310771,0.700555,0.723875
2721,7,3,0.610921,0.879116,0.706997
2722,7,3,0.565652,0.865614,0.742862
2723,7,3,0.668718,0.888713,0.770288
2724,7,3,0.625691,0.882426,0.806153
2725,7,3,0.851507,0.821743,0.789276
2726,7,3,0.828945,0.845655,0.825141
2727,7,3,0.873771,0.782813,0.852567
2728,7,3,0.857931,0.812737,0.888432
2729,7,3,0.871446,0.583247,0.339909
2730,7,3,0.88289,0.627983,0.375774
2731,7,3,0.848014,0.521871,0.4032
2732,7,3,0.866448,0.56804,0.439065
2733,7,3,0.661552,0.273519,0.422187
2734,7,3,0.70263,0.312894,0.458052
2735,7,3,0.603314,0.226119,0.485478
2736,7,3,0.647319,0.261084,0.521343
2737,7,3,0.345388,0.112771,0.504466
2738,7,3,0.389079,0.120884,0.540331
2739,7,3,0.290654,0.110526,0.567757
2740,7,3,0.331282,0.111287,0.603622
2741,7,3,0.130928,0.206744,0.586744
2742,7,3,0.148493,0.178257,0.622609
2743,7,3,0.115702,0.251131,0.650035
2744,7,3,0.126229,0.217187,0.6859
2745,7,3,0.159245,0.493621,0.669023
2746,7,3,0.139129,0.447274,0.704888
2747,7,3,0.193543,0.555443,0.732314
2748,7,3,0.167043,0.509122,0.768179
2749,7,3,0.411712,0.784694,0.751301
2750,7,3,0.367147,0.750974,0.787166
2751,7,3,0.472972,0.823284,0.814592
2752,7,3,0.426878,0.795057,0.850457
2753,7,3,0.722255,0.888495,0.83358
2754,7,3,0.682556,0.889583,0.869445
2755,7,3,0.77018,0.878468,0.896871
2756,7,3,0.734812,0.886902,0.932736
2757,7,3,0.886598,0.736742,0.915858
2758,7,3,0.877879,0.771922,0.951723
2759,7,3,0.815794,0.459942,0.466491
2760,7,3,0.840755,0.506379,0.502356
2761,7,3,0.775601,0.399025,0.529782
2762,7,3,0.806457,0.444557,0.565647
2763,7,3,0.542468,0.185633,0.548769
2764,7,3,0.588288,0.215306,0.584634
2765,7,3,0.48055,0.153085,0.612061
2766,7,3,0.527028,0.176716,0.647926
2767,7,3,0.241206,0.118115,0.631048
2768,7,3,0.277745,0.111505,0.666913
2769,7,3,0.198293,0.135347,0.694339
2770,7,3,0.22982,0.121532,0.730204
2771,7,3,0.11018,0.301803,0.713326
2772,7,3,0.113402,0.263258,0.749191
2773,7,3,0.1145,0.357479,0.776618
2774,7,3,0.110337,0.315306,0.812483
2775,7,3,0.235578,0.615865,0.795605
2776,7,3,0.203365,0.57074,0.83147
2777,7,3,0.28429,0.673361,0.858896
2778,7,3,0.247176,0.630571,0.894761
2779,7,3,0.534914,0.853711,0.877883
2780,7,3,0.488455,0.831689,0.913748
2781,7,3,0.595975,0.875206,0.941175
2782,7,3,0.550323,0.859947,0.977039
2783,7,3,0.811283,0.858884,0.960162
2784,7,3,0.781139,0.874453,0.996027
2785,7,3,0.887501,0.656835,0.510795
2786,7,3,0.875857,0.598322,0.574086
2787,7,3,0.8855,0.642521,0.609951
2788,7,3,0.728449,0.340658,0.593073
2789,7,3,0.764422,0.384135,0.628938
2790,7,3,0.675529,0.286313,0.656364
2791,7,3,0.71571,0.326639,0.692229
2792,7,3,0.419123,0.129297,0.675352
2793,7,3,0.465086,0.146289,0.711217
2794,7,3,0.359737,0.114868,0.738643
2795,7,3,0.404025,0.124794,0.774508
2796,7,3,0.162997,0.161785,0.75763
2797,7,3,0.188717,0.141116,0.793495
2798,7,3,0.136211,0.196764,0.820921
2799,7,3,0.155473,0.16976,0.856786
2800,7,3,0.128554,0.416753,0.839909
2801,7,3,0.11711,0.372017,0.875774
2802,7,3,0.151986,0.478129,0.9032
2803,7,3,0.133552,0.43196,0.939065
2804,7,3,0.338448,0.726481,0.922187
2805,7,3,0.29737,0.687106,0.958052
2806,7,3,0.396686,0.773881,0.985478
2807,7,3,0.854723,0.537328,0.637377
2808,7,3,0.871446,0.583247,0.673242
2809,7,3,0.824632,0.47539,0.700668
2810,7,3,0.848014,0.521871,0.736533
2811,7,3,0.618177,0.237364,0.719656
2812,7,3,0.661552,0.273519,0.75552
2813,7,3,0.557841,0.195047,0.782947
2814,7,3,0.603314,0.226119,0.818812
2815,7,3,0.303894,0.110164,0.801934
2816,7,3,0.345388,0.112771,0.837799
2817,7,3,0.253002,0.115303,0.865225
2818,7,3,0.290654,0.110526,0.90109
2819,7,3,0.11861,0.239398,0.884212
2820,7,3,0.130928,0.206744,0.920077
2821,7,3,0.110639,0.288613,0.947504
2822,7,3,0.115702,0.251131,0.983369
2823,7,3,0.184206,0.540058,0.966491
2824,7,3,0.88889,0.6709,0.744972
2825,7,3,0.786345,0.414075,0.763959
2826,7,3,0.815794,0.459942,0.799824
2827,7,3,0.740827,0.354928,0.82725
2828,7,3,0.775601,0.399025,0.863115
2829,7,3,0.496044,0.160429,0.846238
2830,7,3,0.542468,0.185633,0.882103
2831,7,3,0.434348,0.134386,0.909529
2832,7,3,0.48055,0.153085,0.945394
2833,7,3,0.208346,0.130155,0.928516
2834,7,3,0.241206,0.118115,0.964381
2835,7,3,0.171055,0.154345,0.991807
2836,7,3,0.879673,0.613242,0.808263
2837,7,3,0.887501,0.656835,0.844128
2838,7,3,0.860871,0.552726,0.871554
2839,7,3,0.875857,0.598322,0.907419
2840,7,3,0.689229,0.299445,0.890542
2841,7,3,0.728449,0.340658,0.926407
2842,7,3,0.632853,0.249026,0.953833
2843,7,3,0.675529,0.286313,0.989698
2844,7,3,0.374309,0.117574,0.97282
2845,7,3,0.832957,0.490878,0.934845
2846,7,3,0.854723,0.537328,0.97071
2847,7,3,0.796635,0.42926,0.998137
2848,7,3,0.889663,0.684694,0.979149
2849,7,4,0.898298,0.731224,0.013269
2850,7,4,0.642156,0.894889,0.029398
2851,7,4,0.857667,0.833964,0.018645
2852,7,4,0.830276,0.860581,0.050903
2853,7,4,0.873954,0.809975,0.077785
2854,7,4,0.851413,0.84121,0.110043
2855,7,4,0.403076,0.787639,0.007892
2856,7,4,0.496692,0.844758,0.034774
2857,7,4,0.442837,0.814287,0.067032
2858,7,4,0.725793,0.898856,0.056279
2859,7,4,0.679254,0.899321,0.088537
2860,7,4,0.75804,0.89373,0.115419
2861,7,4,0.714512,0.899657,0.147677
2862,7,4,0.886404,0.782805,0.136925
2863,7,4,0.868944,0.818337,0.169183
2864,7,4,0.894889,0.752733,0.196064
2865,7,4,0.882689,0.792198,0.228322
2866,7,4,0.108881,0.377097,0.024021
2867,7,4,0.268776,0.667074,0.013269
2868,7,4,0.226911,0.616589,0.045527
2869,7,4,0.302985,0.702986,0.072408
2870,7,4,0.257883,0.654703,0.104666
2871,7,4,0.537176,0.863513,0.093914
2872,7,4,0.483184,0.83771,0.126172
2873,7,4,0.577279,0.878537,0.153054
2874,7,4,0.523703,0.857667,0.185312
2875,7,4,0.787639,0.884563,0.174559
2876,7,4,0.74757,0.895891,0.206817
2877,7,4,0.814287,0.87145,0.233699
2878,7,4,0.778087,0.888062,0.265957
2879,7,4,0.899321,0.720068,0.255204
2880,7,4,0.892507,0.763061,0.287462
2881,7,4,0.898298,0.731224,0.346602
2882,7,4,0.131056,0.181663,0.002516
2883,7,4,0.105111,0.247267,0.029398
2884,7,4,0.117311,0.207802,0.061656
2885,7,4,0.139419,0.469695,0.050903
2886,7,4,0.119375,0.416239,0.083161
2887,7,4,0.15879,0.510203,0.110043
2888,7,4,0.133775,0.456241,0.142301
2889,7,4,0.339216,0.736816,0.131548
2890,7,4,0.29134,0.691229,0.163806
2891,7,4,0.377097,0.768216,0.190688
2892,7,4,0.326937,0.725793,0.222946
2893,7,4,0.616589,0.889678,0.212193
2894,7,4,0.563979,0.873954,0.244451
2895,7,4,0.654703,0.89682,0.271333
2896,7,4,0.603599,0.886404,0.303591
2897,7,4,0.83771,0.854526,0.292839
2898,7,4,0.80575,0.876252,0.325097
2899,7,4,0.857667,0.833964,0.351978
2900,7,4,0.830276,0.860581,0.384236
2901,7,4,0.476297,0.142333,0.018645
2902,7,4,0.212361,0.115437,0.007892
2903,7,4,0.25243,0.104109,0.04015
2904,7,4,0.185713,0.12855,0.067032
2905,7,4,0.221913,0.111938,0.09929
2906,7,4,0.100679,0.279932,0.088537
2907,7,4,0.107493,0.236939,0.120796
2908,7,4,0.100343,0.314856,0.147677
2909,7,4,0.101702,0.268776,0.179935
2910,7,4,0.181663,0.550607,0.169183
2911,7,4,0.151934,0.496692,0.201441
2912,7,4,0.207802,0.590491,0.228322
2913,7,4,0.173663,0.537176,0.26058
2914,7,4,0.416239,0.796864,0.249828
2915,7,4,0.364311,0.75804,0.282086
2916,7,4,0.456241,0.822465,0.308968
2917,7,4,0.403076,0.787639,0.341226
2918,7,4,0.691229,0.899889,0.330473
2919,7,4,0.642156,0.894889,0.362731
2920,7,4,0.725793,0.898856,0.389613
2921,7,4,0.679254,0.899321,0.421871
2922,7,4,0.873954,0.809975,0.411118
2923,7,4,0.851413,0.84121,0.443376
2924,7,4,0.886404,0.782805,0.470258
2925,7,4,0.868944,0.818337,0.502516
2926,7,4,0.622903,0.231784,0.024021
2927,7,4,0.673063,0.274207,0.056279
2928,7,4,0.383411,0.110322,0.045527
2929,7,4,0.436021,0.126046,0.077785
2930,7,4,0.345297,0.10318,0.104666
2931,7,4,0.396401,0.113596,0.136925
2932,7,4,0.16229,0.145474,0.126172
2933,7,4,0.19425,0.123748,0.15843
2934,7,4,0.142333,0.166036,0.185312
2935,7,4,0.169724,0.139419,0.21757
2936,7,4,0.104109,0.351679,0.206817
2937,7,4,0.099999,0.302985,0.239075
2938,7,4,0.111938,0.390024,0.265957
2939,7,4,0.1024,0.339216,0.298215
2940,7,4,0.236939,0.629446,0.287462
2941,7,4,0.198742,0.577279,0.31972
2942,7,4,0.268776,0.667074,0.346602
2943,7,4,0.226911,0.616589,0.37886
2944,7,4,0.496692,0.844758,0.368107
2945,7,4,0.442837,0.814287,0.400365
2946,7,4,0.537176,0.863513,0.427247
2947,7,4,0.483184,0.83771,0.459505
2948,7,4,0.75804,0.89373,0.448753
2949,7,4,0.714512,0.899657,0.481011
2950,7,4,0.787639,0.884563,0.507892
2951,7,4,0.74757,0.895891,0.54015
2952,7,4,0.894889,0.752733,0.529398
2953,7,4,0.882689,0.792198,0.561656
2954,7,4,0.899321,0.720068,0.588537
2955,7,4,0.892507,0.763061,0.620796
2956,7,4,0.818337,0.449393,0.002516
2957,7,4,0.848066,0.503308,0.034774
2958,7,4,0.792198,0.409509,0.061656
2959,7,4,0.826337,0.462824,0.093914
2960,7,4,0.583761,0.203136,0.083161
2961,7,4,0.635689,0.24196,0.115419
2962,7,4,0.543759,0.177535,0.142301
2963,7,4,0.596924,0.212361,0.174559
2964,7,4,0.308771,0.100111,0.163806
2965,7,4,0.357844,0.105111,0.196064
2966,7,4,0.274207,0.101144,0.222946
2967,7,4,0.320746,0.100679,0.255204
2968,7,4,0.126046,0.190025,0.244451
2969,7,4,0.148587,0.15879,0.27671
2970,7,4,0.113596,0.217195,0.303591
2971,7,4,0.131056,0.181663,0.335849
2972,7,4,0.123748,0.429498,0.325097
2973,7,4,0.108881,0.377097,0.357355
2974,7,4,0.139419,0.469695,0.384236
2975,7,4,0.119375,0.416239,0.416494
2976,7,4,0.302985,0.702986,0.405742
2977,7,4,0.257883,0.654703,0.438
2978,7,4,0.339216,0.736816,0.464882
2979,7,4,0.29134,0.691229,0.49714
2980,7,4,0.577279,0.878537,0.486387
2981,7,4,0.523703,0.857667,0.518645
2982,7,4,0.616589,0.889678,0.545527
2983,7,4,0.563979,0.873954,0.577785
2984,7,4,0.814287,0.87145,0.567032
2985,7,4,0.778087,0.888062,0.59929
2986,7,4,0.83771,0.854526,0.626172
2987,7,4,0.80575,0.876252,0.65843
2988,7,4,0.898298,0.731224,0.679935
2989,7,4,0.895891,0.648321,0.04015
2990,7,4,0.900001,0.697015,0.072408
2991,7,4,0.888062,0.609976,0.09929
2992,7,4,0.8976,0.660784,0.131548
2993,7,4,0.763061,0.370554,0.120796
2994,7,4,0.801258,0.422721,0.153054
2995,7,4,0.731224,0.332926,0.179935
2996,7,4,0.773089,0.383411,0.212193
2997,7,4,0.503308,0.155242,0.201441
2998,7,4,0.557163,0.185713,0.233699
2999,7,4,0.462824,0.136487,0.26058
3000,7,4,0.516816,0.16229,0.292839
3001,7,4,0.24196,0.10627,0.282086
3002,7,4,0.285488,0.100343,0.314344
3003,7,4,0.212361,0.115437,0.341226
3004,7,4,0.25243,0.104109,0.373484
3005,7,4,0.105111,0.247267,0.362731
3006,7,4,0.117311,0.207802,0.394989
3007,7,4,0.100679,0.279932,0.421871
3008,7,4,0.107493,0.236939,0.454129
3009,7,4,0.15879,0.510203,0.443376
3010,7,4,0.133775,0.456241,0.475634
3011,7,4,0.181663,0.550607,0.502516
3012,7,4,0.151934,0.496692,0.534774
3013,7,4,0.377097,0.768216,0.524021
3014,7,4,0.326937,0.725793,0.556279
3015,7,4,0.416239,0.796864,0.583161
3016,7,4,0.364311,0.75804,0.615419
3017,7,4,0.654703,0.89682,0.604666
3018,7,4,0.603599,0.886404,0.636925
3019,7,4,0.691229,0.899889,0.663806
3020,7,4,0.642156,0.894889,0.696064
3021,7,4,0.857667,0.833964,0.685312
3022,7,4,0.830276,0.860581,0.71757
3023,7,4,0.873954,0.809975,0.744451
3024,7,4,0.851413,0.84121,0.77671
3025,7,4,0.876252,0.570502,0.15843
3026,7,4,0.891119,0.622903,0.190688
3027,7,4,0.860581,0.530305,0.21757
3028,7,4,0.880625,0.583761,0.249828
3029,7,4,0.697015,0.297014,0.239075
3030,7,4,0.742117,0.345297,0.271333
3031,7,4,0.660784,0.263184,0.298215
3032,7,4,0.70866,0.308771,0.330473
3033,7,4,0.422721,0.121463,0.31972
3034,7,4,0.476297,0.142333,0.351978
3035,7,4,0.383411,0.110322,0.37886
3036,7,4,0.436021,0.126046,0.411118
3037,7,4,0.185713,0.12855,0.400365
3038,7,4,0.221913,0.111938,0.432623
3039,7,4,0.16229,0.145474,0.459505
3040,7,4,0.19425,0.123748,0.491763
3041,7,4,0.100343,0.314856,0.481011
3042,7,4,0.101702,0.268776,0.513269
3043,7,4,0.104109,0.351679,0.54015
3044,7,4,0.099999,0.302985,0.572408
3045,7,4,0.207802,0.590491,0.561656
3046,7,4,0.173663,0.537176,0.593914
3047,7,4,0.236939,0.629446,0.620796
3048,7,4,0.198742,0.577279,0.653054
3049,7,4,0.456241,0.822465,0.642301
3050,7,4,0.403076,0.787639,0.674559
3051,7,4,0.496692,0.844758,0.701441
3052,7,4,0.442837,0.814287,0.733699
3053,7,4,0.725793,0.898856,0.722946
3054,7,4,0.679254,0.899321,0.755204
3055,7,4,0.75804,0.89373,0.782086
3056,7,4,0.714512,0.899657,0.814344
3057,7,4,0.886404,0.782805,0.803591
3058,7,4,0.868944,0.818337,0.835849
3059,7,4,0.894889,0.752733,0.862731
3060,7,4,0.882689,0.792198,0.894989
3061,7,4,0.84121,0.489797,0.27671
3062,7,4,0.866225,0.543759,0.308968
3063,7,4,0.818337,0.449393,0.335849
3064,7,4,0.848066,0.503308,0.368107
3065,7,4,0.622903,0.231784,0.357355
3066,7,4,0.673063,0.274207,0.389613
3067,7,4,0.583761,0.203136,0.416494
3068,7,4,0.635689,0.24196,0.448753
3069,7,4,0.345297,0.10318,0.438
3070,7,4,0.396401,0.113596,0.470258
3071,7,4,0.308771,0.100111,0.49714
3072,7,4,0.357844,0.105111,0.529398
3073,7,4,0.142333,0.166036,0.518645
3074,7,4,0.169724,0.139419,0.550903
3075,7,4,0.126046,0.190025,0.577785
3076,7,4,0.148587,0.15879,0.610043
3077,7,4,0.111938,0.390024,0.59929
3078,7,4,0.1024,0.339216,0.631548
3079,7,4,0.123748,0.429498,0.65843
3080,7,4,0.108881,0.377097,0.690688
3081,7,4,0.268776,0.667074,0.679935
3082,7,4,0.226911,0.616589,0.712193
3083,7,4,0.302985,0.702986,0.739075
3084,7,4,0.257883,0.654703,0.771333
3085,7,4,0.537176,0.863513,0.76058
3086,7,4,0.483184,0.83771,0.792839
3087,7,4,0.577279,0.878537,0.81972
3088,7,4,0.523703,0.857667,0.851978
3089,7,4,0.787639,0.884563,0.841226
3090,7,4,0.74757,0.895891,0.873484
3091,7,4,0.814287,0.87145,0.900365
3092,7,4,0.778087,0.888062,0.932623
3093,7,4,0.899321,0.720068,0.921871
3094,7,4,0.892507,0.763061,0.954129
3095,7,4,0.899657,0.685144,0.314344
3096,7,4,0.895891,0.648321,0.373484
3097,7,4,0.900001,0.697015,0.405742
3098,7,4,0.792198,0.409509,0.394989
3099,7,4,0.826337,0.462824,0.427247
3100,7,4,0.763061,0.370554,0.454129
3101,7,4,0.801258,0.422721,0.486387
3102,7,4,0.543759,0.177535,0.475634
3103,7,4,0.596924,0.212361,0.507892
3104,7,4,0.503308,0.155242,0.534774
3105,7,4,0.557163,0.185713,0.567032
3106,7,4,0.274207,0.101144,0.556279
3107,7,4,0.320746,0.100679,0.588537
3108,7,4,0.24196,0.10627,0.615419
3109,7,4,0.285488,0.100343,0.647677
3110,7,4,0.113596,0.217195,0.636925
3111,7,4,0.131056,0.181663,0.669183
3112,7,4,0.105111,0.247267,0.696064
3113,7,4,0.117311,0.207802,0.728322
3114,7,4,0.139419,0.469695,0.71757
3115,7,4,0.119375,0.416239,0.749828
3116,7,4,0.15879,0.510203,0.77671
3117,7,4,0.133775,0.456241,0.808968
3118,7,4,0.339216,0.736816,0.798215
3119,7,4,0.29134,0.691229,0.830473
3120,7,4,0.377097,0.768216,0.857355
3121,7,4,0.326937,0.725793,0.889613
3122,7,4,0.616589,0.889678,0.87886
3123,7,4,0.563979,0.873954,0.911118
3124,7,4,0.654703,0.89682,0.938
3125,7,4,0.603599,0.886404,0.970258
3126,7,4,0.83771,0.854526,0.959505
3127,7,4,0.80575,0.876252,0.991763
3128,7,4,0.888062,0.609976,0.432623
3129,7,4,0.8976,0.660784,0.464882
3130,7,4,0.876252,0.570502,0.491763
3131,7,4,0.891119,0.622903,0.524021
3132,7,4,0.731224,0.332926,0.513269
3133,7,4,0.773089,0.383411,0.545527
3134,7,4,0.697015,0.297014,0.572408
3135,7,4,0.742117,0.345297,0.604666
3136,7,4,0.462824,0.136487,0.593914
3137,7,4,0.516816,0.16229,0.626172
3138,7,4,0.422721,0.121463,0.653054
3139,7,4,0.476297,0.142333,0.685312
3140,7,4,0.212361,0.115437,0.674559
3141,7,4,0.25243,0.104109,0.706817
3142,7,4,0.185713,0.12855,0.733699
3143,7,4,0.221913,0.111938,0.765957
3144,7,4,0.100679,0.279932,0.755204
3145,7,4,0.107493,0.236939,0.787462
3146,7,4,0.100343,0.314856,0.814344
3147,7,4,0.101702,0.268776,0.846602
3148,7,4,0.181663,0.550607,0.835849
3149,7,4,0.151934,0.496692,0.868107
3150,7,4,0.207802,0.590491,0.894989
3151,7,4,0.173663,0.537176,0.927247
3152,7,4,0.416239,0.796864,0.916494
3153,7,4,0.364311,0.75804,0.948753
3154,7,4,0.456241,0.822465,0.975634
3155,7,4,0.691229,0.899889,0.99714
3156,7,4,0.860581,0.530305,0.550903
3157,7,4,0.880625,0.583761,0.583161
3158,7,4,0.84121,0.489797,0.610043
3159,7,4,0.866225,0.543759,0.642301
3160,7,4,0.660784,0.263184,0.631548
3161,7,4,0.70866,0.308771,0.663806
3162,7,4,0.622903,0.231784,0.690688
3163,7,4,0.673063,0.274207,0.722946
3164,7,4,0.383411,0.110322,0.712193
3165,7,4,0.436021,0.126046,0.744451
3166,7,4,0.345297,0.10318,0.771333
3167,7,4,0.396401,0.113596,0.803591
3168,7,4,0.16229,0.145474,0.792839
3169,7,4,0.19425,0.123748,0.825097
3170,7,4,0.142333,0.166036,0.851978
3171,7,4,0.169724,0.139419,0.884236
3172,7,4,0.104109,0.351679,0.873484
3173,7,4,0.099999,0.302985,0.905742
3174,7,4,0.111938,0.390024,0.932623
3175,7,4,0.1024,0.339216,0.964882
3176,7,4,0.236939,0.629446,0.954129
3177,7,4,0.198742,0.577279,0.986387
3178,7,4,0.899657,0.685144,0.647677
3179,7,4,0.818337,0.449393,0.669183
3180,7,4,0.848066,0.503308,0.701441
3181,7,4,0.792198,0.409509,0.728322
3182,7,4,0.826337,0.462824,0.76058
3183,7,4,0.583761,0.203136,0.749828
3184,7,4,0.635689,0.24196,0.782086
3185,7,4,0.543759,0.177535,0.808968
3186,7,4,0.596924,0.212361,0.841226
3187,7,4,0.308771,0.100111,0.830473
3188,7,4,0.357844,0.105111,0.862731
3189,7,4,0.274207,0.101144,0.889613
3190,7,4,0.320746,0.100679,0.921871
3191,7,4,0.126046,0.190025,0.911118
3192,7,4,0.148587,0.15879,0.943376
3193,7,4,0.113596,0.217195,0.970258
3194,7,4,0.123748,0.429498,0.991763
3195,7,4,0.895891,0.648321,0.706817
3196,7,4,0.900001,0.697015,0.739075
3197,7,4,0.888062,0.609976,0.765957
3198,7,4,0.8976,0.660784,0.798215
3199,7,4,0.763061,0.370554,0.787462
3200,7,4,0.801258,0.422721,0.81972
3201,7,4,0.731224,0.332926,0.846602
3202,7,4,0.773089,0.383411,0.87886
3203,7,4,0.503308,0.155242,0.868107
3204,7,4,0.557163,0.185713,0.900365
3205,7,4,0.462824,0.136487,0.927247
3206,7,4,0.516816,0.16229,0.959505
3207,7,4,0.24196,0.10627,0.948753
3208,7,4,0.285488,0.100343,0.981011
3209,7,4,0.876252,0.570502,0.825097
3210,7,4,0.891119,0.622903,0.857355
3211,7,4,0.860581,0.530305,0.884236
3212,7,4,0.880625,0.583761,0.916494
3213,7,4,0.697015,0.297014,0.905742
3214,7,4,0.742117,0.345297,0.938
3215,7,4,0.660784,0.263184,0.964882
3216,7,4,0.70866,0.308771,0.99714
3217,7,4,0.422721,0.121463,0.986387
3218,7,4,0.84121,0.489797,0.943376
3219,7,4,0.866225,0.543759,0.975634
3220,7,4,0.899657,0.685144,0.981011
3221,7,5,0.907826,0.737041,0.01176
3222,7,5,0.909353,0.717401,0.066806
3223,7,5,0.674354,0.908175,0.020934
3224,7,5,0.870708,0.836254,0.014818
3225,7,5,0.841842,0.866362,0.04387
3226,7,5,0.880131,0.822219,0.069864
3227,7,5,0.854276,0.855199,0.098916
3228,7,5,0.538374,0.872365,0.023992
3229,7,5,0.479409,0.843994,0.053044
3230,7,5,0.745093,0.906776,0.046928
3231,7,5,0.695419,0.909475,0.07598
3232,7,5,0.763594,0.903326,0.101974
3233,7,5,0.715835,0.909415,0.131026
3234,7,5,0.888291,0.807113,0.12491
3235,7,5,0.865533,0.842856,0.153962
3236,7,5,0.895161,0.790988,0.179956
3237,7,5,0.875576,0.829373,0.209008
3238,7,5,0.12687,0.459789,0.007173
3239,7,5,0.320432,0.729051,0.001057
3240,7,5,0.269421,0.677907,0.030109
3241,7,5,0.34194,0.748235,0.056103
3242,7,5,0.289309,0.698869,0.085155
3243,7,5,0.561805,0.881579,0.079038
3244,7,5,0.503012,0.856235,0.10809
3245,7,5,0.585031,0.889526,0.134084
3246,7,5,0.526605,0.867292,0.163136
3247,7,5,0.78122,0.898536,0.15702
3248,7,5,0.735533,0.907995,0.186072
3249,7,5,0.797911,0.892422,0.212066
3250,7,5,0.754449,0.905219,0.241118
3251,7,5,0.900719,0.773895,0.235002
3252,7,5,0.884371,0.814797,0.264054
3253,7,5,0.904945,0.755893,0.290048
3254,7,5,0.891889,0.799175,0.3191
3255,7,5,0.091674,0.323977,0.010231
3256,7,5,0.091241,0.272684,0.039283
3257,7,5,0.168302,0.54229,0.033167
3258,7,5,0.137225,0.48334,0.062219
3259,7,5,0.1827,0.565692,0.088213
3260,7,5,0.148786,0.506947,0.117265
3261,7,5,0.363974,0.766594,0.111148
3262,7,5,0.309897,0.719169,0.1402
3263,7,5,0.38646,0.784068,0.166194
3264,7,5,0.331116,0.738742,0.195246
3265,7,5,0.607975,0.896179,0.18913
3266,7,5,0.55011,0.877129,0.218182
3267,7,5,0.630559,0.901516,0.244176
3268,7,5,0.573449,0.885713,0.273228
3269,7,5,0.813613,0.885005,0.267112
3270,7,5,0.77252,0.901097,0.296164
3271,7,5,0.828273,0.876309,0.322158
3272,7,5,0.789686,0.895643,0.35121
3273,7,5,0.907826,0.737041,0.345093
3274,7,5,0.898105,0.782559,0.374145
3275,7,5,0.909353,0.717401,0.400139
3276,7,5,0.902999,0.765004,0.429191
3277,7,5,0.164804,0.12851,0.016347
3278,7,5,0.124424,0.170627,0.042341
3279,7,5,0.151796,0.13907,0.071393
3280,7,5,0.094225,0.345578,0.065277
3281,7,5,0.090394,0.292694,0.094329
3282,7,5,0.098123,0.367692,0.120323
3283,7,5,0.090908,0.313391,0.149375
3284,7,5,0.198151,0.588877,0.143259
3285,7,5,0.161514,0.530531,0.172311
3286,7,5,0.214605,0.611766,0.198304
3287,7,5,0.175366,0.554014,0.227356
3288,7,5,0.409322,0.800598,0.22124
3289,7,5,0.352896,0.757521,0.250292
3290,7,5,0.432486,0.81613,0.276286
3291,7,5,0.375165,0.775445,0.305338
3292,7,5,0.652711,0.905519,0.299222
3293,7,5,0.596543,0.893016,0.328274
3294,7,5,0.674354,0.908175,0.354268
3295,7,5,0.619317,0.899013,0.38332
3296,7,5,0.841842,0.866362,0.377204
3297,7,5,0.805889,0.888875,0.406255
3298,7,5,0.854276,0.855199,0.432249
3299,7,5,0.821076,0.880815,0.461301
3300,7,5,0.906555,0.746569,0.484237
3301,7,5,0.908759,0.727316,0.539283
3302,7,5,0.532372,0.162557,0.025522
3303,7,5,0.264467,0.092005,0.019405
3304,7,5,0.315036,0.091005,0.048457
3305,7,5,0.245551,0.094781,0.074451
3306,7,5,0.294288,0.090385,0.103503
3307,7,5,0.115629,0.185203,0.097387
3308,7,5,0.139946,0.150828,0.126439
3309,7,5,0.108111,0.200825,0.152433
3310,7,5,0.129292,0.163746,0.181485
3311,7,5,0.103356,0.390246,0.175369
3312,7,5,0.09278,0.334709,0.204421
3313,7,5,0.109907,0.413164,0.230415
3314,7,5,0.096006,0.356576,0.259466
3315,7,5,0.232007,0.634283,0.25335
3316,7,5,0.190297,0.577317,0.282402
3317,7,5,0.250299,0.656355,0.308396
3318,7,5,0.206256,0.600363,0.337448
3319,7,5,0.455874,0.830611,0.331332
3320,7,5,0.397848,0.792454,0.360384
3321,7,5,0.479409,0.843994,0.386378
3322,7,5,0.420871,0.808492,0.41543
3323,7,5,0.695419,0.909475,0.409314
3324,7,5,0.641694,0.903685,0.438366
3325,7,5,0.715835,0.909415,0.464359
3326,7,5,0.6636,0.907016,0.493411
3327,7,5,0.865533,0.842856,0.487295
3328,7,5,0.835196,0.87149,0.516347
3329,7,5,0.875576,0.829373,0.542341
3330,7,5,0.848204,0.86093,0.571393
3331,7,5,0.909606,0.707306,0.594329
3332,7,5,0.740239,0.332799,0.002586
3333,7,5,0.668884,0.261258,0.02858
3334,7,5,0.720726,0.311534,0.057632
3335,7,5,0.44989,0.122871,0.051515
3336,7,5,0.508793,0.14974,0.080567
3337,7,5,0.426551,0.114287,0.106561
3338,7,5,0.485185,0.138086,0.135613
3339,7,5,0.22748,0.098903,0.129497
3340,7,5,0.274222,0.091125,0.158549
3341,7,5,0.210314,0.104357,0.184543
3342,7,5,0.254907,0.093224,0.213595
3343,7,5,0.101895,0.217441,0.207479
3344,7,5,0.119869,0.177781,0.236531
3345,7,5,0.097001,0.234996,0.262525
3346,7,5,0.111709,0.192887,0.291577
3347,7,5,0.117753,0.436371,0.28546
3348,7,5,0.100573,0.378919,0.314512
3349,7,5,0.12687,0.459789,0.340506
3350,7,5,0.106468,0.401664,0.369558
3351,7,5,0.269421,0.677907,0.363442
3352,7,5,0.223191,0.623076,0.392494
3353,7,5,0.289309,0.698869,0.418488
3354,7,5,0.241046,0.64538,0.44754
3355,7,5,0.503012,0.856235,0.441424
3356,7,5,0.444157,0.823505,0.470476
3357,7,5,0.526605,0.867292,0.49647
3358,7,5,0.467628,0.837443,0.525522
3359,7,5,0.735533,0.907995,0.519405
3360,7,5,0.684964,0.908995,0.548457
3361,7,5,0.754449,0.905219,0.574451
3362,7,5,0.705712,0.909615,0.603503
3363,7,5,0.884371,0.814797,0.597387
3364,7,5,0.860054,0.849172,0.626439
3365,7,5,0.891889,0.799175,0.652433
3366,7,5,0.870708,0.836254,0.681485
3367,7,5,0.838486,0.469469,0.005644
3368,7,5,0.868105,0.528447,0.034696
3369,7,5,0.824634,0.445986,0.06069
3370,7,5,0.857142,0.504858,0.089742
3371,7,5,0.647104,0.242479,0.083626
3372,7,5,0.70048,0.290894,0.112678
3373,7,5,0.624835,0.224555,0.138671
3374,7,5,0.679568,0.270949,0.167723
3375,7,5,0.403457,0.106984,0.161607
3376,7,5,0.461626,0.127635,0.190659
3377,7,5,0.380683,0.100987,0.216653
3378,7,5,0.438195,0.118421,0.245705
3379,7,5,0.194111,0.111125,0.239589
3380,7,5,0.236406,0.096674,0.268641
3381,7,5,0.178924,0.119185,0.294635
3382,7,5,0.21878,0.101464,0.323687
3383,7,5,0.093445,0.253431,0.31757
3384,7,5,0.104839,0.209012,0.346622
3385,7,5,0.091241,0.272684,0.372616
3386,7,5,0.099281,0.226105,0.401668
3387,7,5,0.137225,0.48334,0.395552
3388,7,5,0.113669,0.424736,0.424604
3389,7,5,0.148786,0.506947,0.450598
3390,7,5,0.122154,0.448058,0.47965
3391,7,5,0.309897,0.719169,0.473534
3392,7,5,0.259761,0.667201,0.502586
3393,7,5,0.331116,0.738742,0.52858
3394,7,5,0.279274,0.688466,0.557632
3395,7,5,0.55011,0.877129,0.551515
3396,7,5,0.491207,0.85026,0.580567
3397,7,5,0.573449,0.885713,0.606561
3398,7,5,0.514815,0.861914,0.635613
3399,7,5,0.77252,0.901097,0.629497
3400,7,5,0.725778,0.908875,0.658549
3401,7,5,0.789686,0.895643,0.684543
3402,7,5,0.745093,0.906776,0.713595
3403,7,5,0.898105,0.782559,0.707479
3404,7,5,0.880131,0.822219,0.736531
3405,7,5,0.902999,0.765004,0.762525
3406,7,5,0.888291,0.807113,0.791577
3407,7,5,0.90722,0.665291,0.037754
3408,7,5,0.903994,0.643424,0.0928
3409,7,5,0.909519,0.697039,0.121852
3410,7,5,0.809703,0.422683,0.115736
3411,7,5,0.844993,0.481253,0.144788
3412,7,5,0.793744,0.399637,0.170781
3413,7,5,0.831698,0.45771,0.199833
3414,7,5,0.602152,0.207546,0.193717
3415,7,5,0.65806,0.251765,0.222769
3416,7,5,0.579129,0.191508,0.248763
3417,7,5,0.636026,0.233406,0.277815
3418,7,5,0.358306,0.096315,0.271699
3419,7,5,0.414969,0.110474,0.300751
3420,7,5,0.3364,0.092984,0.326745
3421,7,5,0.392025,0.103821,0.355797
3422,7,5,0.164804,0.12851,0.349681
3423,7,5,0.202089,0.107578,0.378733
3424,7,5,0.151796,0.13907,0.404726
3425,7,5,0.186387,0.114995,0.433778
3426,7,5,0.090394,0.292694,0.427662
3427,7,5,0.095055,0.244107,0.456714
3428,7,5,0.090908,0.313391,0.482708
3429,7,5,0.092174,0.262959,0.51176
3430,7,5,0.161514,0.530531,0.505644
3431,7,5,0.131895,0.471553,0.534696
3432,7,5,0.175366,0.554014,0.56069
3433,7,5,0.142858,0.495142,0.589742
3434,7,5,0.352896,0.757521,0.583626
3435,7,5,0.29952,0.709106,0.612678
3436,7,5,0.375165,0.775445,0.638671
3437,7,5,0.320432,0.729051,0.667723
3438,7,5,0.596543,0.893016,0.661607
3439,7,5,0.538374,0.872365,0.690659
3440,7,5,0.619317,0.899013,0.716653
3441,7,5,0.561805,0.881579,0.745705
3442,7,5,0.805889,0.888875,0.739589
3443,7,5,0.763594,0.903326,0.768641
3444,7,5,0.821076,0.880815,0.794635
3445,7,5,0.78122,0.898536,0.823687
3446,7,5,0.906555,0.746569,0.81757
3447,7,5,0.895161,0.790988,0.846622
3448,7,5,0.908759,0.727316,0.872616
3449,7,5,0.900719,0.773895,0.901668
3450,7,5,0.899427,0.621081,0.147846
3451,7,5,0.908326,0.676023,0.176898
3452,7,5,0.893532,0.598336,0.202892
3453,7,5,0.905775,0.654422,0.231944
3454,7,5,0.776809,0.376924,0.225827
3455,7,5,0.8173,0.434308,0.254879
3456,7,5,0.758954,0.35462,0.280873
3457,7,5,0.801849,0.411123,0.309925
3458,7,5,0.555843,0.176495,0.303809
3459,7,5,0.61354,0.215932,0.332861
3460,7,5,0.532372,0.162557,0.358855
3461,7,5,0.590678,0.199402,0.387907
3462,7,5,0.315036,0.091005,0.381791
3463,7,5,0.369441,0.098484,0.410843
3464,7,5,0.294288,0.090385,0.436837
3465,7,5,0.347289,0.094481,0.465889
3466,7,5,0.139946,0.150828,0.459772
3467,7,5,0.171727,0.123691,0.488824
3468,7,5,0.129292,0.163746,0.514818
3469,7,5,0.158158,0.133638,0.54387
3470,7,5,0.09278,0.334709,0.537754
3471,7,5,0.090647,0.282599,0.566806
3472,7,5,0.096006,0.356576,0.5928
3473,7,5,0.090481,0.302961,0.621852
3474,7,5,0.190297,0.577317,0.615736
3475,7,5,0.155007,0.518747,0.644788
3476,7,5,0.206256,0.600363,0.670781
3477,7,5,0.168302,0.54229,0.699833
3478,7,5,0.397848,0.792454,0.693717
3479,7,5,0.34194,0.748235,0.722769
3480,7,5,0.420871,0.808492,0.748763
3481,7,5,0.363974,0.766594,0.777815
3482,7,5,0.641694,0.903685,0.771699
3483,7,5,0.585031,0.889526,0.800751
3484,7,5,0.6636,0.907016,0.826745
3485,7,5,0.607975,0.896179,0.855797
3486,7,5,0.835196,0.87149,0.849681
3487,7,5,0.797911,0.892422,0.878733
3488,7,5,0.848204,0.86093,0.904726
3489,7,5,0.813613,0.885005,0.933778
3490,7,5,0.909606,0.707306,0.927662
3491,7,5,0.904945,0.755893,0.956714
3492,7,5,0.886331,0.575264,0.257937
3493,7,5,0.901877,0.632308,0.286989
3494,7,5,0.877846,0.551942,0.312983
3495,7,5,0.896644,0.609754,0.342035
3496,7,5,0.740239,0.332799,0.335919
3497,7,5,0.785395,0.388234,0.364971
3498,7,5,0.720726,0.311534,0.390965
3499,7,5,0.767993,0.365717,0.420017
3500,7,5,0.508793,0.14974,0.413901
3501,7,5,0.567514,0.18387,0.442953
3502,7,5,0.485185,0.138086,0.468947
3503,7,5,0.544126,0.169389,0.497999
3504,7,5,0.274222,0.091125,0.491882
3505,7,5,0.325646,0.091825,0.520934
3506,7,5,0.254907,0.093224,0.546928
3507,7,5,0.304581,0.090525,0.57598
3508,7,5,0.119869,0.177781,0.569864
3509,7,5,0.145724,0.144801,0.598916
3510,7,5,0.111709,0.192887,0.62491
3511,7,5,0.134467,0.157144,0.653962
3512,7,5,0.100573,0.378919,0.647846
3513,7,5,0.091674,0.323977,0.676898
3514,7,5,0.106468,0.401664,0.702892
3515,7,5,0.094225,0.345578,0.731944
3516,7,5,0.223191,0.623076,0.725827
3517,7,5,0.1827,0.565692,0.754879
3518,7,5,0.241046,0.64538,0.780873
3519,7,5,0.198151,0.588877,0.809925
3520,7,5,0.444157,0.823505,0.803809
3521,7,5,0.38646,0.784068,0.832861
3522,7,5,0.467628,0.837443,0.858855
3523,7,5,0.409322,0.800598,0.887907
3524,7,5,0.684964,0.908995,0.881791
3525,7,5,0.630559,0.901516,0.910843
3526,7,5,0.705712,0.909615,0.936837
3527,7,5,0.652711,0.905519,0.965889
3528,7,5,0.860054,0.849172,0.959772
3529,7,5,0.828273,0.876309,0.988824
3530,7,5,0.868105,0.528447,0.368029
3531,7,5,0.890093,0.586836,0.397081
3532,7,5,0.857142,0.504858,0.423075
3533,7,5,0.882247,0.563629,0.452127
3534,7,5,0.70048,0.290894,0.446011
3535,7,5,0.749701,0.343645,0.475063
3536,7,5,0.679568,0.270949,0.501057
3537,7,5,0.730579,0.322093,0.530109
3538,7,5,0.461626,0.127635,0.523992
3539,7,5,0.520591,0.156006,0.553044
3540,7,5,0.438195,0.118421,0.579038
3541,7,5,0.496988,0.143765,0.60809
3542,7,5,0.236406,0.096674,0.601974
3543,7,5,0.284165,0.090585,0.631026
3544,7,5,0.21878,0.101464,0.65702
3545,7,5,0.264467,0.092005,0.686072
3546,7,5,0.104839,0.209012,0.679956
3547,7,5,0.124424,0.170627,0.709008
3548,7,5,0.099281,0.226105,0.735002
3549,7,5,0.115629,0.185203,0.764054
3550,7,5,0.113669,0.424736,0.757937
3551,7,5,0.098123,0.367692,0.786989
3552,7,5,0.122154,0.448058,0.812983
3553,7,5,0.103356,0.390246,0.842035
3554,7,5,0.259761,0.667201,0.835919
3555,7,5,0.214605,0.611766,0.864971
3556,7,5,0.279274,0.688466,0.890965
3557,7,5,0.232007,0.634283,0.920017
3558,7,5,0.491207,0.85026,0.913901
3559,7,5,0.432486,0.81613,0.942953
3560,7,5,0.514815,0.861914,0.968947
3561,7,5,0.455874,0.830611,0.997999
3562,7,5,0.725778,0.908875,0.991882
3563,7,5,0.909519,0.697039,0.455185
3564,7,5,0.844993,0.481253,0.478121
3565,7,5,0.87313,0.540211,0.507173
3566,7,5,0.831698,0.45771,0.533167
3567,7,5,0.862775,0.51666,0.562219
3568,7,5,0.65806,0.251765,0.556103
3569,7,5,0.710691,0.301131,0.585155
3570,7,5,0.636026,0.233406,0.611148
3571,7,5,0.690103,0.280831,0.6402
3572,7,5,0.414969,0.110474,0.634084
3573,7,5,0.473395,0.132708,0.663136
3574,7,5,0.392025,0.103821,0.68913
3575,7,5,0.44989,0.122871,0.718182
3576,7,5,0.202089,0.107578,0.712066
3577,7,5,0.245551,0.094781,0.741118
3578,7,5,0.186387,0.114995,0.767112
3579,7,5,0.22748,0.098903,0.796164
3580,7,5,0.095055,0.244107,0.790048
3581,7,5,0.108111,0.200825,0.8191
3582,7,5,0.092174,0.262959,0.845093
3583,7,5,0.101895,0.217441,0.874145
3584,7,5,0.131895,0.471553,0.868029
3585,7,5,0.109907,0.413164,0.897081
3586,7,5,0.142858,0.495142,0.923075
3587,7,5,0.117753,0.436371,0.952127
3588,7,5,0.29952,0.709106,0.946011
3589,7,5,0.250299,0.656355,0.975063
3590,7,5,0.908326,0.676023,0.510231
3591,7,5,0.905775,0.654422,0.565277
3592,7,5,0.8173,0.434308,0.588213
3593,7,5,0.851214,0.493053,0.617265
3594,7,5,0.801849,0.411123,0.643259
3595,7,5,0.838486,0.469469,0.672311
3596,7,5,0.61354,0.215932,0.666194
3597,7,5,0.668884,0.261258,0.695246
3598,7,5,0.590678,0.199402,0.72124
3599,7,5,0.647104,0.242479,0.750292
3600,7,5,0.369441,0.098484,0.744176
3601,7,5,0.426551,0.114287,0.773228
3602,7,5,0.347289,0.094481,0.799222
3603,7,5,0.403457,0.106984,0.828274
3604,7,5,0.171727,0.123691,0.822158
3605,7,5,0.210314,0.104357,0.85121
3606,7,5,0.158158,0.133638,0.877204
3607,7,5,0.194111,0.111125,0.906255
3608,7,5,0.090647,0.282599,0.900139
3609,7,5,0.097001,0.234996,0.929191
3610,7,5,0.090481,0.302961,0.955185
3611,7,5,0.093445,0.253431,0.984237
3612,7,5,0.155007,0.518747,0.978121
3613,7,5,0.901877,0.632308,0.620323
3614,7,5,0.909092,0.686609,0.649375
3615,7,5,0.896644,0.609754,0.675369
3616,7,5,0.90722,0.665291,0.704421
3617,7,5,0.785395,0.388234,0.698304
3618,7,5,0.824634,0.445986,0.727356
3619,7,5,0.767993,0.365717,0.75335
3620,7,5,0.809703,0.422683,0.782402
3621,7,5,0.567514,0.18387,0.776286
3622,7,5,0.624835,0.224555,0.805338
3623,7,5,0.544126,0.169389,0.831332
3624,7,5,0.602152,0.207546,0.860384
3625,7,5,0.325646,0.091825,0.854268
3626,7,5,0.380683,0.100987,0.88332
3627,7,5,0.304581,0.090525,0.909314
3628,7,5,0.358306,0.096315,0.938366
3629,7,5,0.145724,0.144801,0.932249
3630,7,5,0.178924,0.119185,0.961301
3631,7,5,0.134467,0.157144,0.987295
3632,7,5,0.890093,0.586836,0.730415
3633,7,5,0.903994,0.643424,0.759466
3634,7,5,0.882247,0.563629,0.78546
3635,7,5,0.899427,0.621081,0.814512
3636,7,5,0.749701,0.343645,0.808396
3637,7,5,0.793744,0.399637,0.837448
3638,7,5,0.730579,0.322093,0.863442
3639,7,5,0.776809,0.376924,0.892494
3640,7,5,0.520591,0.156006,0.886378
3641,7,5,0.579129,0.191508,0.91543
3642,7,5,0.496988,0.143765,0.941424
3643,7,5,0.555843,0.176495,0.970476
3644,7,5,0.284165,0.090585,0.964359
3645,7,5,0.3364,0.092984,0.993411
3646,7,5,0.87313,0.540211,0.840506
3647,7,5,0.893532,0.598336,0.869558
3648,7,5,0.862775,0.51666,0.895552
3649,7,5,0.886331,0.575264,0.924604
3650,7,5,0.710691,0.301131,0.918488
3651,7,5,0.758954,0.35462,0.94754
3652,7,5,0.690103,0.280831,0.973534
3653,7,5,0.473395,0.132708,0.99647
3654,7,5,0.851214,0.493053,0.950598
3655,7,5,0.877846,0.551942,0.97965
3656,7,5,0.909092,0.686609,0.982708
3657,7,6,0.916768,0.741915,0.01047
3658,7,6,0.917599,0.733393,0.061651
3659,7,6,0.705581,0.918541,0.014407
3660,7,6,0.883166,0.837474,0.011783
3661,7,6,0.854042,0.870378,0.038029
3662,7,6,0.887216,0.831246,0.062964
3663,7,6,0.859456,0.865442,0.08921
3664,7,6,0.918173,0.724727,0.112832
3665,7,6,0.918492,0.715924,0.164013
3666,7,6,0.579805,0.895739,0.01572
3667,7,6,0.518167,0.871228,0.041966
3668,7,6,0.765325,0.913016,0.039342
3669,7,6,0.714536,0.918519,0.065588
3670,7,6,0.773251,0.91121,0.090523
3671,7,6,0.72336,0.91824,0.116769
3672,7,6,0.891028,0.824816,0.114145
3673,7,6,0.86465,0.860283,0.140391
3674,7,6,0.894601,0.818187,0.165326
3675,7,6,0.869621,0.854903,0.191573
3676,7,6,0.317441,0.734912,0.018344
3677,7,6,0.385067,0.791086,0.043279
3678,7,6,0.326814,0.743409,0.069525
3679,7,6,0.589944,0.89899,0.066901
3680,7,6,0.528505,0.875897,0.093147
3681,7,6,0.600027,0.901997,0.118082
3682,7,6,0.538825,0.880336,0.144328
3683,7,6,0.781009,0.909152,0.141704
3684,7,6,0.732047,0.917705,0.16795
3685,7,6,0.788596,0.906844,0.192885
3686,7,6,0.740593,0.916915,0.219132
3687,7,6,0.897933,0.811363,0.216507
3688,7,6,0.874366,0.849306,0.242754
3689,7,6,0.901022,0.804349,0.267688
3690,7,6,0.878882,0.843495,0.293935
3691,7,6,0.086438,0.349084,0.022281
3692,7,6,0.207753,0.613376,0.019657
3693,7,6,0.166655,0.552547,0.045903
3694,7,6,0.215254,0.623307,0.070838
3695,7,6,0.173018,0.562802,0.097084
3696,7,6,0.395057,0.798437,0.09446
3697,7,6,0.336292,0.751756,0.120706
3698,7,6,0.405111,0.805604,0.145641
3699,7,6,0.34587,0.75995,0.171888
3700,7,6,0.61005,0.904758,0.169263
3701,7,6,0.549121,0.884542,0.19551
3702,7,6,0.620005,0.907271,0.220444
3703,7,6,0.559388,0.888513,0.246691
3704,7,6,0.796006,0.904287,0.244066
3705,7,6,0.748991,0.91587,0.270313
3706,7,6,0.803236,0.901483,0.295247
3707,7,6,0.757236,0.91457,0.321494
3708,7,6,0.903865,0.797149,0.318869
3709,7,6,0.883166,0.837474,0.345116
3710,7,6,0.906461,0.789767,0.37005
3711,7,6,0.887216,0.831246,0.396297
3712,7,6,0.087249,0.233425,0.023594
3713,7,6,0.102067,0.188637,0.04984
3714,7,6,0.103737,0.418606,0.047216
3715,7,6,0.08816,0.358787,0.073462
3716,7,6,0.107192,0.428787,0.098397
3717,7,6,0.090134,0.368576,0.124643
3718,7,6,0.222929,0.633163,0.122019
3719,7,6,0.179581,0.573018,0.148265
3720,7,6,0.230773,0.642937,0.1732
3721,7,6,0.186341,0.58319,0.199447
3722,7,6,0.415224,0.812585,0.196822
3723,7,6,0.355543,0.767985,0.223069
3724,7,6,0.425388,0.819375,0.248003
3725,7,6,0.365304,0.775856,0.27425
3726,7,6,0.629886,0.909535,0.271625
3727,7,6,0.569618,0.892246,0.297872
3728,7,6,0.639688,0.911548,0.322806
3729,7,6,0.579805,0.895739,0.349053
3730,7,6,0.810279,0.898432,0.346428
3731,7,6,0.765325,0.913016,0.372675
3732,7,6,0.817133,0.895138,0.397609
3733,7,6,0.773251,0.91121,0.423856
3734,7,6,0.908808,0.782207,0.421231
3735,7,6,0.891028,0.824816,0.447478
3736,7,6,0.910905,0.774475,0.472412
3737,7,6,0.894601,0.818187,0.498659
3738,7,6,0.38995,0.095242,0.002596
3739,7,6,0.211404,0.093156,0.026218
3740,7,6,0.163486,0.116185,0.051153
3741,7,6,0.203994,0.095713,0.077399
3742,7,6,0.085656,0.241488,0.074775
3743,7,6,0.098978,0.195651,0.101021
3744,7,6,0.084317,0.24971,0.125956
3745,7,6,0.096135,0.202851,0.152202
3746,7,6,0.110888,0.43901,0.149578
3747,7,6,0.092359,0.378445,0.175825
3748,7,6,0.114822,0.449271,0.200759
3749,7,6,0.094833,0.388389,0.227006
3750,7,6,0.238783,0.652624,0.224381
3751,7,6,0.193292,0.593311,0.250628
3752,7,6,0.246952,0.662217,0.275562
3753,7,6,0.200431,0.603375,0.301809
3754,7,6,0.435598,0.825969,0.299184
3755,7,6,0.375147,0.783558,0.325431
3756,7,6,0.445847,0.832363,0.350365
3757,7,6,0.385067,0.791086,0.376612
3758,7,6,0.649405,0.91331,0.373987
3759,7,6,0.589944,0.89899,0.400234
3760,7,6,0.65903,0.914818,0.425168
3761,7,6,0.600027,0.901997,0.451415
3762,7,6,0.823793,0.891603,0.44879
3763,7,6,0.781009,0.909152,0.475037
3764,7,6,0.830254,0.887827,0.499971
3765,7,6,0.788596,0.906844,0.526218
3766,7,6,0.912751,0.766575,0.523594
3767,7,6,0.897933,0.811363,0.54984
3768,7,6,0.914344,0.758512,0.574775
3769,7,6,0.901022,0.804349,0.601021
3770,7,6,0.523231,0.149688,0.003909
3771,7,6,0.584776,0.187415,0.030155
3772,7,6,0.322017,0.082927,0.027531
3773,7,6,0.379995,0.092729,0.053777
3774,7,6,0.312701,0.082181,0.078712
3775,7,6,0.370114,0.090465,0.104958
3776,7,6,0.157433,0.120433,0.102334
3777,7,6,0.196764,0.098517,0.12858
3778,7,6,0.151589,0.124913,0.153515
3779,7,6,0.189721,0.101568,0.179762
3780,7,6,0.083232,0.258085,0.177137
3781,7,6,0.093539,0.210233,0.203384
3782,7,6,0.082401,0.266607,0.228318
3783,7,6,0.091192,0.217793,0.254565
3784,7,6,0.118991,0.459563,0.25194
3785,7,6,0.097555,0.398402,0.278187
3786,7,6,0.123394,0.46988,0.303121
3787,7,6,0.100524,0.408476,0.329368
3788,7,6,0.255276,0.671711,0.326743
3789,7,6,0.207753,0.613376,0.35299
3790,7,6,0.26375,0.6811,0.377924
3791,7,6,0.215254,0.623307,0.404171
3792,7,6,0.45613,0.838555,0.401546
3793,7,6,0.395057,0.798437,0.427793
3794,7,6,0.466439,0.844539,0.452727
3795,7,6,0.405111,0.805604,0.478974
3796,7,6,0.668558,0.916073,0.476349
3797,7,6,0.61005,0.904758,0.502596
3798,7,6,0.677983,0.917073,0.527531
3799,7,6,0.620005,0.907271,0.553777
3800,7,6,0.836514,0.883815,0.551153
3801,7,6,0.796006,0.904287,0.577399
3802,7,6,0.842567,0.879567,0.602334
3803,7,6,0.803236,0.901483,0.62858
3804,7,6,0.915683,0.75029,0.625956
3805,7,6,0.903865,0.797149,0.652202
3806,7,6,0.916768,0.741915,0.677137
3807,7,6,0.906461,0.789767,0.703384
3808,7,6,0.769227,0.357063,0.006533
3809,7,6,0.709982,0.29142,0.031468
3810,7,6,0.761217,0.347376,0.057714
3811,7,6,0.512887,0.144129,0.05509
3812,7,6,0.574612,0.180625,0.081336
3813,7,6,0.502535,0.138788,0.106271
3814,7,6,0.564402,0.174031,0.132517
3815,7,6,0.3035,0.081692,0.129893
3816,7,6,0.360312,0.088452,0.156139
3817,7,6,0.294419,0.081459,0.181074
3818,7,6,0.350595,0.08669,0.207321
3819,7,6,0.145958,0.129622,0.204696
3820,7,6,0.182867,0.104862,0.230943
3821,7,6,0.140544,0.134558,0.255877
3822,7,6,0.176207,0.108397,0.282124
3823,7,6,0.081827,0.275273,0.279499
3824,7,6,0.089095,0.225525,0.305746
3825,7,6,0.081508,0.284076,0.33068
3826,7,6,0.087249,0.233425,0.356927
3827,7,6,0.128027,0.480216,0.354302
3828,7,6,0.103737,0.418606,0.380549
3829,7,6,0.132887,0.490563,0.405483
3830,7,6,0.107192,0.428787,0.43173
3831,7,6,0.272369,0.690379,0.429105
3832,7,6,0.222929,0.633163,0.455352
3833,7,6,0.281126,0.69954,0.480286
3834,7,6,0.230773,0.642937,0.506533
3835,7,6,0.476769,0.850312,0.503909
3836,7,6,0.415224,0.812585,0.530155
3837,7,6,0.487113,0.855871,0.55509
3838,7,6,0.425388,0.819375,0.581336
3839,7,6,0.687299,0.917819,0.578712
3840,7,6,0.629886,0.909535,0.604958
3841,7,6,0.6965,0.918308,0.629893
3842,7,6,0.639688,0.911548,0.656139
3843,7,6,0.848411,0.875087,0.653515
3844,7,6,0.810279,0.898432,0.679762
3845,7,6,0.854042,0.870378,0.704696
3846,7,6,0.817133,0.895138,0.730943
3847,7,6,0.917599,0.733393,0.728318
3848,7,6,0.908808,0.782207,0.754565
3849,7,6,0.918173,0.724727,0.779499
3850,7,6,0.910905,0.774475,0.805746
3851,7,6,0.85672,0.488731,0.007846
3852,7,6,0.885178,0.550729,0.034092
3853,7,6,0.851195,0.478385,0.059027
3854,7,6,0.881009,0.540437,0.085273
3855,7,6,0.700962,0.282508,0.082649
3856,7,6,0.753048,0.337783,0.108895
3857,7,6,0.691819,0.273729,0.13383
3858,7,6,0.744724,0.328289,0.160076
3859,7,6,0.492182,0.133668,0.157452
3860,7,6,0.554153,0.167637,0.183699
3861,7,6,0.481833,0.128772,0.208633
3862,7,6,0.54387,0.161445,0.23488
3863,7,6,0.285464,0.081481,0.232255
3864,7,6,0.34097,0.085182,0.258502
3865,7,6,0.27664,0.08176,0.283436
3866,7,6,0.331442,0.083927,0.309683
3867,7,6,0.13535,0.139717,0.307058
3868,7,6,0.169746,0.112173,0.333305
3869,7,6,0.130379,0.145097,0.358239
3870,7,6,0.163486,0.116185,0.384486
3871,7,6,0.081445,0.293011,0.381861
3872,7,6,0.085656,0.241488,0.408108
3873,7,6,0.081639,0.302072,0.433042
3874,7,6,0.084317,0.24971,0.459289
3875,7,6,0.137973,0.500916,0.456664
3876,7,6,0.110888,0.43901,0.482911
3877,7,6,0.14328,0.511269,0.507846
3878,7,6,0.114822,0.449271,0.534092
3879,7,6,0.290018,0.70858,0.531468
3880,7,6,0.238783,0.652624,0.557714
3881,7,6,0.299038,0.717492,0.582649
3882,7,6,0.246952,0.662217,0.608895
3883,7,6,0.497465,0.861212,0.606271
3884,7,6,0.435598,0.825969,0.632517
3885,7,6,0.507818,0.866332,0.657452
3886,7,6,0.445847,0.832363,0.683699
3887,7,6,0.705581,0.918541,0.681074
3888,7,6,0.649405,0.91331,0.707321
3889,7,6,0.714536,0.918519,0.732255
3890,7,6,0.65903,0.914818,0.758502
3891,7,6,0.859456,0.865442,0.755877
3892,7,6,0.823793,0.891603,0.782124
3893,7,6,0.86465,0.860283,0.807058
3894,7,6,0.830254,0.887827,0.833305
3895,7,6,0.918492,0.715924,0.83068
3896,7,6,0.912751,0.766575,0.856927
3897,7,6,0.914344,0.758512,0.908108
3898,7,6,0.917207,0.679447,0.035405
3899,7,6,0.916246,0.670038,0.086586
3900,7,6,0.845455,0.468053,0.110208
3901,7,6,0.876606,0.53012,0.136454
3902,7,6,0.839504,0.45774,0.161389
3903,7,6,0.871973,0.519784,0.187636
3904,7,6,0.682559,0.265088,0.185011
3905,7,6,0.73625,0.3189,0.211258
3906,7,6,0.673186,0.256591,0.236192
3907,7,6,0.727631,0.309621,0.262439
3908,7,6,0.471495,0.124103,0.259814
3909,7,6,0.533561,0.155461,0.286061
3910,7,6,0.461175,0.119664,0.310995
3911,7,6,0.523231,0.149688,0.337242
3912,7,6,0.267953,0.082295,0.334617
3913,7,6,0.322017,0.082927,0.360864
3914,7,6,0.259407,0.083085,0.385798
3915,7,6,0.312701,0.082181,0.412045
3916,7,6,0.125634,0.150694,0.40942
3917,7,6,0.157433,0.120433,0.435667
3918,7,6,0.121118,0.156505,0.460601
3919,7,6,0.151589,0.124913,0.486848
3920,7,6,0.082088,0.311255,0.484223
3921,7,6,0.083232,0.258085,0.51047
3922,7,6,0.082793,0.320553,0.535405
3923,7,6,0.082401,0.266607,0.561651
3924,7,6,0.148805,0.521615,0.559027
3925,7,6,0.118991,0.459563,0.585273
3926,7,6,0.154545,0.531947,0.610208
3927,7,6,0.123394,0.46988,0.636454
3928,7,6,0.308181,0.726271,0.63383
3929,7,6,0.255276,0.671711,0.660076
3930,7,6,0.317441,0.734912,0.685011
3931,7,6,0.26375,0.6811,0.711258
3932,7,6,0.518167,0.871228,0.708633
3933,7,6,0.45613,0.838555,0.73488
3934,7,6,0.528505,0.875897,0.759814
3935,7,6,0.466439,0.844539,0.786061
3936,7,6,0.72336,0.91824,0.783436
3937,7,6,0.668558,0.916073,0.809683
3938,7,6,0.732047,0.917705,0.834617
3939,7,6,0.677983,0.917073,0.860864
3940,7,6,0.869621,0.854903,0.858239
3941,7,6,0.836514,0.883815,0.884486
3942,7,6,0.874366,0.849306,0.90942
3943,7,6,0.842567,0.879567,0.935667
3944,7,6,0.915683,0.75029,0.959289
3945,7,6,0.915031,0.660526,0.137767
3946,7,6,0.913562,0.650916,0.188948
3947,7,6,0.918555,0.706989,0.215195
3948,7,6,0.833345,0.447453,0.21257
3949,7,6,0.867113,0.509437,0.238817
3950,7,6,0.826982,0.437198,0.263751
3951,7,6,0.862027,0.499084,0.289998
3952,7,6,0.663708,0.248244,0.287373
3953,7,6,0.718874,0.30046,0.31362
3954,7,6,0.65413,0.24005,0.338554
3955,7,6,0.709982,0.29142,0.364801
3956,7,6,0.450879,0.115458,0.362176
3957,7,6,0.512887,0.144129,0.388423
3958,7,6,0.440612,0.111487,0.413357
3959,7,6,0.502535,0.138788,0.439604
3960,7,6,0.251009,0.08413,0.436979
3961,7,6,0.3035,0.081692,0.463226
3962,7,6,0.242764,0.08543,0.48816
3963,7,6,0.294419,0.081459,0.514407
3964,7,6,0.116834,0.162526,0.511783
3965,7,6,0.145958,0.129622,0.538029
3966,7,6,0.112784,0.168754,0.562964
3967,7,6,0.140544,0.134558,0.58921
3968,7,6,0.083754,0.329962,0.586586
3969,7,6,0.081827,0.275273,0.612832
3970,7,6,0.084969,0.339474,0.637767
3971,7,6,0.081508,0.284076,0.664013
3972,7,6,0.160496,0.54226,0.661389
3973,7,6,0.128027,0.480216,0.687636
3974,7,6,0.166655,0.552547,0.71257
3975,7,6,0.132887,0.490563,0.738817
3976,7,6,0.326814,0.743409,0.736192
3977,7,6,0.272369,0.690379,0.762439
3978,7,6,0.336292,0.751756,0.787373
3979,7,6,0.281126,0.69954,0.81362
3980,7,6,0.538825,0.880336,0.810995
3981,7,6,0.476769,0.850312,0.837242
3982,7,6,0.549121,0.884542,0.862176
3983,7,6,0.487113,0.855871,0.888423
3984,7,6,0.740593,0.916915,0.885798
3985,7,6,0.687299,0.917819,0.912045
3986,7,6,0.748991,0.91587,0.936979
3987,7,6,0.6965,0.918308,0.963226
3988,7,6,0.878882,0.843495,0.960601
3989,7,6,0.848411,0.875087,0.986848
3990,7,6,0.91184,0.641213,0.240129
3991,7,6,0.918361,0.697928,0.266376
3992,7,6,0.909866,0.631424,0.29131
3993,7,6,0.917912,0.688745,0.317557
3994,7,6,0.820419,0.426982,0.314932
3995,7,6,0.85672,0.488731,0.341179
3996,7,6,0.813659,0.41681,0.366113
3997,7,6,0.851195,0.478385,0.39236
3998,7,6,0.644457,0.232015,0.389735
3999,7,6,0.700962,0.282508,0.415982
4000,7,6,0.634696,0.224144,0.440916
4001,7,6,0.691819,0.273729,0.467163
4002,7,6,0.430382,0.107754,0.464538
4003,7,6,0.492182,0.133668,0.490785
4004,7,6,0.420195,0.104261,0.51572
4005,7,6,0.481833,0.128772,0.541966
4006,7,6,0.234675,0.086984,0.539342
4007,7,6,0.285464,0.081481,0.565588
4008,7,6,0.226749,0.08879,0.590523
4009,7,6,0.27664,0.08176,0.616769
4010,7,6,0.108972,0.175184,0.614145
4011,7,6,0.13535,0.139717,0.640391
4012,7,6,0.105399,0.181813,0.665326
4013,7,6,0.130379,0.145097,0.691573
4014,7,6,0.086438,0.349084,0.688948
4015,7,6,0.081445,0.293011,0.715195
4016,7,6,0.08816,0.358787,0.740129
4017,7,6,0.081639,0.302072,0.766376
4018,7,6,0.173018,0.562802,0.763751
4019,7,6,0.137973,0.500916,0.789998
4020,7,6,0.179581,0.573018,0.814932
4021,7,6,0.14328,0.511269,0.841179
4022,7,6,0.34587,0.75995,0.838554
4023,7,6,0.290018,0.70858,0.864801
4024,7,6,0.355543,0.767985,0.889735
4025,7,6,0.299038,0.717492,0.915982
4026,7,6,0.559388,0.888513,0.913357
4027,7,6,0.497465,0.861212,0.939604
4028,7,6,0.569618,0.892246,0.964538
4029,7,6,0.507818,0.866332,0.990785
4030,7,6,0.757236,0.91457,0.98816
4031,7,6,0.907641,0.621555,0.342491
4032,7,6,0.917207,0.679447,0.368738
4033,7,6,0.905167,0.611611,0.393672
4034,7,6,0.916246,0.670038,0.419919
4035,7,6,0.806708,0.406689,0.417294
4036,7,6,0.845455,0.468053,0.443541
4037,7,6,0.799569,0.396625,0.468475
4038,7,6,0.839504,0.45774,0.494722
4039,7,6,0.624853,0.216442,0.492097
4040,7,6,0.682559,0.265088,0.518344
4041,7,6,0.614933,0.208914,0.543279
4042,7,6,0.673186,0.256591,0.569525
4043,7,6,0.410056,0.10101,0.566901
4044,7,6,0.471495,0.124103,0.593147
4045,7,6,0.399973,0.098003,0.618082
4046,7,6,0.461175,0.119664,0.644328
4047,7,6,0.218991,0.090848,0.641704
4048,7,6,0.267953,0.082295,0.66795
4049,7,6,0.211404,0.093156,0.692885
4050,7,6,0.259407,0.083085,0.719132
4051,7,6,0.102067,0.188637,0.716507
4052,7,6,0.125634,0.150694,0.742754
4053,7,6,0.098978,0.195651,0.767688
4054,7,6,0.121118,0.156505,0.793935
4055,7,6,0.090134,0.368576,0.79131
4056,7,6,0.082088,0.311255,0.817557
4057,7,6,0.092359,0.378445,0.842491
4058,7,6,0.082793,0.320553,0.868738
4059,7,6,0.186341,0.58319,0.866113
4060,7,6,0.148805,0.521615,0.89236
4061,7,6,0.193292,0.593311,0.917294
4062,7,6,0.154545,0.531947,0.943541
4063,7,6,0.365304,0.775856,0.940916
4064,7,6,0.308181,0.726271,0.967163
4065,7,6,0.375147,0.783558,0.992097
4066,7,6,0.902445,0.601598,0.444853
4067,7,6,0.915031,0.660526,0.4711
4068,7,6,0.899476,0.591524,0.496034
4069,7,6,0.913562,0.650916,0.522281
4070,7,6,0.792247,0.386624,0.519657
4071,7,6,0.833345,0.447453,0.545903
4072,7,6,0.784746,0.376693,0.570838
4073,7,6,0.826982,0.437198,0.597084
4074,7,6,0.604943,0.201563,0.59446
4075,7,6,0.663708,0.248244,0.620706
4076,7,6,0.594889,0.194396,0.645641
4077,7,6,0.65413,0.24005,0.671888
4078,7,6,0.38995,0.095242,0.669263
4079,7,6,0.450879,0.115458,0.69551
4080,7,6,0.379995,0.092729,0.720444
4081,7,6,0.440612,0.111487,0.746691
4082,7,6,0.203994,0.095713,0.744066
4083,7,6,0.251009,0.08413,0.770313
4084,7,6,0.196764,0.098517,0.795247
4085,7,6,0.242764,0.08543,0.821494
4086,7,6,0.096135,0.202851,0.818869
4087,7,6,0.116834,0.162526,0.845116
4088,7,6,0.093539,0.210233,0.87005
4089,7,6,0.112784,0.168754,0.896297
4090,7,6,0.094833,0.388389,0.893672
4091,7,6,0.083754,0.329962,0.919919
4092,7,6,0.097555,0.398402,0.944853
4093,7,6,0.084969,0.339474,0.9711
4094,7,6,0.200431,0.603375,0.968475
4095,7,6,0.160496,0.54226,0.994722
4096,7,6,0.896263,0.581394,0.547216
4097,7,6,0.91184,0.641213,0.573462
4098,7,6,0.892808,0.571213,0.598397
4099,7,6,0.909866,0.631424,0.624643
4100,7,6,0.777071,0.366837,0.622019
4101,7,6,0.820419,0.426982,0.648265
4102,7,6,0.769227,0.357063,0.6732
4103,7,6,0.813659,0.41681,0.699447
4104,7,6,0.584776,0.187415,0.696822
4105,7,6,0.644457,0.232015,0.723069
4106,7,6,0.574612,0.180625,0.748003
4107,7,6,0.634696,0.224144,0.77425
4108,7,6,0.370114,0.090465,0.771625
4109,7,6,0.430382,0.107754,0.797872
4110,7,6,0.360312,0.088452,0.822806
4111,7,6,0.420195,0.104261,0.849053
4112,7,6,0.189721,0.101568,0.846428
4113,7,6,0.234675,0.086984,0.872675
4114,7,6,0.182867,0.104862,0.897609
4115,7,6,0.226749,0.08879,0.923856
4116,7,6,0.091192,0.217793,0.921231
4117,7,6,0.108972,0.175184,0.947478
4118,7,6,0.089095,0.225525,0.972412
4119,7,6,0.105399,0.181813,0.998659
4120,7,6,0.100524,0.408476,0.996034
4121,7,6,0.889112,0.56099,0.649578
4122,7,6,0.907641,0.621555,0.675825
4123,7,6,0.885178,0.550729,0.700759
4124,7,6,0.905167,0.611611,0.727006
4125,7,6,0.761217,0.347376,0.724381
4126,7,6,0.806708,0.406689,0.750628
4127,7,6,0.753048,0.337783,0.775562
4128,7,6,0.799569,0.396625,0.801809
4129,7,6,0.564402,0.174031,0.799184
4130,7,6,0.624853,0.216442,0.825431
4131,7,6,0.554153,0.167637,0.850365
4132,7,6,0.614933,0.208914,0.876612
4133,7,6,0.350595,0.08669,0.873987
4134,7,6,0.410056,0.10101,0.900234
4135,7,6,0.34097,0.085182,0.925168
4136,7,6,0.399973,0.098003,0.951415
4137,7,6,0.176207,0.108397,0.94879
4138,7,6,0.218991,0.090848,0.975037
4139,7,6,0.881009,0.540437,0.75194
4140,7,6,0.902445,0.601598,0.778187
4141,7,6,0.876606,0.53012,0.803121
4142,7,6,0.899476,0.591524,0.829368
4143,7,6,0.744724,0.328289,0.826743
4144,7,6,0.792247,0.386624,0.85299
4145,7,6,0.73625,0.3189,0.877924
4146,7,6,0.784746,0.376693,0.904171
4147,7,6,0.54387,0.161445,0.901546
4148,7,6,0.604943,0.201563,0.927793
4149,7,6,0.533561,0.155461,0.952727
4150,7,6,0.594889,0.194396,0.978974
4151,7,6,0.331442,0.083927,0.976349
4152,7,6,0.871973,0.519784,0.854302
4153,7,6,0.896263,0.581394,0.880549
4154,7,6,0.867113,0.509437,0.905483
4155,7,6,0.892808,0.571213,0.93173
4156,7,6,0.727631,0.309621,0.929105
4157,7,6,0.777071,0.366837,0.955352
4158,7,6,0.718874,0.30046,0.980286
4159,7,6,0.918555,0.706989,0.881861
4160,7,6,0.918361,0.697928,0.933042
4161,7,6,0.862027,0.499084,0.956664
4162,7,6,0.889112,0.56099,0.982911
4163,7,6,0.917912,0.688745,0.984223
4164,8,1,0.86644,0.78494,0.000264
4165,8,1,0.861048,0.795802,0.039076
4166,8,1,0.406427,0.776461,0.025378
4167,8,1,0.67973,0.884532,0.032227
4168,8,1,0.784025,0.866852,0.055058
4169,8,1,0.772593,0.87151,0.093871
4170,8,1,0.884789,0.695372,0.061907
4171,8,1,0.884285,0.709454,0.10072
4172,8,1,0.118856,0.263571,0.011679
4173,8,1,0.181015,0.5269,0.018528
4174,8,1,0.272378,0.654884,0.041359
4175,8,1,0.259241,0.639585,0.080172
4176,8,1,0.5379,0.85058,0.048209
4177,8,1,0.52139,0.84343,0.087022
4178,8,1,0.649815,0.881864,0.109853
4179,8,1,0.634427,0.879468,0.148665
4180,8,1,0.848268,0.815865,0.116702
4181,8,1,0.840905,0.825028,0.155515
4182,8,1,0.881144,0.736429,0.178346
4183,8,1,0.878513,0.749272,0.217159
4184,8,1,0.251764,0.121245,0.00483
4185,8,1,0.16709,0.166411,0.027661
4186,8,1,0.175701,0.158468,0.066474
4187,8,1,0.123351,0.379919,0.03451
4188,8,1,0.120309,0.364302,0.073323
4189,8,1,0.163694,0.493801,0.096154
4190,8,1,0.15596,0.477254,0.134967
4191,8,1,0.374687,0.752428,0.103003
4192,8,1,0.35915,0.739699,0.141816
4193,8,1,0.488283,0.827237,0.164647
4194,8,1,0.471746,0.818224,0.20346
4195,8,1,0.748236,0.878755,0.171496
4196,8,1,0.735356,0.881328,0.210309
4197,8,1,0.824299,0.841532,0.23314
4198,8,1,0.815088,0.848843,0.271953
4199,8,1,0.656125,0.273474,0.013962
4200,8,1,0.671112,0.287066,0.052775
4201,8,1,0.38121,0.123631,0.020811
4202,8,1,0.397066,0.127427,0.059624
4203,8,1,0.277959,0.116805,0.082455
4204,8,1,0.291686,0.115647,0.121268
4205,8,1,0.124819,0.238347,0.089305
4206,8,1,0.128846,0.22645,0.128117
4207,8,1,0.11634,0.33385,0.150948
4208,8,1,0.11542,0.319071,0.189761
4209,8,1,0.234327,0.608242,0.157798
4210,8,1,0.222596,0.592255,0.196611
4211,8,1,0.328888,0.712934,0.219442
4212,8,1,0.314218,0.698947,0.258254
4213,8,1,0.602934,0.872573,0.226291
4214,8,1,0.586887,0.868087,0.265104
4215,8,1,0.708314,0.884353,0.287935
4216,8,1,0.694202,0.884798,0.326748
4217,8,1,0.871154,0.77355,0.294784
4218,8,1,0.86644,0.78494,0.333597
4219,8,1,0.884789,0.695372,0.395241
4220,8,1,0.851137,0.539251,0.007113
4221,8,1,0.857584,0.555683,0.045926
4222,8,1,0.78862,0.423903,0.068757
4223,8,1,0.799302,0.440201,0.107569
4224,8,1,0.544738,0.191379,0.075606
4225,8,1,0.56114,0.201553,0.114419
4226,8,1,0.429321,0.13708,0.13725
4227,8,1,0.44566,0.142919,0.176063
4228,8,1,0.194708,0.144492,0.144099
4229,8,1,0.205068,0.138485,0.182912
4230,8,1,0.138952,0.204198,0.205743
4231,8,1,0.145013,0.193883,0.244556
4232,8,1,0.142416,0.444317,0.212592
4233,8,1,0.136631,0.427987,0.251405
4234,8,1,0.200698,0.559799,0.274236
4235,8,1,0.19057,0.543389,0.313049
4236,8,1,0.43886,0.798447,0.281085
4237,8,1,0.422572,0.78772,0.319898
4238,8,1,0.55434,0.857081,0.342729
4239,8,1,0.5379,0.85058,0.381542
4240,8,1,0.794932,0.861515,0.349579
4241,8,1,0.784025,0.866852,0.388391
4242,8,1,0.854987,0.806117,0.411222
4243,8,1,0.848268,0.815865,0.450035
4244,8,1,0.868481,0.588209,0.123551
4245,8,1,0.87291,0.604241,0.162364
4246,8,1,0.700108,0.315408,0.130401
4247,8,1,0.714063,0.330105,0.169213
4248,8,1,0.593573,0.223539,0.192044
4249,8,1,0.609544,0.23531,0.230857
4250,8,1,0.32027,0.115468,0.198894
4251,8,1,0.335075,0.116447,0.237706
4252,8,1,0.227407,0.12849,0.260538
4253,8,1,0.239344,0.12452,0.29935
4254,8,1,0.115715,0.290546,0.267387
4255,8,1,0.116931,0.276852,0.3062
4256,8,1,0.12709,0.395759,0.329031
4257,8,1,0.123351,0.379919,0.367843
4258,8,1,0.285937,0.669895,0.33588
4259,8,1,0.272378,0.654884,0.374693
4260,8,1,0.390456,0.76469,0.397524
4261,8,1,0.374687,0.752428,0.436337
4262,8,1,0.664925,0.883553,0.404373
4263,8,1,0.649815,0.881864,0.443186
4264,8,1,0.760656,0.87548,0.466017
4265,8,1,0.748236,0.878755,0.50483
4266,8,1,0.883069,0.723148,0.472866
4267,8,1,0.881144,0.736429,0.511679
4268,8,1,0.818985,0.4731,0.185195
4269,8,1,0.827949,0.48964,0.224008
4270,8,1,0.740759,0.360415,0.246839
4271,8,1,0.753451,0.375972,0.285652
4272,8,1,0.47861,0.15657,0.253688
4273,8,1,0.495159,0.164356,0.292501
4274,8,1,0.365573,0.120532,0.315332
4275,8,1,0.38121,0.123631,0.354145
4276,8,1,0.159095,0.174972,0.322181
4277,8,1,0.16709,0.166411,0.360994
4278,8,1,0.121487,0.250728,0.383825
4279,8,1,0.124819,0.238347,0.422638
4280,8,1,0.172051,0.51036,0.390674
4281,8,1,0.163694,0.493801,0.429487
4282,8,1,0.246549,0.624028,0.452318
4283,8,1,0.234327,0.608242,0.491131
4284,8,1,0.504841,0.835644,0.459168
4285,8,1,0.488283,0.827237,0.49798
4286,8,1,0.61879,0.876369,0.520811
4287,8,1,0.602934,0.872573,0.559624
4288,8,1,0.83291,0.833589,0.527661
4289,8,1,0.824299,0.841532,0.566474
4290,8,1,0.875181,0.761653,0.589305
4291,8,1,0.871154,0.77355,0.628117
4292,8,1,0.879691,0.635698,0.23999
4293,8,1,0.882029,0.651064,0.278802
4294,8,1,0.84404,0.522746,0.301633
4295,8,1,0.851137,0.539251,0.340446
4296,8,1,0.64085,0.260301,0.308483
4297,8,1,0.656125,0.273474,0.347295
4298,8,1,0.528254,0.181776,0.370127
4299,8,1,0.544738,0.191379,0.408939
4300,8,1,0.264644,0.118672,0.376976
4301,8,1,0.277959,0.116805,0.415789
4302,8,1,0.184912,0.151157,0.43862
4303,8,1,0.194708,0.144492,0.477432
4304,8,1,0.117971,0.348936,0.445469
4305,8,1,0.11634,0.33385,0.484282
4306,8,1,0.148863,0.460749,0.507113
4307,8,1,0.142416,0.444317,0.545926
4308,8,1,0.343875,0.726526,0.513962
4309,8,1,0.328888,0.712934,0.552775
4310,8,1,0.455262,0.808621,0.575606
4311,8,1,0.43886,0.798447,0.614419
4312,8,1,0.722041,0.883195,0.582455
4313,8,1,0.708314,0.884353,0.621268
4314,8,1,0.805292,0.855508,0.644099
4315,8,1,0.794932,0.861515,0.682912
4316,8,1,0.88458,0.680929,0.356428
4317,8,1,0.777404,0.407745,0.363277
4318,8,1,0.78862,0.423903,0.40209
4319,8,1,0.685782,0.301053,0.424921
4320,8,1,0.700108,0.315408,0.463734
4321,8,1,0.413113,0.131913,0.43177
4322,8,1,0.429321,0.13708,0.470583
4323,8,1,0.305798,0.115202,0.493414
4324,8,1,0.32027,0.115468,0.532227
4325,8,1,0.13356,0.21506,0.500264
4326,8,1,0.138952,0.204198,0.539076
4327,8,1,0.115211,0.304628,0.561907
4328,8,1,0.115715,0.290546,0.60072
4329,8,1,0.21138,0.576097,0.568757
4330,8,1,0.200698,0.559799,0.607569
4331,8,1,0.299892,0.684592,0.630401
4332,8,1,0.285937,0.669895,0.669213
4333,8,1,0.570679,0.86292,0.63725
4334,8,1,0.55434,0.857081,0.676063
4335,8,1,0.67973,0.884532,0.698894
4336,8,1,0.664925,0.883553,0.737706
4337,8,1,0.861048,0.795802,0.705743
4338,8,1,0.854987,0.806117,0.744556
4339,8,1,0.884285,0.709454,0.767387
4340,8,1,0.883069,0.723148,0.8062
4341,8,1,0.863369,0.572013,0.418072
4342,8,1,0.868481,0.588209,0.456885
4343,8,1,0.80943,0.456611,0.479716
4344,8,1,0.818985,0.4731,0.518528
4345,8,1,0.577428,0.21228,0.486565
4346,8,1,0.593573,0.223539,0.525378
4347,8,1,0.4621,0.14942,0.548209
4348,8,1,0.47861,0.15657,0.587022
4349,8,1,0.215975,0.133148,0.555058
4350,8,1,0.227407,0.12849,0.593871
4351,8,1,0.151732,0.184135,0.616702
4352,8,1,0.159095,0.174972,0.655515
4353,8,1,0.131519,0.411791,0.623551
4354,8,1,0.12709,0.395759,0.662364
4355,8,1,0.181015,0.5269,0.685195
4356,8,1,0.172051,0.51036,0.724008
4357,8,1,0.406427,0.776461,0.692044
4358,8,1,0.390456,0.76469,0.730857
4359,8,1,0.52139,0.84343,0.753688
4360,8,1,0.504841,0.835644,0.792501
4361,8,1,0.772593,0.87151,0.760538
4362,8,1,0.760656,0.87548,0.79935
4363,8,1,0.840905,0.825028,0.822181
4364,8,1,0.83291,0.833589,0.860994
4365,8,1,0.876649,0.620081,0.53451
4366,8,1,0.879691,0.635698,0.573323
4367,8,1,0.727622,0.345116,0.541359
4368,8,1,0.740759,0.360415,0.580172
4369,8,1,0.625313,0.247572,0.603003
4370,8,1,0.64085,0.260301,0.641816
4371,8,1,0.350185,0.118136,0.609853
4372,8,1,0.365573,0.120532,0.648665
4373,8,1,0.251764,0.121245,0.671496
4374,8,1,0.264644,0.118672,0.710309
4375,8,1,0.118856,0.263571,0.678346
4376,8,1,0.121487,0.250728,0.717159
4377,8,1,0.120309,0.364302,0.73999
4378,8,1,0.117971,0.348936,0.778802
4379,8,1,0.259241,0.639585,0.746839
4380,8,1,0.246549,0.624028,0.785652
4381,8,1,0.35915,0.739699,0.808483
4382,8,1,0.343875,0.726526,0.847295
4383,8,1,0.634427,0.879468,0.815332
4384,8,1,0.61879,0.876369,0.854145
4385,8,1,0.735356,0.881328,0.876976
4386,8,1,0.722041,0.883195,0.915789
4387,8,1,0.878513,0.749272,0.883825
4388,8,1,0.875181,0.761653,0.922638
4389,8,1,0.836306,0.506199,0.596154
4390,8,1,0.84404,0.522746,0.634967
4391,8,1,0.765673,0.391758,0.657798
4392,8,1,0.777404,0.407745,0.696611
4393,8,1,0.511717,0.172763,0.664647
4394,8,1,0.528254,0.181776,0.70346
4395,8,1,0.397066,0.127427,0.726291
4396,8,1,0.413113,0.131913,0.765104
4397,8,1,0.175701,0.158468,0.73314
4398,8,1,0.184912,0.151157,0.771953
4399,8,1,0.128846,0.22645,0.794784
4400,8,1,0.13356,0.21506,0.833597
4401,8,1,0.15596,0.477254,0.801633
4402,8,1,0.148863,0.460749,0.840446
4403,8,1,0.222596,0.592255,0.863277
4404,8,1,0.21138,0.576097,0.90209
4405,8,1,0.471746,0.818224,0.870127
4406,8,1,0.455262,0.808621,0.908939
4407,8,1,0.586887,0.868087,0.93177
4408,8,1,0.570679,0.86292,0.970583
4409,8,1,0.815088,0.848843,0.93862
4410,8,1,0.805292,0.855508,0.977432
4411,8,1,0.88366,0.66615,0.650948
4412,8,1,0.88458,0.680929,0.689761
4413,8,1,0.857584,0.555683,0.712592
4414,8,1,0.863369,0.572013,0.751405
4415,8,1,0.671112,0.287066,0.719442
4416,8,1,0.685782,0.301053,0.758254
4417,8,1,0.56114,0.201553,0.781085
4418,8,1,0.577428,0.21228,0.819898
4419,8,1,0.291686,0.115647,0.787935
4420,8,1,0.305798,0.115202,0.826748
4421,8,1,0.205068,0.138485,0.849579
4422,8,1,0.215975,0.133148,0.888391
4423,8,1,0.11542,0.319071,0.856428
4424,8,1,0.115211,0.304628,0.895241
4425,8,1,0.136631,0.427987,0.918072
4426,8,1,0.131519,0.411791,0.956885
4427,8,1,0.314218,0.698947,0.924921
4428,8,1,0.299892,0.684592,0.963734
4429,8,1,0.422572,0.78772,0.986565
4430,8,1,0.694202,0.884798,0.993414
4431,8,1,0.799302,0.440201,0.774236
4432,8,1,0.80943,0.456611,0.813049
4433,8,1,0.714063,0.330105,0.83588
4434,8,1,0.727622,0.345116,0.874693
4435,8,1,0.44566,0.142919,0.842729
4436,8,1,0.4621,0.14942,0.881542
4437,8,1,0.335075,0.116447,0.904373
4438,8,1,0.350185,0.118136,0.943186
4439,8,1,0.145013,0.193883,0.911222
4440,8,1,0.151732,0.184135,0.950035
4441,8,1,0.116931,0.276852,0.972866
4442,8,1,0.19057,0.543389,0.979716
4443,8,1,0.87291,0.604241,0.829031
4444,8,1,0.876649,0.620081,0.867843
4445,8,1,0.827949,0.48964,0.890674
4446,8,1,0.836306,0.506199,0.929487
4447,8,1,0.609544,0.23531,0.897524
4448,8,1,0.625313,0.247572,0.936337
4449,8,1,0.495159,0.164356,0.959168
4450,8,1,0.511717,0.172763,0.99798
4451,8,1,0.239344,0.12452,0.966017
4452,8,1,0.882029,0.651064,0.945469
4453,8,1,0.88366,0.66615,0.984282
4454,8,1,0.753451,0.375972,0.952318
4455,8,1,0.765673,0.391758,0.991131
4456,8,2,0.868038,0.805107,0.067216
4457,8,2,0.445582,0.810475,0.019597
4458,8,2,0.700567,0.893679,0.043407
4459,8,2,0.791515,0.87492,0.091026
4460,8,2,0.770925,0.882851,0.162454
4461,8,2,0.8929,0.718211,0.114835
4462,8,2,0.889924,0.74209,0.186264
4463,8,2,0.306888,0.700567,0.043407
4464,8,2,0.281789,0.674689,0.114835
4465,8,2,0.562931,0.868038,0.067216
4466,8,2,0.533712,0.85656,0.138645
4467,8,2,0.647834,0.889924,0.186264
4468,8,2,0.620152,0.884767,0.257693
4469,8,2,0.843088,0.838784,0.210073
4470,8,2,0.827698,0.852825,0.281502
4471,8,2,0.877458,0.785659,0.329121
4472,8,2,0.868038,0.805107,0.40055
4473,8,2,0.131962,0.194893,0.067216
4474,8,2,0.135107,0.445582,0.019597
4475,8,2,0.12508,0.416595,0.091026
4476,8,2,0.177152,0.533712,0.138645
4477,8,2,0.161216,0.504304,0.210073
4478,8,2,0.388074,0.770925,0.162454
4479,8,2,0.36018,0.74882,0.233883
4480,8,2,0.474873,0.827698,0.281502
4481,8,2,0.445582,0.810475,0.352931
4482,8,2,0.725324,0.892257,0.305312
4483,8,2,0.700567,0.893679,0.37674
4484,8,2,0.791515,0.87492,0.424359
4485,8,2,0.770925,0.882851,0.495788
4486,8,2,0.8929,0.718211,0.448169
4487,8,2,0.889924,0.74209,0.519597
4488,8,2,0.554418,0.189525,0.019597
4489,8,2,0.299433,0.106321,0.043407
4490,8,2,0.208485,0.12508,0.091026
4491,8,2,0.229075,0.117149,0.162454
4492,8,2,0.1071,0.281789,0.114835
4493,8,2,0.110076,0.25791,0.186264
4494,8,2,0.11136,0.36018,0.233883
4495,8,2,0.107743,0.333067,0.305312
4496,8,2,0.235386,0.620152,0.257693
4497,8,2,0.214341,0.591798,0.329121
4498,8,2,0.306888,0.700567,0.37674
4499,8,2,0.281789,0.674689,0.448169
4500,8,2,0.562931,0.868038,0.40055
4501,8,2,0.533712,0.85656,0.471978
4502,8,2,0.647834,0.889924,0.519597
4503,8,2,0.620152,0.884767,0.591026
4504,8,2,0.843088,0.838784,0.543407
4505,8,2,0.827698,0.852825,0.614835
4506,8,2,0.877458,0.785659,0.662454
4507,8,2,0.868038,0.805107,0.733883
4508,8,2,0.693112,0.299433,0.043407
4509,8,2,0.718211,0.325311,0.114835
4510,8,2,0.437069,0.131962,0.067216
4511,8,2,0.466288,0.14344,0.138645
4512,8,2,0.352166,0.110076,0.186264
4513,8,2,0.379848,0.115233,0.257693
4514,8,2,0.156912,0.161216,0.210073
4515,8,2,0.172302,0.147175,0.281502
4516,8,2,0.122542,0.214341,0.329121
4517,8,2,0.131962,0.194893,0.40055
4518,8,2,0.135107,0.445582,0.352931
4519,8,2,0.12508,0.416595,0.424359
4520,8,2,0.177152,0.533712,0.471978
4521,8,2,0.161216,0.504304,0.543407
4522,8,2,0.388074,0.770925,0.495788
4523,8,2,0.36018,0.74882,0.567216
4524,8,2,0.474873,0.827698,0.614835
4525,8,2,0.445582,0.810475,0.686264
4526,8,2,0.725324,0.892257,0.638645
4527,8,2,0.700567,0.893679,0.710073
4528,8,2,0.791515,0.87492,0.757693
4529,8,2,0.770925,0.882851,0.829121
4530,8,2,0.8929,0.718211,0.781502
4531,8,2,0.889924,0.74209,0.852931
4532,8,2,0.864893,0.554418,0.019597
4533,8,2,0.87492,0.583405,0.091026
4534,8,2,0.822848,0.466288,0.138645
4535,8,2,0.838784,0.495696,0.210073
4536,8,2,0.611926,0.229075,0.162454
4537,8,2,0.63982,0.25118,0.233883
4538,8,2,0.525127,0.172302,0.281502
4539,8,2,0.554418,0.189525,0.352931
4540,8,2,0.274676,0.107743,0.305312
4541,8,2,0.299433,0.106321,0.37674
4542,8,2,0.208485,0.12508,0.424359
4543,8,2,0.229075,0.117149,0.495788
4544,8,2,0.1071,0.281789,0.448169
4545,8,2,0.110076,0.25791,0.519597
4546,8,2,0.11136,0.36018,0.567216
4547,8,2,0.107743,0.333067,0.638645
4548,8,2,0.235386,0.620152,0.591026
4549,8,2,0.214341,0.591798,0.662454
4550,8,2,0.306888,0.700567,0.710073
4551,8,2,0.281789,0.674689,0.781502
4552,8,2,0.562931,0.868038,0.733883
4553,8,2,0.533712,0.85656,0.805312
4554,8,2,0.647834,0.889924,0.852931
4555,8,2,0.620152,0.884767,0.924359
4556,8,2,0.843088,0.838784,0.87674
4557,8,2,0.827698,0.852825,0.948169
4558,8,2,0.877458,0.785659,0.995788
4559,8,2,0.88864,0.63982,0.233883
4560,8,2,0.892257,0.666933,0.305312
4561,8,2,0.764614,0.379848,0.257693
4562,8,2,0.785659,0.408202,0.329121
4563,8,2,0.693112,0.299433,0.37674
4564,8,2,0.718211,0.325311,0.448169
4565,8,2,0.437069,0.131962,0.40055
4566,8,2,0.466288,0.14344,0.471978
4567,8,2,0.352166,0.110076,0.519597
4568,8,2,0.379848,0.115233,0.591026
4569,8,2,0.156912,0.161216,0.543407
4570,8,2,0.172302,0.147175,0.614835
4571,8,2,0.122542,0.214341,0.662454
4572,8,2,0.131962,0.194893,0.733883
4573,8,2,0.135107,0.445582,0.686264
4574,8,2,0.12508,0.416595,0.757693
4575,8,2,0.177152,0.533712,0.805312
4576,8,2,0.161216,0.504304,0.87674
4577,8,2,0.388074,0.770925,0.829121
4578,8,2,0.36018,0.74882,0.90055
4579,8,2,0.474873,0.827698,0.948169
4580,8,2,0.725324,0.892257,0.971978
4581,8,2,0.864893,0.554418,0.352931
4582,8,2,0.87492,0.583405,0.424359
4583,8,2,0.822848,0.466288,0.471978
4584,8,2,0.838784,0.495696,0.543407
4585,8,2,0.611926,0.229075,0.495788
4586,8,2,0.63982,0.25118,0.567216
4587,8,2,0.525127,0.172302,0.614835
4588,8,2,0.554418,0.189525,0.686264
4589,8,2,0.274676,0.107743,0.638645
4590,8,2,0.299433,0.106321,0.710073
4591,8,2,0.208485,0.12508,0.757693
4592,8,2,0.229075,0.117149,0.829121
4593,8,2,0.1071,0.281789,0.781502
4594,8,2,0.110076,0.25791,0.852931
4595,8,2,0.11136,0.36018,0.90055
4596,8,2,0.107743,0.333067,0.971978
4597,8,2,0.235386,0.620152,0.924359
4598,8,2,0.214341,0.591798,0.995788
4599,8,2,0.88864,0.63982,0.567216
4600,8,2,0.892257,0.666933,0.638645
4601,8,2,0.764614,0.379848,0.591026
4602,8,2,0.785659,0.408202,0.662454
4603,8,2,0.693112,0.299433,0.710073
4604,8,2,0.718211,0.325311,0.781502
4605,8,2,0.437069,0.131962,0.733883
4606,8,2,0.466288,0.14344,0.805312
4607,8,2,0.352166,0.110076,0.852931
4608,8,2,0.379848,0.115233,0.924359
4609,8,2,0.156912,0.161216,0.87674
4610,8,2,0.172302,0.147175,0.948169
4611,8,2,0.122542,0.214341,0.995788
4612,8,2,0.864893,0.554418,0.686264
4613,8,2,0.87492,0.583405,0.757693
4614,8,2,0.822848,0.466288,0.805312
4615,8,2,0.838784,0.495696,0.87674
4616,8,2,0.611926,0.229075,0.829121
4617,8,2,0.63982,0.25118,0.90055
4618,8,2,0.525127,0.172302,0.948169
4619,8,2,0.274676,0.107743,0.971978
4620,8,2,0.88864,0.63982,0.90055
4621,8,2,0.892257,0.666933,0.971978
4622,8,2,0.764614,0.379848,0.924359
4623,8,2,0.785659,0.408202,0.995788
4624,8,3,0.87636,0.811977,0.0288
4625,8,3,0.724804,0.901639,0.013336
4626,8,3,0.80287,0.881137,0.037391
4627,8,3,0.775711,0.891919,0.070037
4628,8,3,0.900422,0.736367,0.052855
4629,8,3,0.894483,0.766868,0.085501
4630,8,3,0.902285,0.714776,0.142202
4631,8,3,0.350976,0.749377,0.006463
4632,8,3,0.315398,0.717541,0.039109
4633,8,3,0.594203,0.886078,0.021927
4634,8,3,0.555788,0.873186,0.054573
4635,8,3,0.656079,0.899427,0.078628
4636,8,3,0.619342,0.892655,0.111274
4637,8,3,0.841672,0.855243,0.094092
4638,8,3,0.819403,0.871944,0.126738
4639,8,3,0.871533,0.820053,0.150793
4640,8,3,0.854738,0.842236,0.183439
4641,8,3,0.10114,0.253204,0.008181
4642,8,3,0.142733,0.482086,0.023645
4643,8,3,0.202207,0.585731,0.0477
4644,8,3,0.177329,0.547167,0.080346
4645,8,3,0.413225,0.797073,0.063164
4646,8,3,0.375497,0.769313,0.09581
4647,8,3,0.477745,0.836995,0.119865
4648,8,3,0.438854,0.814038,0.152511
4649,8,3,0.713871,0.902325,0.135329
4650,8,3,0.679773,0.901851,0.167975
4651,8,3,0.766066,0.894695,0.19203
4652,8,3,0.735501,0.900531,0.224676
4653,8,3,0.891673,0.776489,0.207494
4654,8,3,0.880791,0.803573,0.24014
4655,8,3,0.901564,0.72569,0.264195
4656,8,3,0.89688,0.756967,0.296841
4657,8,3,0.145262,0.157764,0.016773
4658,8,3,0.165403,0.13881,0.049419
4659,8,3,0.10044,0.342936,0.032236
4660,8,3,0.09754,0.307716,0.064882
4661,8,3,0.113621,0.404758,0.088937
4662,8,3,0.104471,0.36726,0.121584
4663,8,3,0.249784,0.648031,0.104401
4664,8,3,0.220368,0.611013,0.137047
4665,8,3,0.303909,0.706457,0.161102
4666,8,3,0.270724,0.671954,0.193748
4667,8,3,0.542847,0.868099,0.176566
4668,8,3,0.503812,0.850546,0.209212
4669,8,3,0.606829,0.889571,0.233267
4670,8,3,0.568669,0.877881,0.265913
4671,8,3,0.8113,0.876738,0.248731
4672,8,3,0.785066,0.888731,0.281377
4673,8,3,0.848388,0.848922,0.305432
4674,8,3,0.827172,0.866759,0.338078
4675,8,3,0.902583,0.703637,0.353542
4676,8,3,0.59946,0.211882,0.018491
4677,8,3,0.320227,0.098149,0.001309
4678,8,3,0.35602,0.102414,0.033955
4679,8,3,0.264499,0.099469,0.05801
4680,8,3,0.297286,0.097411,0.090656
4681,8,3,0.119209,0.196427,0.073474
4682,8,3,0.133683,0.172206,0.10612
4683,8,3,0.10312,0.243033,0.130175
4684,8,3,0.111548,0.21418,0.162821
4685,8,3,0.136911,0.469072,0.145638
4686,8,3,0.121752,0.430278,0.178285
4687,8,3,0.169702,0.534195,0.20234
4688,8,3,0.14893,0.495119,0.234986
4689,8,3,0.363165,0.759481,0.217803
4690,8,3,0.32708,0.728396,0.250449
4691,8,3,0.426001,0.805716,0.274504
4692,8,3,0.38796,0.778862,0.307151
4693,8,3,0.668014,0.900849,0.289968
4694,8,3,0.63173,0.895328,0.322614
4695,8,3,0.724804,0.901639,0.346669
4696,8,3,0.691344,0.902431,0.379315
4697,8,3,0.87636,0.811977,0.362133
4698,8,3,0.860717,0.835191,0.394779
4699,8,3,0.894483,0.766868,0.418834
4700,8,3,0.884823,0.794851,0.45148
4701,8,3,0.80641,0.427052,0.003027
4702,8,3,0.729276,0.328046,0.027082
4703,8,3,0.760298,0.364171,0.059728
4704,8,3,0.496188,0.149454,0.042546
4705,8,3,0.53526,0.170314,0.075192
4706,8,3,0.431331,0.122119,0.099247
4707,8,3,0.470138,0.137374,0.131893
4708,8,3,0.214934,0.111269,0.114711
4709,8,3,0.243857,0.102942,0.147357
4710,8,3,0.172828,0.133241,0.171412
4711,8,3,0.19713,0.118863,0.204058
4712,8,3,0.097417,0.296363,0.186876
4713,8,3,0.099578,0.263633,0.219522
4714,8,3,0.102247,0.355022,0.243577
4715,8,3,0.098086,0.319271,0.276223
4716,8,3,0.211136,0.598423,0.259041
4717,8,3,0.185294,0.560089,0.291687
4718,8,3,0.260128,0.660076,0.315742
4719,8,3,0.229894,0.623486,0.348388
4720,8,3,0.490774,0.843951,0.331205
4721,8,3,0.451772,0.822031,0.363852
4722,8,3,0.555788,0.873186,0.387907
4723,8,3,0.516846,0.856773,0.420553
4724,8,3,0.775711,0.891919,0.40337
4725,8,3,0.745951,0.899004,0.436016
4726,8,3,0.819403,0.871944,0.460071
4727,8,3,0.794122,0.885136,0.492718
4728,8,3,0.902285,0.714776,0.475535
4729,8,3,0.89886,0.746796,0.508181
4730,8,3,0.878248,0.569722,0.011618
4731,8,3,0.889839,0.607859,0.044264
4732,8,3,0.85107,0.504881,0.068319
4733,8,3,0.86853,0.54391,0.100965
4734,8,3,0.67292,0.271604,0.083783
4735,8,3,0.707374,0.304843,0.116429
4736,8,3,0.61204,0.221138,0.140484
4737,8,3,0.649024,0.250623,0.17313
4738,8,3,0.36827,0.104672,0.155948
4739,8,3,0.405797,0.113922,0.188594
4740,8,3,0.308656,0.097569,0.212649
4741,8,3,0.343921,0.100573,0.245295
4742,8,3,0.139283,0.164809,0.228113
4743,8,3,0.158328,0.144757,0.260759
4744,8,3,0.115177,0.205149,0.284814
4745,8,3,0.128467,0.179947,0.31746
4746,8,3,0.117486,0.417474,0.300278
4747,8,3,0.10711,0.379638,0.332924
4748,8,3,0.142733,0.482086,0.356979
4749,8,3,0.126415,0.443154,0.389625
4750,8,3,0.315398,0.717541,0.372443
4751,8,3,0.281561,0.683652,0.405089
4752,8,3,0.375497,0.769313,0.429144
4753,8,3,0.338943,0.739012,0.46179
4754,8,3,0.619342,0.892655,0.444608
4755,8,3,0.581479,0.88218,0.477254
4756,8,3,0.679773,0.901851,0.501309
4757,8,3,0.64398,0.897586,0.533955
4758,8,3,0.854738,0.842236,0.516773
4759,8,3,0.834597,0.86119,0.549419
4760,8,3,0.880791,0.803573,0.573474
4761,8,3,0.866317,0.827794,0.60612
4762,8,3,0.901914,0.680729,0.109556
4763,8,3,0.814706,0.439911,0.12502
4764,8,3,0.837579,0.478813,0.157666
4765,8,3,0.770106,0.376514,0.181721
4766,8,3,0.797793,0.414269,0.214367
4767,8,3,0.548228,0.177969,0.197185
4768,8,3,0.586775,0.202927,0.229831
4769,8,3,0.483154,0.143227,0.253886
4770,8,3,0.522255,0.163005,0.286532
4771,8,3,0.254049,0.100996,0.26935
4772,8,3,0.286129,0.097675,0.301996
4773,8,3,0.205878,0.114864,0.326051
4774,8,3,0.233934,0.105305,0.358697
4775,8,3,0.10114,0.253204,0.341515
4776,8,3,0.108327,0.223511,0.374161
4777,8,3,0.09754,0.307716,0.398216
4778,8,3,0.098436,0.27431,0.430862
4779,8,3,0.177329,0.547167,0.41368
4780,8,3,0.155495,0.508158,0.446326
4781,8,3,0.220368,0.611013,0.470381
4782,8,3,0.19359,0.572948,0.503027
4783,8,3,0.438854,0.814038,0.485845
4784,8,3,0.40054,0.788118,0.518491
4785,8,3,0.503812,0.850546,0.542546
4786,8,3,0.46474,0.829686,0.575192
4787,8,3,0.735501,0.900531,0.55801
4788,8,3,0.702714,0.902589,0.590656
4789,8,3,0.785066,0.888731,0.614711
4790,8,3,0.756143,0.897058,0.647357
4791,8,3,0.89688,0.756967,0.630175
4792,8,3,0.888452,0.78582,0.662821
4793,8,3,0.902583,0.703637,0.686876
4794,8,3,0.900422,0.736367,0.719522
4795,8,3,0.89289,0.620362,0.166257
4796,8,3,0.89956,0.657064,0.198903
4797,8,3,0.873585,0.556846,0.222958
4798,8,3,0.886379,0.595242,0.255604
4799,8,3,0.718439,0.316348,0.238422
4800,8,3,0.750216,0.351969,0.271068
4801,8,3,0.661057,0.260988,0.295123
4802,8,3,0.696091,0.293543,0.327769
4803,8,3,0.418521,0.11782,0.310587
4804,8,3,0.457153,0.131901,0.343233
4805,8,3,0.35602,0.102414,0.367288
4806,8,3,0.393171,0.110429,0.399934
4807,8,3,0.165403,0.13881,0.382752
4808,8,3,0.1887,0.123262,0.415398
4809,8,3,0.133683,0.172206,0.439453
4810,8,3,0.151612,0.151078,0.472099
4811,8,3,0.104471,0.36726,0.454917
4812,8,3,0.099053,0.331015,0.487563
4813,8,3,0.121752,0.430278,0.511618
4814,8,3,0.110161,0.392141,0.544264
4815,8,3,0.270724,0.671954,0.527082
4816,8,3,0.239702,0.635829,0.559728
4817,8,3,0.32708,0.728396,0.583783
4818,8,3,0.292626,0.695157,0.616429
4819,8,3,0.568669,0.877881,0.599247
4820,8,3,0.529862,0.862626,0.631893
4821,8,3,0.63173,0.895328,0.655948
4822,8,3,0.594203,0.886078,0.688594
4823,8,3,0.827172,0.866759,0.671412
4824,8,3,0.80287,0.881137,0.704058
4825,8,3,0.860717,0.835191,0.728113
4826,8,3,0.841672,0.855243,0.760759
4827,8,3,0.844505,0.491842,0.279659
4828,8,3,0.863089,0.530928,0.312305
4829,8,3,0.80641,0.427052,0.33636
4830,8,3,0.830298,0.465805,0.369006
4831,8,3,0.59946,0.211882,0.351824
4832,8,3,0.636835,0.240519,0.38447
4833,8,3,0.53526,0.170314,0.408525
4834,8,3,0.573999,0.194284,0.441171
4835,8,3,0.297286,0.097411,0.423989
4836,8,3,0.331986,0.099151,0.456635
4837,8,3,0.243857,0.102942,0.48069
4838,8,3,0.275196,0.098361,0.513336
4839,8,3,0.111548,0.21418,0.496154
4840,8,3,0.12364,0.188023,0.5288
4841,8,3,0.099578,0.263633,0.552855
4842,8,3,0.105517,0.233132,0.585501
4843,8,3,0.14893,0.495119,0.568319
4844,8,3,0.13147,0.45609,0.600965
4845,8,3,0.185294,0.560089,0.62502
4846,8,3,0.162421,0.521187,0.657666
4847,8,3,0.38796,0.778862,0.640484
4848,8,3,0.350976,0.749377,0.67313
4849,8,3,0.451772,0.822031,0.697185
4850,8,3,0.413225,0.797073,0.729831
4851,8,3,0.691344,0.902431,0.712649
4852,8,3,0.656079,0.899427,0.745295
4853,8,3,0.745951,0.899004,0.76935
4854,8,3,0.713871,0.902325,0.801996
4855,8,3,0.884823,0.794851,0.784814
4856,8,3,0.871533,0.820053,0.81746
4857,8,3,0.89886,0.746796,0.841515
4858,8,3,0.891673,0.776489,0.874161
4859,8,3,0.900947,0.668985,0.320896
4860,8,3,0.889839,0.607859,0.377597
4861,8,3,0.897753,0.644978,0.410243
4862,8,3,0.760298,0.364171,0.393061
4863,8,3,0.788864,0.401577,0.425707
4864,8,3,0.707374,0.304843,0.449762
4865,8,3,0.739872,0.339924,0.482408
4866,8,3,0.470138,0.137374,0.465226
4867,8,3,0.509226,0.156049,0.497872
4868,8,3,0.405797,0.113922,0.521927
4869,8,3,0.444212,0.126814,0.554573
4870,8,3,0.19713,0.118863,0.537391
4871,8,3,0.224289,0.108081,0.570037
4872,8,3,0.158328,0.144757,0.594092
4873,8,3,0.180597,0.128056,0.626738
4874,8,3,0.098086,0.319271,0.609556
4875,8,3,0.097715,0.285224,0.642202
4876,8,3,0.10711,0.379638,0.666257
4877,8,3,0.10044,0.342936,0.698903
4878,8,3,0.229894,0.623486,0.681721
4879,8,3,0.202207,0.585731,0.714367
4880,8,3,0.281561,0.683652,0.738422
4881,8,3,0.249784,0.648031,0.771068
4882,8,3,0.516846,0.856773,0.753886
4883,8,3,0.477745,0.836995,0.786532
4884,8,3,0.581479,0.88218,0.810587
4885,8,3,0.542847,0.868099,0.843233
4886,8,3,0.794122,0.885136,0.826051
4887,8,3,0.766066,0.894695,0.858697
4888,8,3,0.834597,0.86119,0.882752
4889,8,3,0.8113,0.876738,0.915398
4890,8,3,0.901564,0.72569,0.930862
4891,8,3,0.86853,0.54391,0.434298
4892,8,3,0.882514,0.582526,0.466944
4893,8,3,0.837579,0.478813,0.490999
4894,8,3,0.857267,0.517914,0.523645
4895,8,3,0.649024,0.250623,0.506463
4896,8,3,0.684602,0.282459,0.539109
4897,8,3,0.586775,0.202927,0.563164
4898,8,3,0.624503,0.230687,0.59581
4899,8,3,0.343921,0.100573,0.578628
4900,8,3,0.380658,0.107345,0.611274
4901,8,3,0.286129,0.097675,0.635329
4902,8,3,0.320227,0.098149,0.667975
4903,8,3,0.128467,0.179947,0.650793
4904,8,3,0.145262,0.157764,0.683439
4905,8,3,0.108327,0.223511,0.707494
4906,8,3,0.119209,0.196427,0.74014
4907,8,3,0.126415,0.443154,0.722958
4908,8,3,0.113621,0.404758,0.755604
4909,8,3,0.155495,0.508158,0.779659
4910,8,3,0.136911,0.469072,0.812305
4911,8,3,0.338943,0.739012,0.795123
4912,8,3,0.303909,0.706457,0.827769
4913,8,3,0.40054,0.788118,0.851824
4914,8,3,0.363165,0.759481,0.88447
4915,8,3,0.64398,0.897586,0.867288
4916,8,3,0.606829,0.889571,0.899934
4917,8,3,0.702714,0.902589,0.923989
4918,8,3,0.668014,0.900849,0.956635
4919,8,3,0.866317,0.827794,0.939453
4920,8,3,0.848388,0.848922,0.972099
4921,8,3,0.888452,0.78582,0.996154
4922,8,3,0.89956,0.657064,0.532236
4923,8,3,0.90246,0.692284,0.564882
4924,8,3,0.797793,0.414269,0.5477
4925,8,3,0.822671,0.452833,0.580346
4926,8,3,0.750216,0.351969,0.604401
4927,8,3,0.779632,0.388987,0.637047
4928,8,3,0.522255,0.163005,0.619865
4929,8,3,0.561146,0.185962,0.652511
4930,8,3,0.457153,0.131901,0.676566
4931,8,3,0.496188,0.149454,0.709212
4932,8,3,0.233934,0.105305,0.69203
4933,8,3,0.264499,0.099469,0.724676
4934,8,3,0.1887,0.123262,0.748731
4935,8,3,0.214934,0.111269,0.781377
4936,8,3,0.098436,0.27431,0.764195
4937,8,3,0.10312,0.243033,0.796841
4938,8,3,0.099053,0.331015,0.820896
4939,8,3,0.097417,0.296363,0.853542
4940,8,3,0.19359,0.572948,0.83636
4941,8,3,0.169702,0.534195,0.869006
4942,8,3,0.239702,0.635829,0.893061
4943,8,3,0.211136,0.598423,0.925707
4944,8,3,0.46474,0.829686,0.908525
4945,8,3,0.426001,0.805716,0.941171
4946,8,3,0.529862,0.862626,0.965226
4947,8,3,0.490774,0.843951,0.997872
4948,8,3,0.756143,0.897058,0.98069
4949,8,3,0.886379,0.595242,0.588937
4950,8,3,0.895529,0.63274,0.621584
4951,8,3,0.863089,0.530928,0.645638
4952,8,3,0.878248,0.569722,0.678285
4953,8,3,0.696091,0.293543,0.661102
4954,8,3,0.729276,0.328046,0.693748
4955,8,3,0.636835,0.240519,0.717803
4956,8,3,0.67292,0.271604,0.750449
4957,8,3,0.393171,0.110429,0.733267
4958,8,3,0.431331,0.122119,0.765913
4959,8,3,0.331986,0.099151,0.789968
4960,8,3,0.36827,0.104672,0.822614
4961,8,3,0.151612,0.151078,0.805432
4962,8,3,0.172828,0.133241,0.838078
4963,8,3,0.12364,0.188023,0.862133
4964,8,3,0.139283,0.164809,0.894779
4965,8,3,0.110161,0.392141,0.877597
4966,8,3,0.102247,0.355022,0.910243
4967,8,3,0.13147,0.45609,0.934298
4968,8,3,0.117486,0.417474,0.966944
4969,8,3,0.292626,0.695157,0.949762
4970,8,3,0.260128,0.660076,0.982408
4971,8,3,0.830298,0.465805,0.70234
4972,8,3,0.85107,0.504881,0.734986
4973,8,3,0.788864,0.401577,0.759041
4974,8,3,0.814706,0.439911,0.791687
4975,8,3,0.573999,0.194284,0.774504
4976,8,3,0.61204,0.221138,0.807151
4977,8,3,0.509226,0.156049,0.831205
4978,8,3,0.548228,0.177969,0.863852
4979,8,3,0.275196,0.098361,0.846669
4980,8,3,0.308656,0.097569,0.879315
4981,8,3,0.224289,0.108081,0.90337
4982,8,3,0.254049,0.100996,0.936016
4983,8,3,0.105517,0.233132,0.918834
4984,8,3,0.115177,0.205149,0.95148
4985,8,3,0.097715,0.285224,0.975535
4986,8,3,0.162421,0.521187,0.990999
4987,8,3,0.897753,0.644978,0.743577
4988,8,3,0.901914,0.680729,0.776223
4989,8,3,0.882514,0.582526,0.800278
4990,8,3,0.89289,0.620362,0.832924
4991,8,3,0.739872,0.339924,0.815742
4992,8,3,0.770106,0.376514,0.848388
4993,8,3,0.684602,0.282459,0.872443
4994,8,3,0.718439,0.316348,0.905089
4995,8,3,0.444212,0.126814,0.887907
4996,8,3,0.483154,0.143227,0.920553
4997,8,3,0.380658,0.107345,0.944608
4998,8,3,0.418521,0.11782,0.977254
4999,8,3,0.180597,0.128056,0.960071
5000,8,3,0.205878,0.114864,0.992718
5001,8,3,0.857267,0.517914,0.856979
5002,8,3,0.873585,0.556846,0.889625
5003,8,3,0.822671,0.452833,0.91368
5004,8,3,0.844505,0.491842,0.946326
5005,8,3,0.624503,0.230687,0.929144
5006,8,3,0.661057,0.260988,0.96179
5007,8,3,0.561146,0.185962,0.985845
5008,8,3,0.90246,0.692284,0.898216
5009,8,3,0.895529,0.63274,0.954917
5010,8,3,0.900947,0.668985,0.987563
5011,8,3,0.779632,0.388987,0.970381
5012,8,4,0.885378,0.816961,0.098718
5013,8,4,0.749964,0.907771,0.02729
5014,8,4,0.816358,0.885707,0.122528
5015,8,4,0.784953,0.899249,0.241575
5016,8,4,0.907647,0.750714,0.193956
5017,8,4,0.899022,0.785634,0.313004
5018,8,4,0.911146,0.712642,0.408242
5019,8,4,0.907647,0.750714,0.52729
5020,8,4,0.356503,0.761999,0.098718
5021,8,4,0.628089,0.902461,0.051099
5022,8,4,0.583531,0.890474,0.170147
5023,8,4,0.671036,0.909387,0.265385
5024,8,4,0.628089,0.902461,0.384433
5025,8,4,0.843785,0.867315,0.336814
5026,8,4,0.816358,0.885707,0.455861
5027,8,4,0.866889,0.844303,0.551099
5028,8,4,0.843785,0.867315,0.670147
5029,8,4,0.911146,0.712642,0.741575
5030,8,4,0.173464,0.553207,0.02729
5031,8,4,0.237273,0.642611,0.122528
5032,8,4,0.203504,0.598528,0.241575
5033,8,4,0.445855,0.825961,0.193956
5034,8,4,0.400554,0.79584,0.313004
5035,8,4,0.491838,0.851982,0.408242
5036,8,4,0.445855,0.825961,0.52729
5037,8,4,0.711832,0.911164,0.479671
5038,8,4,0.671036,0.909387,0.598718
5039,8,4,0.749964,0.907771,0.693956
5040,8,4,0.711832,0.911164,0.813004
5041,8,4,0.885378,0.816961,0.765385
5042,8,4,0.866889,0.844303,0.884433
5043,8,4,0.899022,0.785634,0.979671
5044,8,4,0.114622,0.183039,0.098718
5045,8,4,0.10923,0.415543,0.051099
5046,8,4,0.097346,0.371013,0.170147
5047,8,4,0.126028,0.461136,0.265385
5048,8,4,0.10923,0.415543,0.384433
5049,8,4,0.274346,0.684899,0.336814
5050,8,4,0.237273,0.642611,0.455861
5051,8,4,0.314256,0.724863,0.551099
5052,8,4,0.274346,0.684899,0.670147
5053,8,4,0.537923,0.873577,0.622528
5054,8,4,0.491838,0.851982,0.741575
5055,8,4,0.583531,0.890474,0.836814
5056,8,4,0.537923,0.873577,0.955861
5057,8,4,0.784953,0.899249,0.908242
5058,8,4,0.250036,0.092229,0.02729
5059,8,4,0.183642,0.114293,0.122528
5060,8,4,0.215047,0.100751,0.241575
5061,8,4,0.092353,0.249286,0.193956
5062,8,4,0.100978,0.214366,0.313004
5063,8,4,0.088854,0.287358,0.408242
5064,8,4,0.092353,0.249286,0.52729
5065,8,4,0.14753,0.507217,0.479671
5066,8,4,0.126028,0.461136,0.598718
5067,8,4,0.173464,0.553207,0.693956
5068,8,4,0.14753,0.507217,0.813004
5069,8,4,0.356503,0.761999,0.765385
5070,8,4,0.314256,0.724863,0.884433
5071,8,4,0.400554,0.79584,0.979671
5072,8,4,0.643497,0.238001,0.098718
5073,8,4,0.371911,0.097539,0.051099
5074,8,4,0.416469,0.109526,0.170147
5075,8,4,0.328964,0.090613,0.265385
5076,8,4,0.371911,0.097539,0.384433
5077,8,4,0.156215,0.132685,0.336814
5078,8,4,0.183642,0.114293,0.455861
5079,8,4,0.133111,0.155697,0.551099
5080,8,4,0.156215,0.132685,0.670147
5081,8,4,0.090525,0.328105,0.622528
5082,8,4,0.088854,0.287358,0.741575
5083,8,4,0.097346,0.371013,0.836814
5084,8,4,0.090525,0.328105,0.955861
5085,8,4,0.203504,0.598528,0.908242
5086,8,4,0.826536,0.446793,0.02729
5087,8,4,0.762727,0.357389,0.122528
5088,8,4,0.796496,0.401472,0.241575
5089,8,4,0.554145,0.174039,0.193956
5090,8,4,0.599446,0.20416,0.313004
5091,8,4,0.508162,0.148018,0.408242
5092,8,4,0.554145,0.174039,0.52729
5093,8,4,0.288168,0.088836,0.479671
5094,8,4,0.328964,0.090613,0.598718
5095,8,4,0.250036,0.092229,0.693956
5096,8,4,0.288168,0.088836,0.813004
5097,8,4,0.114622,0.183039,0.765385
5098,8,4,0.133111,0.155697,0.884433
5099,8,4,0.100978,0.214366,0.979671
5100,8,4,0.89077,0.584457,0.051099
5101,8,4,0.902654,0.628987,0.170147
5102,8,4,0.873972,0.538864,0.265385
5103,8,4,0.89077,0.584457,0.384433
5104,8,4,0.725654,0.315101,0.336814
5105,8,4,0.762727,0.357389,0.455861
5106,8,4,0.685744,0.275137,0.551099
5107,8,4,0.725654,0.315101,0.670147
5108,8,4,0.462077,0.126423,0.622528
5109,8,4,0.508162,0.148018,0.741575
5110,8,4,0.416469,0.109526,0.836814
5111,8,4,0.462077,0.126423,0.955861
5112,8,4,0.215047,0.100751,0.908242
5113,8,4,0.85247,0.492783,0.479671
5114,8,4,0.873972,0.538864,0.598718
5115,8,4,0.826536,0.446793,0.693956
5116,8,4,0.85247,0.492783,0.813004
5117,8,4,0.643497,0.238001,0.765385
5118,8,4,0.685744,0.275137,0.884433
5119,8,4,0.599446,0.20416,0.979671
5120,8,4,0.909475,0.671895,0.622528
5121,8,4,0.902654,0.628987,0.836814
5122,8,4,0.909475,0.671895,0.955861
5123,8,4,0.796496,0.401472,0.908242
5124,8,5,0.894601,0.820499,0.021199
5125,8,5,0.774489,0.91193,0.001819
5126,8,5,0.830701,0.888819,0.025075
5127,8,5,0.796909,0.905056,0.052206
5128,8,5,0.914677,0.762047,0.044454
5129,8,5,0.903933,0.799891,0.071586
5130,8,5,0.918182,0.737439,0.094842
5131,8,5,0.911109,0.777683,0.121974
5132,8,5,0.401754,0.804036,0.013447
5133,8,5,0.662099,0.916092,0.005695
5134,8,5,0.613906,0.906567,0.032827
5135,8,5,0.689906,0.918855,0.056082
5136,8,5,0.64307,0.913015,0.083214
5137,8,5,0.848654,0.876294,0.075462
5138,8,5,0.817746,0.89602,0.102594
5139,8,5,0.864748,0.861761,0.12585
5140,8,5,0.836886,0.884871,0.152982
5141,8,5,0.919455,0.711565,0.14523
5142,8,5,0.916092,0.753993,0.172361
5143,8,5,0.918855,0.728948,0.222749
5144,8,5,0.279678,0.698957,0.017323
5145,8,5,0.237953,0.65263,0.044454
5146,8,5,0.482561,0.85423,0.036703
5147,8,5,0.431784,0.824319,0.063834
5148,8,5,0.513199,0.869684,0.08709
5149,8,5,0.462177,0.842872,0.114222
5150,8,5,0.716701,0.919383,0.10647
5151,8,5,0.671471,0.917261,0.133602
5152,8,5,0.742339,0.917673,0.156858
5153,8,5,0.698957,0.919279,0.183989
5154,8,5,0.878895,0.845299,0.176237
5155,8,5,0.85423,0.871669,0.203369
5156,8,5,0.89102,0.826993,0.226625
5157,8,5,0.869684,0.856484,0.253757
5158,8,5,0.083908,0.246007,0.005695
5159,8,5,0.111181,0.441882,0.025075
5160,8,5,0.149005,0.523405,0.04833
5161,8,5,0.123706,0.47236,0.075462
5162,8,5,0.306321,0.725382,0.06771
5163,8,5,0.262561,0.680742,0.094842
5164,8,5,0.333997,0.750604,0.118098
5165,8,5,0.288435,0.707891,0.14523
5166,8,5,0.543768,0.883165,0.137478
5167,8,5,0.492771,0.859595,0.16461
5168,8,5,0.574103,0.894601,0.187865
5169,8,5,0.523405,0.8744,0.214997
5170,8,5,0.766684,0.913735,0.207245
5171,8,5,0.725382,0.919061,0.234377
5172,8,5,0.789606,0.90759,0.257633
5173,8,5,0.750604,0.916607,0.284765
5174,8,5,0.90106,0.806944,0.277013
5175,8,5,0.883165,0.839397,0.304144
5176,8,5,0.908959,0.785256,0.3274
5177,8,5,0.894601,0.820499,0.354532
5178,8,5,0.121105,0.154701,0.009571
5179,8,5,0.14577,0.128331,0.036703
5180,8,5,0.081509,0.315438,0.028951
5181,8,5,0.081145,0.271052,0.056082
5182,8,5,0.084706,0.343426,0.079338
5183,8,5,0.080617,0.297318,0.10647
5184,8,5,0.166706,0.553913,0.098718
5185,8,5,0.138239,0.502986,0.12585
5186,8,5,0.186186,0.584134,0.149106
5187,8,5,0.154701,0.533596,0.176237
5188,8,5,0.362558,0.774489,0.168485
5189,8,5,0.315438,0.73393,0.195617
5190,8,5,0.391853,0.796909,0.218873
5191,8,5,0.343426,0.758721,0.246005
5192,8,5,0.604042,0.903933,0.238253
5193,8,5,0.553913,0.887207,0.265385
5194,8,5,0.633426,0.911109,0.288641
5195,8,5,0.584134,0.897949,0.315772
5196,8,5,0.810983,0.899269,0.30802
5197,8,5,0.774489,0.91193,0.335152
5198,8,5,0.830701,0.888819,0.358408
5199,8,5,0.796909,0.905056,0.38554
5200,8,5,0.914677,0.762047,0.377788
5201,8,5,0.903933,0.799891,0.40492
5202,8,5,0.918182,0.737439,0.428175
5203,8,5,0.911109,0.777683,0.455307
5204,8,5,0.301043,0.080721,0.017323
5205,8,5,0.233316,0.086265,0.040579
5206,8,5,0.274618,0.080939,0.06771
5207,8,5,0.10898,0.173007,0.059958
5208,8,5,0.130316,0.143516,0.08709
5209,8,5,0.09894,0.193056,0.110346
5210,8,5,0.116835,0.160603,0.137478
5211,8,5,0.090118,0.37225,0.129726
5212,8,5,0.082327,0.324666,0.156858
5213,8,5,0.097718,0.401754,0.180113
5214,8,5,0.086265,0.352949,0.207245
5215,8,5,0.20734,0.613906,0.199493
5216,8,5,0.173007,0.564027,0.226625
5217,8,5,0.230055,0.64307,0.249881
5218,8,5,0.193056,0.594116,0.277013
5219,8,5,0.421725,0.817746,0.269261
5220,8,5,0.37225,0.782131,0.296392
5221,8,5,0.452015,0.836886,0.319648
5222,8,5,0.401754,0.804036,0.34678
5223,8,5,0.662099,0.916092,0.339028
5224,8,5,0.613906,0.906567,0.36616
5225,8,5,0.689906,0.918855,0.389416
5226,8,5,0.64307,0.913015,0.416548
5227,8,5,0.848654,0.876294,0.408796
5228,8,5,0.817746,0.89602,0.435927
5229,8,5,0.864748,0.861761,0.459183
5230,8,5,0.836886,0.884871,0.486315
5231,8,5,0.919455,0.711565,0.478563
5232,8,5,0.916092,0.753993,0.505695
5233,8,5,0.918855,0.728948,0.556082
5234,8,5,0.637442,0.225511,0.001819
5235,8,5,0.684562,0.26607,0.028951
5236,8,5,0.425897,0.105399,0.021199
5237,8,5,0.476595,0.1256,0.04833
5238,8,5,0.395958,0.096067,0.071586
5239,8,5,0.446087,0.112793,0.098718
5240,8,5,0.210394,0.09241,0.090966
5241,8,5,0.249396,0.083393,0.118098
5242,8,5,0.189017,0.100731,0.141354
5243,8,5,0.225511,0.08807,0.168485
5244,8,5,0.091041,0.214744,0.160734
5245,8,5,0.105399,0.179501,0.187865
5246,8,5,0.085323,0.237953,0.211121
5247,8,5,0.096067,0.200109,0.238253
5248,8,5,0.107464,0.431784,0.230501
5249,8,5,0.09241,0.382017,0.257633
5250,8,5,0.119304,0.462177,0.280889
5251,8,5,0.100731,0.411714,0.30802
5252,8,5,0.254211,0.671471,0.300268
5253,8,5,0.214744,0.623703,0.3274
5254,8,5,0.279678,0.698957,0.350656
5255,8,5,0.237953,0.65263,0.377788
5256,8,5,0.482561,0.85423,0.370036
5257,8,5,0.431784,0.824319,0.397168
5258,8,5,0.513199,0.869684,0.420423
5259,8,5,0.462177,0.842872,0.447555
5260,8,5,0.716701,0.919383,0.439803
5261,8,5,0.671471,0.917261,0.466935
5262,8,5,0.742339,0.917673,0.490191
5263,8,5,0.698957,0.919279,0.517323
5264,8,5,0.878895,0.845299,0.509571
5265,8,5,0.85423,0.871669,0.536703
5266,8,5,0.89102,0.826993,0.559958
5267,8,5,0.869684,0.856484,0.58709
5268,8,5,0.845299,0.466404,0.009571
5269,8,5,0.79266,0.386094,0.032827
5270,8,5,0.826993,0.435973,0.059958
5271,8,5,0.608147,0.203091,0.052206
5272,8,5,0.656574,0.241279,0.079338
5273,8,5,0.578275,0.182254,0.102594
5274,8,5,0.62775,0.217869,0.129726
5275,8,5,0.366574,0.088891,0.121974
5276,8,5,0.415866,0.102051,0.149106
5277,8,5,0.337901,0.083908,0.172361
5278,8,5,0.386094,0.093433,0.199493
5279,8,5,0.169299,0.111181,0.191741
5280,8,5,0.203091,0.094944,0.218873
5281,8,5,0.151346,0.123706,0.242129
5282,8,5,0.182254,0.10398,0.269261
5283,8,5,0.081818,0.262561,0.261509
5284,8,5,0.088891,0.222317,0.288641
5285,8,5,0.080545,0.288435,0.311896
5286,8,5,0.083908,0.246007,0.339028
5287,8,5,0.133176,0.492771,0.331276
5288,8,5,0.111181,0.441882,0.358408
5289,8,5,0.149005,0.523405,0.381664
5290,8,5,0.123706,0.47236,0.408796
5291,8,5,0.306321,0.725382,0.401044
5292,8,5,0.262561,0.680742,0.428175
5293,8,5,0.333997,0.750604,0.451431
5294,8,5,0.288435,0.707891,0.478563
5295,8,5,0.543768,0.883165,0.470811
5296,8,5,0.492771,0.859595,0.497943
5297,8,5,0.574103,0.894601,0.521199
5298,8,5,0.523405,0.8744,0.54833
5299,8,5,0.766684,0.913735,0.540579
5300,8,5,0.725382,0.919061,0.56771
5301,8,5,0.789606,0.90759,0.590966
5302,8,5,0.750604,0.916607,0.618098
5303,8,5,0.90106,0.806944,0.610346
5304,8,5,0.883165,0.839397,0.637478
5305,8,5,0.908959,0.785256,0.660734
5306,8,5,0.894601,0.820499,0.687865
5307,8,5,0.902282,0.598246,0.013447
5308,8,5,0.913735,0.647051,0.040579
5309,8,5,0.892536,0.568216,0.063834
5310,8,5,0.90759,0.617983,0.090966
5311,8,5,0.769945,0.35693,0.083214
5312,8,5,0.806944,0.405884,0.110346
5313,8,5,0.745789,0.328529,0.133602
5314,8,5,0.785256,0.376297,0.160734
5315,8,5,0.547985,0.163114,0.152982
5316,8,5,0.598246,0.195964,0.180113
5317,8,5,0.517439,0.14577,0.203369
5318,8,5,0.568216,0.175681,0.230501
5319,8,5,0.310094,0.081145,0.222749
5320,8,5,0.35693,0.086985,0.249881
5321,8,5,0.283299,0.080617,0.273137
5322,8,5,0.328529,0.082739,0.300268
5323,8,5,0.135252,0.138239,0.292516
5324,8,5,0.163114,0.115129,0.319648
5325,8,5,0.121105,0.154701,0.342904
5326,8,5,0.14577,0.128331,0.370036
5327,8,5,0.081509,0.315438,0.362284
5328,8,5,0.081145,0.271052,0.389416
5329,8,5,0.084706,0.343426,0.412672
5330,8,5,0.080617,0.297318,0.439803
5331,8,5,0.166706,0.553913,0.432051
5332,8,5,0.138239,0.502986,0.459183
5333,8,5,0.186186,0.584134,0.482439
5334,8,5,0.154701,0.533596,0.509571
5335,8,5,0.362558,0.774489,0.501819
5336,8,5,0.315438,0.73393,0.528951
5337,8,5,0.391853,0.796909,0.552206
5338,8,5,0.343426,0.758721,0.579338
5339,8,5,0.604042,0.903933,0.571586
5340,8,5,0.553913,0.887207,0.598718
5341,8,5,0.633426,0.911109,0.621974
5342,8,5,0.584134,0.897949,0.649106
5343,8,5,0.810983,0.899269,0.641354
5344,8,5,0.774489,0.91193,0.668485
5345,8,5,0.830701,0.888819,0.691741
5346,8,5,0.796909,0.905056,0.718873
5347,8,5,0.914677,0.762047,0.711121
5348,8,5,0.903933,0.799891,0.738253
5349,8,5,0.918182,0.737439,0.761509
5350,8,5,0.911109,0.777683,0.788641
5351,8,5,0.880696,0.537823,0.114222
5352,8,5,0.899269,0.588286,0.141354
5353,8,5,0.866824,0.507229,0.16461
5354,8,5,0.888819,0.558118,0.191741
5355,8,5,0.720322,0.301043,0.183989
5356,8,5,0.762047,0.34737,0.211121
5357,8,5,0.693679,0.274618,0.234377
5358,8,5,0.737439,0.319258,0.261509
5359,8,5,0.486801,0.130316,0.253757
5360,8,5,0.537823,0.157128,0.280889
5361,8,5,0.456232,0.116835,0.304144
5362,8,5,0.507229,0.140405,0.331276
5363,8,5,0.257661,0.082327,0.323524
5364,8,5,0.301043,0.080721,0.350656
5365,8,5,0.233316,0.086265,0.373912
5366,8,5,0.274618,0.080939,0.401044
5367,8,5,0.10898,0.173007,0.393292
5368,8,5,0.130316,0.143516,0.420423
5369,8,5,0.09894,0.193056,0.443679
5370,8,5,0.116835,0.160603,0.470811
5371,8,5,0.090118,0.37225,0.463059
5372,8,5,0.082327,0.324666,0.490191
5373,8,5,0.097718,0.401754,0.513447
5374,8,5,0.086265,0.352949,0.540579
5375,8,5,0.20734,0.613906,0.532827
5376,8,5,0.173007,0.564027,0.559958
5377,8,5,0.230055,0.64307,0.583214
5378,8,5,0.193056,0.594116,0.610346
5379,8,5,0.421725,0.817746,0.602594
5380,8,5,0.37225,0.782131,0.629726
5381,8,5,0.452015,0.836886,0.652982
5382,8,5,0.401754,0.804036,0.680113
5383,8,5,0.662099,0.916092,0.672361
5384,8,5,0.613906,0.906567,0.699493
5385,8,5,0.689906,0.918855,0.722749
5386,8,5,0.64307,0.913015,0.749881
5387,8,5,0.848654,0.876294,0.742129
5388,8,5,0.817746,0.89602,0.769261
5389,8,5,0.864748,0.861761,0.792516
5390,8,5,0.836886,0.884871,0.819648
5391,8,5,0.919455,0.711565,0.811896
5392,8,5,0.916092,0.753993,0.839028
5393,8,5,0.918855,0.728948,0.889416
5394,8,5,0.918491,0.684562,0.195617
5395,8,5,0.850995,0.476595,0.214997
5396,8,5,0.876294,0.52764,0.242129
5397,8,5,0.833294,0.446087,0.265385
5398,8,5,0.861761,0.497014,0.292516
5399,8,5,0.666003,0.249396,0.284765
5400,8,5,0.711565,0.292109,0.311896
5401,8,5,0.637442,0.225511,0.335152
5402,8,5,0.684562,0.26607,0.362284
5403,8,5,0.425897,0.105399,0.354532
5404,8,5,0.476595,0.1256,0.381664
5405,8,5,0.395958,0.096067,0.40492
5406,8,5,0.446087,0.112793,0.432051
5407,8,5,0.210394,0.09241,0.424299
5408,8,5,0.249396,0.083393,0.451431
5409,8,5,0.189017,0.100731,0.474687
5410,8,5,0.225511,0.08807,0.501819
5411,8,5,0.091041,0.214744,0.494067
5412,8,5,0.105399,0.179501,0.521199
5413,8,5,0.085323,0.237953,0.544454
5414,8,5,0.096067,0.200109,0.571586
5415,8,5,0.107464,0.431784,0.563834
5416,8,5,0.09241,0.382017,0.590966
5417,8,5,0.119304,0.462177,0.614222
5418,8,5,0.100731,0.411714,0.641354
5419,8,5,0.254211,0.671471,0.633602
5420,8,5,0.214744,0.623703,0.660734
5421,8,5,0.279678,0.698957,0.683989
5422,8,5,0.237953,0.65263,0.711121
5423,8,5,0.482561,0.85423,0.703369
5424,8,5,0.431784,0.824319,0.730501
5425,8,5,0.513199,0.869684,0.753757
5426,8,5,0.462177,0.842872,0.780889
5427,8,5,0.716701,0.919383,0.773137
5428,8,5,0.671471,0.917261,0.800268
5429,8,5,0.742339,0.917673,0.823524
5430,8,5,0.698957,0.919279,0.850656
5431,8,5,0.878895,0.845299,0.842904
5432,8,5,0.85423,0.871669,0.870036
5433,8,5,0.89102,0.826993,0.893292
5434,8,5,0.869684,0.856484,0.920423
5435,8,5,0.915294,0.656574,0.246005
5436,8,5,0.919383,0.702682,0.273137
5437,8,5,0.909882,0.62775,0.296392
5438,8,5,0.917673,0.675334,0.323524
5439,8,5,0.813814,0.415866,0.315772
5440,8,5,0.845299,0.466404,0.342904
5441,8,5,0.79266,0.386094,0.36616
5442,8,5,0.826993,0.435973,0.393292
5443,8,5,0.608147,0.203091,0.38554
5444,8,5,0.656574,0.241279,0.412672
5445,8,5,0.578275,0.182254,0.435927
5446,8,5,0.62775,0.217869,0.463059
5447,8,5,0.366574,0.088891,0.455307
5448,8,5,0.415866,0.102051,0.482439
5449,8,5,0.337901,0.083908,0.505695
5450,8,5,0.386094,0.093433,0.532827
5451,8,5,0.169299,0.111181,0.525075
5452,8,5,0.203091,0.094944,0.552206
5453,8,5,0.151346,0.123706,0.575462
5454,8,5,0.182254,0.10398,0.602594
5455,8,5,0.081818,0.262561,0.594842
5456,8,5,0.088891,0.222317,0.621974
5457,8,5,0.080545,0.288435,0.64523
5458,8,5,0.083908,0.246007,0.672361
5459,8,5,0.133176,0.492771,0.66461
5460,8,5,0.111181,0.441882,0.691741
5461,8,5,0.149005,0.523405,0.714997
5462,8,5,0.123706,0.47236,0.742129
5463,8,5,0.306321,0.725382,0.734377
5464,8,5,0.262561,0.680742,0.761509
5465,8,5,0.333997,0.750604,0.784765
5466,8,5,0.288435,0.707891,0.811896
5467,8,5,0.543768,0.883165,0.804144
5468,8,5,0.492771,0.859595,0.831276
5469,8,5,0.574103,0.894601,0.854532
5470,8,5,0.523405,0.8744,0.881664
5471,8,5,0.766684,0.913735,0.873912
5472,8,5,0.725382,0.919061,0.901044
5473,8,5,0.789606,0.90759,0.924299
5474,8,5,0.750604,0.916607,0.951431
5475,8,5,0.90106,0.806944,0.943679
5476,8,5,0.883165,0.839397,0.970811
5477,8,5,0.908959,0.785256,0.994067
5478,8,5,0.902282,0.598246,0.34678
5479,8,5,0.913735,0.647051,0.373912
5480,8,5,0.892536,0.568216,0.397168
5481,8,5,0.90759,0.617983,0.424299
5482,8,5,0.769945,0.35693,0.416548
5483,8,5,0.806944,0.405884,0.443679
5484,8,5,0.745789,0.328529,0.466935
5485,8,5,0.785256,0.376297,0.494067
5486,8,5,0.547985,0.163114,0.486315
5487,8,5,0.598246,0.195964,0.513447
5488,8,5,0.517439,0.14577,0.536703
5489,8,5,0.568216,0.175681,0.563834
5490,8,5,0.310094,0.081145,0.556082
5491,8,5,0.35693,0.086985,0.583214
5492,8,5,0.283299,0.080617,0.60647
5493,8,5,0.328529,0.082739,0.633602
5494,8,5,0.135252,0.138239,0.62585
5495,8,5,0.163114,0.115129,0.652982
5496,8,5,0.121105,0.154701,0.676237
5497,8,5,0.14577,0.128331,0.703369
5498,8,5,0.081509,0.315438,0.695617
5499,8,5,0.081145,0.271052,0.722749
5500,8,5,0.084706,0.343426,0.746005
5501,8,5,0.080617,0.297318,0.773137
5502,8,5,0.166706,0.553913,0.765385
5503,8,5,0.138239,0.502986,0.792516
5504,8,5,0.186186,0.584134,0.815772
5505,8,5,0.154701,0.533596,0.842904
5506,8,5,0.362558,0.774489,0.835152
5507,8,5,0.315438,0.73393,0.862284
5508,8,5,0.391853,0.796909,0.88554
5509,8,5,0.343426,0.758721,0.912672
5510,8,5,0.604042,0.903933,0.90492
5511,8,5,0.553913,0.887207,0.932051
5512,8,5,0.633426,0.911109,0.955307
5513,8,5,0.584134,0.897949,0.982439
5514,8,5,0.810983,0.899269,0.974687
5515,8,5,0.880696,0.537823,0.447555
5516,8,5,0.899269,0.588286,0.474687
5517,8,5,0.866824,0.507229,0.497943
5518,8,5,0.888819,0.558118,0.525075
5519,8,5,0.720322,0.301043,0.517323
5520,8,5,0.762047,0.34737,0.544454
5521,8,5,0.693679,0.274618,0.56771
5522,8,5,0.737439,0.319258,0.594842
5523,8,5,0.486801,0.130316,0.58709
5524,8,5,0.537823,0.157128,0.614222
5525,8,5,0.456232,0.116835,0.637478
5526,8,5,0.507229,0.140405,0.66461
5527,8,5,0.257661,0.082327,0.656858
5528,8,5,0.301043,0.080721,0.683989
5529,8,5,0.233316,0.086265,0.707245
5530,8,5,0.274618,0.080939,0.734377
5531,8,5,0.10898,0.173007,0.726625
5532,8,5,0.130316,0.143516,0.753757
5533,8,5,0.09894,0.193056,0.777013
5534,8,5,0.116835,0.160603,0.804144
5535,8,5,0.090118,0.37225,0.796392
5536,8,5,0.082327,0.324666,0.823524
5537,8,5,0.097718,0.401754,0.84678
5538,8,5,0.086265,0.352949,0.873912
5539,8,5,0.20734,0.613906,0.86616
5540,8,5,0.173007,0.564027,0.893292
5541,8,5,0.230055,0.64307,0.916548
5542,8,5,0.193056,0.594116,0.943679
5543,8,5,0.421725,0.817746,0.935927
5544,8,5,0.37225,0.782131,0.963059
5545,8,5,0.452015,0.836886,0.986315
5546,8,5,0.918491,0.684562,0.528951
5547,8,5,0.850995,0.476595,0.54833
5548,8,5,0.876294,0.52764,0.575462
5549,8,5,0.833294,0.446087,0.598718
5550,8,5,0.861761,0.497014,0.62585
5551,8,5,0.666003,0.249396,0.618098
5552,8,5,0.711565,0.292109,0.64523
5553,8,5,0.637442,0.225511,0.668485
5554,8,5,0.684562,0.26607,0.695617
5555,8,5,0.425897,0.105399,0.687865
5556,8,5,0.476595,0.1256,0.714997
5557,8,5,0.395958,0.096067,0.738253
5558,8,5,0.446087,0.112793,0.765385
5559,8,5,0.210394,0.09241,0.757633
5560,8,5,0.249396,0.083393,0.784765
5561,8,5,0.189017,0.100731,0.80802
5562,8,5,0.225511,0.08807,0.835152
5563,8,5,0.091041,0.214744,0.8274
5564,8,5,0.105399,0.179501,0.854532
5565,8,5,0.085323,0.237953,0.877788
5566,8,5,0.096067,0.200109,0.90492
5567,8,5,0.107464,0.431784,0.897168
5568,8,5,0.09241,0.382017,0.924299
5569,8,5,0.119304,0.462177,0.947555
5570,8,5,0.100731,0.411714,0.974687
5571,8,5,0.254211,0.671471,0.966935
5572,8,5,0.214744,0.623703,0.994067
5573,8,5,0.915294,0.656574,0.579338
5574,8,5,0.919383,0.702682,0.60647
5575,8,5,0.909882,0.62775,0.629726
5576,8,5,0.917673,0.675334,0.656858
5577,8,5,0.813814,0.415866,0.649106
5578,8,5,0.845299,0.466404,0.676237
5579,8,5,0.79266,0.386094,0.699493
5580,8,5,0.826993,0.435973,0.726625
5581,8,5,0.608147,0.203091,0.718873
5582,8,5,0.656574,0.241279,0.746005
5583,8,5,0.578275,0.182254,0.769261
5584,8,5,0.62775,0.217869,0.796392
5585,8,5,0.366574,0.088891,0.788641
5586,8,5,0.415866,0.102051,0.815772
5587,8,5,0.337901,0.083908,0.839028
5588,8,5,0.386094,0.093433,0.86616
5589,8,5,0.169299,0.111181,0.858408
5590,8,5,0.203091,0.094944,0.88554
5591,8,5,0.151346,0.123706,0.908796
5592,8,5,0.182254,0.10398,0.935927
5593,8,5,0.081818,0.262561,0.928175
5594,8,5,0.088891,0.222317,0.955307
5595,8,5,0.080545,0.288435,0.978563
5596,8,5,0.133176,0.492771,0.997943
5597,8,5,0.902282,0.598246,0.680113
5598,8,5,0.913735,0.647051,0.707245
5599,8,5,0.892536,0.568216,0.730501
5600,8,5,0.90759,0.617983,0.757633
5601,8,5,0.769945,0.35693,0.749881
5602,8,5,0.806944,0.405884,0.777013
5603,8,5,0.745789,0.328529,0.800268
5604,8,5,0.785256,0.376297,0.8274
5605,8,5,0.547985,0.163114,0.819648
5606,8,5,0.598246,0.195964,0.84678
5607,8,5,0.517439,0.14577,0.870036
5608,8,5,0.568216,0.175681,0.897168
5609,8,5,0.310094,0.081145,0.889416
5610,8,5,0.35693,0.086985,0.916548
5611,8,5,0.283299,0.080617,0.939803
5612,8,5,0.328529,0.082739,0.966935
5613,8,5,0.135252,0.138239,0.959183
5614,8,5,0.163114,0.115129,0.986315
5615,8,5,0.880696,0.537823,0.780889
5616,8,5,0.899269,0.588286,0.80802
5617,8,5,0.866824,0.507229,0.831276
5618,8,5,0.888819,0.558118,0.858408
5619,8,5,0.720322,0.301043,0.850656
5620,8,5,0.762047,0.34737,0.877788
5621,8,5,0.693679,0.274618,0.901044
5622,8,5,0.737439,0.319258,0.928175
5623,8,5,0.486801,0.130316,0.920423
5624,8,5,0.537823,0.157128,0.947555
5625,8,5,0.456232,0.116835,0.970811
5626,8,5,0.507229,0.140405,0.997943
5627,8,5,0.257661,0.082327,0.990191
5628,8,5,0.918491,0.684562,0.862284
5629,8,5,0.850995,0.476595,0.881664
5630,8,5,0.876294,0.52764,0.908796
5631,8,5,0.833294,0.446087,0.932051
5632,8,5,0.861761,0.497014,0.959183
5633,8,5,0.666003,0.249396,0.951431
5634,8,5,0.711565,0.292109,0.978563
5635,8,5,0.915294,0.656574,0.912672
5636,8,5,0.919383,0.702682,0.939803
5637,8,5,0.909882,0.62775,0.963059
5638,8,5,0.917673,0.675334,0.990191
5639,8,5,0.813814,0.415866,0.982439
5640,8,6,0.903689,0.822933,0.036556
5641,8,6,0.845052,0.890679,0.04106
5642,8,6,0.810261,0.909472,0.09061
5643,8,6,0.921512,0.771019,0.081601
5644,8,6,0.90926,0.810771,0.131151
5645,8,6,0.924086,0.756759,0.176196
5646,8,6,0.914093,0.79805,0.225745
5647,8,6,0.448366,0.841452,0.009529
5648,8,6,0.694699,0.926675,0.00052
5649,8,6,0.64482,0.920486,0.050069
5650,8,6,0.710662,0.927204,0.095115
5651,8,6,0.661748,0.923313,0.144664
5652,8,6,0.855432,0.88299,0.135655
5653,8,6,0.822446,0.903932,0.185205
5654,8,6,0.865171,0.874611,0.23025
5655,8,6,0.83405,0.897664,0.279799
5656,8,6,0.925895,0.742036,0.27079
5657,8,6,0.918179,0.784791,0.32034
5658,8,6,0.926937,0.726877,0.365385
5659,8,6,0.921512,0.771019,0.414934
5660,8,6,0.326448,0.751301,0.014033
5661,8,6,0.278268,0.705382,0.063583
5662,8,6,0.52078,0.879933,0.054574
5663,8,6,0.466412,0.852042,0.104124
5664,8,6,0.538871,0.887882,0.149169
5665,8,6,0.484517,0.861997,0.198718
5666,8,6,0.726247,0.926963,0.189709
5667,8,6,0.678384,0.925377,0.239259
5668,8,6,0.741423,0.925953,0.284304
5669,8,6,0.694699,0.926675,0.333853
5670,8,6,0.874253,0.865557,0.324844
5671,8,6,0.845052,0.890679,0.374394
5672,8,6,0.88266,0.855844,0.419439
5673,8,6,0.855432,0.88299,0.468988
5674,8,6,0.924086,0.756759,0.509529
5675,8,6,0.925895,0.742036,0.604124
5676,8,6,0.137609,0.51474,0.023042
5677,8,6,0.181057,0.586685,0.068088
5678,8,6,0.147537,0.532847,0.117637
5679,8,6,0.343172,0.765737,0.108628
5680,8,6,0.293967,0.721096,0.158178
5681,8,6,0.360179,0.779695,0.203223
5682,8,6,0.310036,0.736411,0.252772
5683,8,6,0.556893,0.895132,0.243763
5684,8,6,0.502651,0.8713,0.293313
5685,8,6,0.574812,0.90167,0.338358
5686,8,6,0.52078,0.879933,0.387907
5687,8,6,0.756164,0.924175,0.378898
5688,8,6,0.710662,0.927204,0.428448
5689,8,6,0.770444,0.921633,0.473493
5690,8,6,0.726247,0.926963,0.523042
5691,8,6,0.890377,0.845489,0.514033
5692,8,6,0.865171,0.874611,0.563583
5693,8,6,0.897391,0.834513,0.608628
5694,8,6,0.874253,0.865557,0.658178
5695,8,6,0.926937,0.726877,0.698718
5696,8,6,0.096311,0.177067,0.036556
5697,8,6,0.087243,0.389069,0.027547
5698,8,6,0.076587,0.337564,0.077097
5699,8,6,0.092293,0.406679,0.122142
5700,8,6,0.079384,0.354481,0.171691
5701,8,6,0.193408,0.604361,0.162682
5702,8,6,0.158101,0.550895,0.212232
5703,8,6,0.206311,0.621849,0.257277
5704,8,6,0.169281,0.568852,0.306826
5705,8,6,0.377438,0.793148,0.297817
5706,8,6,0.326448,0.751301,0.347367
5707,8,6,0.394918,0.806074,0.392412
5708,8,6,0.343172,0.765737,0.441961
5709,8,6,0.592596,0.907484,0.432952
5710,8,6,0.538871,0.887882,0.482502
5711,8,6,0.610213,0.912564,0.527547
5712,8,6,0.556893,0.895132,0.577097
5713,8,6,0.784237,0.918331,0.568088
5714,8,6,0.741423,0.925953,0.617637
5715,8,6,0.797517,0.914275,0.662682
5716,8,6,0.756164,0.924175,0.712232
5717,8,6,0.903689,0.822933,0.703223
5718,8,6,0.88266,0.855844,0.752772
5719,8,6,0.90926,0.810771,0.797817
5720,8,6,0.890377,0.845489,0.847367
5721,8,6,0.154948,0.109321,0.04106
5722,8,6,0.189739,0.090528,0.09061
5723,8,6,0.078488,0.228981,0.081601
5724,8,6,0.09074,0.189229,0.131151
5725,8,6,0.075914,0.243241,0.176196
5726,8,6,0.085907,0.20195,0.225745
5727,8,6,0.098077,0.424456,0.216736
5728,8,6,0.082938,0.371659,0.266286
5729,8,6,0.104586,0.44237,0.311331
5730,8,6,0.087243,0.389069,0.36088
5731,8,6,0.219744,0.639118,0.351871
5732,8,6,0.181057,0.586685,0.401421
5733,8,6,0.233681,0.656136,0.446466
5734,8,6,0.193408,0.604361,0.496015
5735,8,6,0.412587,0.818448,0.487006
5736,8,6,0.360179,0.779695,0.536556
5737,8,6,0.430414,0.830248,0.581601
5738,8,6,0.377438,0.793148,0.631151
5739,8,6,0.627632,0.916901,0.622142
5740,8,6,0.574812,0.90167,0.671691
5741,8,6,0.64482,0.920486,0.716736
5742,8,6,0.592596,0.907484,0.766286
5743,8,6,0.810261,0.909472,0.757277
5744,8,6,0.770444,0.921633,0.806826
5745,8,6,0.822446,0.903932,0.851871
5746,8,6,0.784237,0.918331,0.901421
5747,8,6,0.914093,0.79805,0.892412
5748,8,6,0.897391,0.834513,0.941961
5749,8,6,0.918179,0.784791,0.987006
5750,8,6,0.551634,0.158548,0.009529
5751,8,6,0.305301,0.073325,0.00052
5752,8,6,0.35518,0.079514,0.050069
5753,8,6,0.289338,0.072796,0.095115
5754,8,6,0.338252,0.076687,0.144664
5755,8,6,0.144568,0.11701,0.135655
5756,8,6,0.177554,0.096068,0.185205
5757,8,6,0.134829,0.125389,0.23025
5758,8,6,0.16595,0.102336,0.279799
5759,8,6,0.074105,0.257964,0.27079
5760,8,6,0.081821,0.215209,0.32034
5761,8,6,0.073063,0.273123,0.365385
5762,8,6,0.078488,0.228981,0.414934
5763,8,6,0.111807,0.460388,0.405925
5764,8,6,0.092293,0.406679,0.455475
5765,8,6,0.119727,0.478477,0.50052
5766,8,6,0.098077,0.424456,0.550069
5767,8,6,0.248099,0.672873,0.54106
5768,8,6,0.206311,0.621849,0.59061
5769,8,6,0.26297,0.689298,0.635655
5770,8,6,0.219744,0.639118,0.685205
5771,8,6,0.448366,0.841452,0.676196
5772,8,6,0.394918,0.806074,0.725745
5773,8,6,0.466412,0.852042,0.77079
5774,8,6,0.412587,0.818448,0.82034
5775,8,6,0.661748,0.923313,0.811331
5776,8,6,0.610213,0.912564,0.86088
5777,8,6,0.678384,0.925377,0.905925
5778,8,6,0.627632,0.916901,0.955475
5779,8,6,0.83405,0.897664,0.946466
5780,8,6,0.797517,0.914275,0.996015
5781,8,6,0.673552,0.248699,0.014033
5782,8,6,0.721732,0.294618,0.063583
5783,8,6,0.47922,0.120067,0.054574
5784,8,6,0.533588,0.147958,0.104124
5785,8,6,0.461129,0.112118,0.149169
5786,8,6,0.515483,0.138003,0.198718
5787,8,6,0.273753,0.073037,0.189709
5788,8,6,0.321616,0.074623,0.239259
5789,8,6,0.258577,0.074047,0.284304
5790,8,6,0.305301,0.073325,0.333853
5791,8,6,0.125747,0.134443,0.324844
5792,8,6,0.154948,0.109321,0.374394
5793,8,6,0.11734,0.144156,0.419439
5794,8,6,0.144568,0.11701,0.468988
5795,8,6,0.072791,0.288691,0.459979
5796,8,6,0.075914,0.243241,0.509529
5797,8,6,0.073288,0.30464,0.554574
5798,8,6,0.074105,0.257964,0.604124
5799,8,6,0.128333,0.496605,0.595115
5800,8,6,0.104586,0.44237,0.644664
5801,8,6,0.137609,0.51474,0.689709
5802,8,6,0.111807,0.460388,0.739259
5803,8,6,0.278268,0.705382,0.73025
5804,8,6,0.233681,0.656136,0.779799
5805,8,6,0.293967,0.721096,0.824844
5806,8,6,0.248099,0.672873,0.874394
5807,8,6,0.484517,0.861997,0.865385
5808,8,6,0.430414,0.830248,0.914934
5809,8,6,0.502651,0.8713,0.959979
5810,8,6,0.862391,0.48526,0.023042
5811,8,6,0.818943,0.413315,0.068088
5812,8,6,0.852463,0.467153,0.117637
5813,8,6,0.656828,0.234263,0.108628
5814,8,6,0.706033,0.278904,0.158178
5815,8,6,0.639821,0.220305,0.203223
5816,8,6,0.689964,0.263589,0.252772
5817,8,6,0.443107,0.104868,0.243763
5818,8,6,0.497349,0.1287,0.293313
5819,8,6,0.425188,0.09833,0.338358
5820,8,6,0.47922,0.120067,0.387907
5821,8,6,0.243836,0.075825,0.378898
5822,8,6,0.289338,0.072796,0.428448
5823,8,6,0.229556,0.078367,0.473493
5824,8,6,0.273753,0.073037,0.523042
5825,8,6,0.109623,0.154511,0.514033
5826,8,6,0.134829,0.125389,0.563583
5827,8,6,0.102609,0.165487,0.608628
5828,8,6,0.125747,0.134443,0.658178
5829,8,6,0.074554,0.320941,0.649169
5830,8,6,0.073063,0.273123,0.698718
5831,8,6,0.076587,0.337564,0.743763
5832,8,6,0.072791,0.288691,0.793313
5833,8,6,0.147537,0.532847,0.784304
5834,8,6,0.119727,0.478477,0.833853
5835,8,6,0.158101,0.550895,0.878898
5836,8,6,0.128333,0.496605,0.928448
5837,8,6,0.310036,0.736411,0.919439
5838,8,6,0.26297,0.689298,0.968988
5839,8,6,0.912757,0.610931,0.027547
5840,8,6,0.923413,0.662436,0.077097
5841,8,6,0.907707,0.593321,0.122142
5842,8,6,0.920616,0.645519,0.171691
5843,8,6,0.806592,0.395639,0.162682
5844,8,6,0.841899,0.449105,0.212232
5845,8,6,0.793689,0.378151,0.257277
5846,8,6,0.830719,0.431148,0.306826
5847,8,6,0.622562,0.206852,0.297817
5848,8,6,0.673552,0.248699,0.347367
5849,8,6,0.605082,0.193926,0.392412
5850,8,6,0.656828,0.234263,0.441961
5851,8,6,0.407404,0.092516,0.432952
5852,8,6,0.461129,0.112118,0.482502
5853,8,6,0.389787,0.087436,0.527547
5854,8,6,0.443107,0.104868,0.577097
5855,8,6,0.215763,0.081669,0.568088
5856,8,6,0.258577,0.074047,0.617637
5857,8,6,0.202483,0.085725,0.662682
5858,8,6,0.243836,0.075825,0.712232
5859,8,6,0.096311,0.177067,0.703223
5860,8,6,0.11734,0.144156,0.752772
5861,8,6,0.09074,0.189229,0.797817
5862,8,6,0.109623,0.154511,0.847367
5863,8,6,0.079384,0.354481,0.838358
5864,8,6,0.073288,0.30464,0.887907
5865,8,6,0.082938,0.371659,0.932952
5866,8,6,0.074554,0.320941,0.982502
5867,8,6,0.169281,0.568852,0.973493
5868,8,6,0.901923,0.575544,0.216736
5869,8,6,0.917062,0.628341,0.266286
5870,8,6,0.895414,0.55763,0.311331
5871,8,6,0.912757,0.610931,0.36088
5872,8,6,0.780256,0.360882,0.351871
5873,8,6,0.818943,0.413315,0.401421
5874,8,6,0.766319,0.343864,0.446466
5875,8,6,0.806592,0.395639,0.496015
5876,8,6,0.587413,0.181552,0.487006
5877,8,6,0.639821,0.220305,0.536556
5878,8,6,0.569586,0.169752,0.581601
5879,8,6,0.622562,0.206852,0.631151
5880,8,6,0.372368,0.083099,0.622142
5881,8,6,0.425188,0.09833,0.671691
5882,8,6,0.35518,0.079514,0.716736
5883,8,6,0.407404,0.092516,0.766286
5884,8,6,0.189739,0.090528,0.757277
5885,8,6,0.229556,0.078367,0.806826
5886,8,6,0.177554,0.096068,0.851871
5887,8,6,0.215763,0.081669,0.901421
5888,8,6,0.085907,0.20195,0.892412
5889,8,6,0.102609,0.165487,0.941961
5890,8,6,0.081821,0.215209,0.987006
5891,8,6,0.888193,0.539612,0.405925
5892,8,6,0.907707,0.593321,0.455475
5893,8,6,0.880273,0.521523,0.50052
5894,8,6,0.901923,0.575544,0.550069
5895,8,6,0.751901,0.327127,0.54106
5896,8,6,0.793689,0.378151,0.59061
5897,8,6,0.73703,0.310702,0.635655
5898,8,6,0.780256,0.360882,0.685205
5899,8,6,0.551634,0.158548,0.676196
5900,8,6,0.605082,0.193926,0.725745
5901,8,6,0.533588,0.147958,0.77079
5902,8,6,0.587413,0.181552,0.82034
5903,8,6,0.338252,0.076687,0.811331
5904,8,6,0.389787,0.087436,0.86088
5905,8,6,0.321616,0.074623,0.905925
5906,8,6,0.372368,0.083099,0.955475
5907,8,6,0.16595,0.102336,0.946466
5908,8,6,0.202483,0.085725,0.996015
5909,8,6,0.927209,0.711309,0.459979
5910,8,6,0.926712,0.69536,0.554574
5911,8,6,0.871667,0.503395,0.595115
5912,8,6,0.895414,0.55763,0.644664
5913,8,6,0.862391,0.48526,0.689709
5914,8,6,0.888193,0.539612,0.739259
5915,8,6,0.721732,0.294618,0.73025
5916,8,6,0.766319,0.343864,0.779799
5917,8,6,0.706033,0.278904,0.824844
5918,8,6,0.751901,0.327127,0.874394
5919,8,6,0.515483,0.138003,0.865385
5920,8,6,0.569586,0.169752,0.914934
5921,8,6,0.497349,0.1287,0.959979
5922,8,6,0.925446,0.679059,0.649169
5923,8,6,0.923413,0.662436,0.743763
5924,8,6,0.927209,0.711309,0.793313
5925,8,6,0.852463,0.467153,0.784304
5926,8,6,0.880273,0.521523,0.833853
5927,8,6,0.841899,0.449105,0.878898
5928,8,6,0.871667,0.503395,0.928448
5929,8,6,0.689964,0.263589,0.919439
5930,8,6,0.73703,0.310702,0.968988
5931,8,6,0.920616,0.645519,0.838358
5932,8,6,0.926712,0.69536,0.887907
5933,8,6,0.917062,0.628341,0.932952
5934,8,6,0.925446,0.679059,0.982502
5935,8,6,0.830719,0.431148,0.973493
5936,9,1,0.762983,0.890987,0.000411
5937,9,1,0.891159,0.762318,0.005906
5938,9,1,0.646064,0.89429,0.015063
5939,9,1,0.633173,0.89202,0.049862
5940,9,1,0.842,0.84844,0.020558
5941,9,1,0.834724,0.854919,0.055356
5942,9,1,0.88491,0.782406,0.075503
5943,9,1,0.881096,0.791951,0.110301
5944,9,1,0.178807,0.543937,0.004074
5945,9,1,0.170846,0.530234,0.038873
5946,9,1,0.389505,0.776492,0.009569
5947,9,1,0.376349,0.766414,0.044367
5948,9,1,0.498148,0.844335,0.064514
5949,9,1,0.484388,0.837194,0.099312
5950,9,1,0.741684,0.895432,0.070008
5951,9,1,0.730596,0.896949,0.104807
5952,9,1,0.818985,0.866602,0.124953
5953,9,1,0.810541,0.871791,0.159752
5954,9,1,0.898582,0.706854,0.165246
5955,9,1,0.198274,0.123462,0.027884
5956,9,1,0.101957,0.281505,0.033378
5957,9,1,0.114142,0.393921,0.053525
5958,9,1,0.11091,0.380719,0.088323
5959,9,1,0.25538,0.650324,0.059019
5960,9,1,0.24466,0.637489,0.093818
5961,9,1,0.350495,0.745317,0.113964
5962,9,1,0.337828,0.734323,0.148763
5963,9,1,0.606931,0.88608,0.119459
5964,9,1,0.59361,0.882418,0.154257
5965,9,1,0.707609,0.898562,0.174404
5966,9,1,0.695737,0.898656,0.209202
5967,9,1,0.872109,0.809986,0.179898
5968,9,1,0.866948,0.818454,0.214697
5969,9,1,0.89703,0.729875,0.234843
5970,9,1,0.895543,0.740981,0.269642
5971,9,1,0.674647,0.27695,0.016895
5972,9,1,0.419821,0.1217,0.022389
5973,9,1,0.304263,0.101344,0.042536
5974,9,1,0.316367,0.101725,0.077334
5975,9,1,0.133052,0.181546,0.04803
5976,9,1,0.13865,0.173456,0.082829
5977,9,1,0.104457,0.259019,0.102975
5978,9,1,0.106414,0.2482,0.137774
5979,9,1,0.156111,0.502736,0.10847
5980,9,1,0.149354,0.488974,0.143268
5981,9,1,0.224145,0.611343,0.163415
5982,9,1,0.214374,0.598064,0.198213
5983,9,1,0.456941,0.821716,0.168909
5984,9,1,0.443287,0.813397,0.203708
5985,9,1,0.566651,0.873731,0.223854
5986,9,1,0.553044,0.868717,0.258653
5987,9,1,0.792552,0.880835,0.229349
5988,9,1,0.783029,0.884679,0.264147
5989,9,1,0.855321,0.834244,0.284294
5990,9,1,0.848868,0.841545,0.319092
5991,9,1,0.856985,0.524775,0.0114
5992,9,1,0.785626,0.401936,0.031547
5993,9,1,0.795056,0.415333,0.066345
5994,9,1,0.556713,0.186603,0.037041
5995,9,1,0.5703,0.195295,0.07184
5996,9,1,0.446956,0.131283,0.091986
5997,9,1,0.460626,0.136736,0.126785
5998,9,1,0.216971,0.115321,0.097481
5999,9,1,0.226831,0.111936,0.132279
6000,9,1,0.151132,0.158455,0.152426
6001,9,1,0.158,0.15156,0.187224
6002,9,1,0.105841,0.354758,0.15792
6003,9,1,0.10401,0.342029,0.192719
6004,9,1,0.137101,0.461505,0.212865
6005,9,1,0.131619,0.447831,0.247664
6006,9,1,0.313087,0.711512,0.21836
6007,9,1,0.301044,0.699721,0.253158
6008,9,1,0.416196,0.795649,0.273305
6009,9,1,0.402793,0.786241,0.308103
6010,9,1,0.671309,0.89742,0.278799
6011,9,1,0.658781,0.896091,0.313598
6012,9,1,0.762983,0.890987,0.333744
6013,9,1,0.752484,0.893444,0.368543
6014,9,1,0.891159,0.762318,0.339239
6015,9,1,0.888266,0.772525,0.374037
6016,9,1,0.89599,0.657971,0.026052
6017,9,1,0.897349,0.670511,0.060851
6018,9,1,0.868381,0.552169,0.080997
6019,9,1,0.873423,0.56578,0.115796
6020,9,1,0.698956,0.300279,0.086492
6021,9,1,0.710762,0.312307,0.12129
6022,9,1,0.597207,0.213759,0.141437
6023,9,1,0.610495,0.223508,0.176235
6024,9,1,0.341219,0.103909,0.146931
6025,9,1,0.353936,0.10571,0.18173
6026,9,1,0.247516,0.106556,0.201876
6027,9,1,0.258316,0.104568,0.236675
6028,9,1,0.111734,0.227475,0.207371
6029,9,1,0.11509,0.217594,0.242169
6030,9,1,0.101765,0.317152,0.262316
6031,9,1,0.101354,0.305033,0.297114
6032,9,1,0.195866,0.57117,0.26781
6033,9,1,0.18715,0.557588,0.302609
6034,9,1,0.277682,0.67544,0.322755
6035,9,1,0.266392,0.662979,0.357554
6036,9,1,0.525657,0.857378,0.32825
6037,9,1,0.51191,0.851066,0.363048
6038,9,1,0.633173,0.89202,0.383195
6039,9,1,0.620124,0.889282,0.417993
6040,9,1,0.834724,0.854919,0.388689
6041,9,1,0.82705,0.860976,0.423488
6042,9,1,0.881096,0.791951,0.443634
6043,9,1,0.876827,0.801148,0.478433
6044,9,1,0.898646,0.694967,0.130448
6045,9,1,0.81285,0.442412,0.135942
6046,9,1,0.821193,0.456063,0.170741
6047,9,1,0.733608,0.337021,0.190887
6048,9,1,0.74462,0.349676,0.225686
6049,9,1,0.48809,0.148934,0.196382
6050,9,1,0.501852,0.155665,0.23118
6051,9,1,0.379876,0.110718,0.251327
6052,9,1,0.393069,0.11392,0.286125
6053,9,1,0.17295,0.139024,0.256821
6054,9,1,0.181015,0.133398,0.29162
6055,9,1,0.123173,0.198852,0.311766
6056,9,1,0.127891,0.190014,0.346565
6057,9,1,0.12198,0.420687,0.317261
6058,9,1,0.117833,0.407249,0.352059
6059,9,1,0.170846,0.530234,0.372206
6060,9,1,0.163278,0.516494,0.407004
6061,9,1,0.376349,0.766414,0.3777
6062,9,1,0.363341,0.756018,0.412499
6063,9,1,0.484388,0.837194,0.432645
6064,9,1,0.470647,0.829652,0.467444
6065,9,1,0.730596,0.896949,0.43814
6066,9,1,0.719233,0.897992,0.472938
6067,9,1,0.810541,0.871791,0.493085
6068,9,1,0.801726,0.876538,0.527884
6069,9,1,0.898582,0.706854,0.49858
6070,9,1,0.898043,0.718495,0.533378
6071,9,1,0.882167,0.592751,0.185393
6072,9,1,0.885858,0.606079,0.220191
6073,9,1,0.836722,0.483506,0.240338
6074,9,1,0.843889,0.497264,0.275136
6075,9,1,0.636659,0.243982,0.245832
6076,9,1,0.649505,0.254683,0.280631
6077,9,1,0.529353,0.170348,0.300777
6078,9,1,0.543059,0.178284,0.335576
6079,9,1,0.280767,0.102008,0.306272
6080,9,1,0.292391,0.101438,0.34107
6081,9,1,0.198274,0.123462,0.361217
6082,9,1,0.207448,0.119165,0.396015
6083,9,1,0.101957,0.281505,0.366711
6084,9,1,0.10297,0.270125,0.40151
6085,9,1,0.11091,0.380719,0.421656
6086,9,1,0.108142,0.36766,0.456455
6087,9,1,0.24466,0.637489,0.427151
6088,9,1,0.234244,0.62449,0.461949
6089,9,1,0.337828,0.734323,0.482096
6090,9,1,0.325353,0.72305,0.516895
6091,9,1,0.59361,0.882418,0.48759
6092,9,1,0.580179,0.8783,0.522389
6093,9,1,0.695737,0.898656,0.542536
6094,9,1,0.683633,0.898275,0.577334
6095,9,1,0.866948,0.818454,0.54803
6096,9,1,0.86135,0.826544,0.582829
6097,9,1,0.895543,0.740981,0.602975
6098,9,1,0.893586,0.7518,0.637774
6099,9,1,0.891858,0.63234,0.289788
6100,9,1,0.894159,0.645242,0.324587
6101,9,1,0.765756,0.37551,0.295283
6102,9,1,0.775855,0.388657,0.330081
6103,9,1,0.674647,0.27695,0.350228
6104,9,1,0.686913,0.288488,0.385026
6105,9,1,0.419821,0.1217,0.355722
6106,9,1,0.433349,0.126269,0.390521
6107,9,1,0.316367,0.101725,0.410667
6108,9,1,0.328691,0.10258,0.445466
6109,9,1,0.13865,0.173456,0.416162
6110,9,1,0.144679,0.165756,0.45096
6111,9,1,0.106414,0.2482,0.471107
6112,9,1,0.108841,0.237682,0.505906
6113,9,1,0.149354,0.488974,0.476601
6114,9,1,0.143015,0.475225,0.5114
6115,9,1,0.214374,0.598064,0.531547
6116,9,1,0.204944,0.584667,0.566345
6117,9,1,0.443287,0.813397,0.537041
6118,9,1,0.4297,0.804705,0.57184
6119,9,1,0.553044,0.868717,0.591986
6120,9,1,0.539374,0.863264,0.626785
6121,9,1,0.783029,0.884679,0.597481
6122,9,1,0.773169,0.888064,0.632279
6123,9,1,0.848868,0.841545,0.652426
6124,9,1,0.842,0.84844,0.687224
6125,9,1,0.856985,0.524775,0.344733
6126,9,1,0.862899,0.538495,0.379532
6127,9,1,0.795056,0.415333,0.399678
6128,9,1,0.804134,0.42883,0.434477
6129,9,1,0.5703,0.195295,0.405173
6130,9,1,0.583804,0.204351,0.439971
6131,9,1,0.460626,0.136736,0.460118
6132,9,1,0.474343,0.142622,0.494917
6133,9,1,0.226831,0.111936,0.465612
6134,9,1,0.237017,0.109013,0.500411
6135,9,1,0.158,0.15156,0.520558
6136,9,1,0.165276,0.145081,0.555356
6137,9,1,0.10401,0.342029,0.526052
6138,9,1,0.102651,0.329489,0.560851
6139,9,1,0.131619,0.447831,0.580997
6140,9,1,0.126577,0.43422,0.615796
6141,9,1,0.301044,0.699721,0.586492
6142,9,1,0.289238,0.687693,0.62129
6143,9,1,0.402793,0.786241,0.641437
6144,9,1,0.389505,0.776492,0.676235
6145,9,1,0.658781,0.896091,0.646931
6146,9,1,0.646064,0.89429,0.68173
6147,9,1,0.752484,0.893444,0.701876
6148,9,1,0.741684,0.895432,0.736675
6149,9,1,0.888266,0.772525,0.707371
6150,9,1,0.88491,0.782406,0.742169
6151,9,1,0.897349,0.670511,0.394184
6152,9,1,0.898235,0.682848,0.428982
6153,9,1,0.873423,0.56578,0.449129
6154,9,1,0.87802,0.579313,0.483927
6155,9,1,0.710762,0.312307,0.454623
6156,9,1,0.722318,0.32456,0.489422
6157,9,1,0.610495,0.223508,0.509569
6158,9,1,0.623651,0.233586,0.544367
6159,9,1,0.353936,0.10571,0.515063
6160,9,1,0.366827,0.10798,0.549862
6161,9,1,0.258316,0.104568,0.570008
6162,9,1,0.269404,0.103051,0.604807
6163,9,1,0.11509,0.217594,0.575503
6164,9,1,0.118904,0.208049,0.610301
6165,9,1,0.101354,0.305033,0.630448
6166,9,1,0.101418,0.293146,0.665246
6167,9,1,0.18715,0.557588,0.635942
6168,9,1,0.178807,0.543937,0.670741
6169,9,1,0.266392,0.662979,0.690887
6170,9,1,0.25538,0.650324,0.725686
6171,9,1,0.51191,0.851066,0.696382
6172,9,1,0.498148,0.844335,0.73118
6173,9,1,0.620124,0.889282,0.751327
6174,9,1,0.606931,0.88608,0.786125
6175,9,1,0.82705,0.860976,0.756821
6176,9,1,0.818985,0.866602,0.79162
6177,9,1,0.876827,0.801148,0.811766
6178,9,1,0.872109,0.809986,0.846565
6179,9,1,0.821193,0.456063,0.504074
6180,9,1,0.829154,0.469766,0.538873
6181,9,1,0.74462,0.349676,0.559019
6182,9,1,0.75534,0.362511,0.593818
6183,9,1,0.501852,0.155665,0.564514
6184,9,1,0.515612,0.162806,0.599312
6185,9,1,0.393069,0.11392,0.619459
6186,9,1,0.40639,0.117582,0.654257
6187,9,1,0.181015,0.133398,0.624953
6188,9,1,0.189459,0.128209,0.659752
6189,9,1,0.127891,0.190014,0.679898
6190,9,1,0.133052,0.181546,0.714697
6191,9,1,0.117833,0.407249,0.685393
6192,9,1,0.114142,0.393921,0.720191
6193,9,1,0.163278,0.516494,0.740338
6194,9,1,0.156111,0.502736,0.775136
6195,9,1,0.363341,0.756018,0.745832
6196,9,1,0.350495,0.745317,0.780631
6197,9,1,0.470647,0.829652,0.800777
6198,9,1,0.456941,0.821716,0.835576
6199,9,1,0.719233,0.897992,0.806272
6200,9,1,0.707609,0.898562,0.84107
6201,9,1,0.801726,0.876538,0.861217
6202,9,1,0.792552,0.880835,0.896015
6203,9,1,0.898043,0.718495,0.866711
6204,9,1,0.89703,0.729875,0.90151
6205,9,1,0.885858,0.606079,0.553525
6206,9,1,0.88909,0.619281,0.588323
6207,9,1,0.843889,0.497264,0.60847
6208,9,1,0.850646,0.511026,0.643268
6209,9,1,0.649505,0.254683,0.613964
6210,9,1,0.662172,0.265677,0.648763
6211,9,1,0.543059,0.178284,0.668909
6212,9,1,0.556713,0.186603,0.703708
6213,9,1,0.292391,0.101438,0.674404
6214,9,1,0.304263,0.101344,0.709202
6215,9,1,0.207448,0.119165,0.729349
6216,9,1,0.216971,0.115321,0.764147
6217,9,1,0.10297,0.270125,0.734843
6218,9,1,0.104457,0.259019,0.769642
6219,9,1,0.108142,0.36766,0.789788
6220,9,1,0.105841,0.354758,0.824587
6221,9,1,0.234244,0.62449,0.795283
6222,9,1,0.224145,0.611343,0.830081
6223,9,1,0.325353,0.72305,0.850228
6224,9,1,0.313087,0.711512,0.885026
6225,9,1,0.580179,0.8783,0.855722
6226,9,1,0.566651,0.873731,0.890521
6227,9,1,0.683633,0.898275,0.910667
6228,9,1,0.671309,0.89742,0.945466
6229,9,1,0.86135,0.826544,0.916162
6230,9,1,0.855321,0.834244,0.95096
6231,9,1,0.893586,0.7518,0.971107
6232,9,1,0.894159,0.645242,0.65792
6233,9,1,0.89599,0.657971,0.692719
6234,9,1,0.775855,0.388657,0.663415
6235,9,1,0.785626,0.401936,0.698213
6236,9,1,0.686913,0.288488,0.71836
6237,9,1,0.698956,0.300279,0.753158
6238,9,1,0.433349,0.126269,0.723854
6239,9,1,0.446956,0.131283,0.758653
6240,9,1,0.328691,0.10258,0.778799
6241,9,1,0.341219,0.103909,0.813598
6242,9,1,0.144679,0.165756,0.784294
6243,9,1,0.151132,0.158455,0.819092
6244,9,1,0.108841,0.237682,0.839239
6245,9,1,0.111734,0.227475,0.874037
6246,9,1,0.143015,0.475225,0.844733
6247,9,1,0.137101,0.461505,0.879532
6248,9,1,0.204944,0.584667,0.899678
6249,9,1,0.195866,0.57117,0.934477
6250,9,1,0.4297,0.804705,0.905173
6251,9,1,0.416196,0.795649,0.939971
6252,9,1,0.539374,0.863264,0.960118
6253,9,1,0.525657,0.857378,0.994917
6254,9,1,0.773169,0.888064,0.965612
6255,9,1,0.862899,0.538495,0.712865
6256,9,1,0.868381,0.552169,0.747664
6257,9,1,0.804134,0.42883,0.76781
6258,9,1,0.81285,0.442412,0.802609
6259,9,1,0.583804,0.204351,0.773305
6260,9,1,0.597207,0.213759,0.808103
6261,9,1,0.474343,0.142622,0.82825
6262,9,1,0.48809,0.148934,0.863048
6263,9,1,0.237017,0.109013,0.833744
6264,9,1,0.247516,0.106556,0.868543
6265,9,1,0.165276,0.145081,0.888689
6266,9,1,0.17295,0.139024,0.923488
6267,9,1,0.102651,0.329489,0.894184
6268,9,1,0.101765,0.317152,0.928982
6269,9,1,0.126577,0.43422,0.949129
6270,9,1,0.12198,0.420687,0.983927
6271,9,1,0.289238,0.687693,0.954623
6272,9,1,0.277682,0.67544,0.989422
6273,9,1,0.898235,0.682848,0.762316
6274,9,1,0.898646,0.694967,0.797114
6275,9,1,0.87802,0.579313,0.817261
6276,9,1,0.882167,0.592751,0.852059
6277,9,1,0.722318,0.32456,0.822755
6278,9,1,0.733608,0.337021,0.857554
6279,9,1,0.623651,0.233586,0.8777
6280,9,1,0.636659,0.243982,0.912499
6281,9,1,0.366827,0.10798,0.883195
6282,9,1,0.379876,0.110718,0.917993
6283,9,1,0.269404,0.103051,0.93814
6284,9,1,0.280767,0.102008,0.972938
6285,9,1,0.118904,0.208049,0.943634
6286,9,1,0.123173,0.198852,0.978433
6287,9,1,0.101418,0.293146,0.99858
6288,9,1,0.829154,0.469766,0.872206
6289,9,1,0.836722,0.483506,0.907004
6290,9,1,0.75534,0.362511,0.927151
6291,9,1,0.765756,0.37551,0.961949
6292,9,1,0.515612,0.162806,0.932645
6293,9,1,0.529353,0.170348,0.967444
6294,9,1,0.40639,0.117582,0.98759
6295,9,1,0.189459,0.128209,0.993085
6296,9,1,0.88909,0.619281,0.921656
6297,9,1,0.891858,0.63234,0.956455
6298,9,1,0.850646,0.511026,0.976601
6299,9,1,0.662172,0.265677,0.982096
6300,9,2,0.899137,0.765011,0.00418
6301,9,2,0.672351,0.904746,0.005798
6302,9,2,0.649605,0.90188,0.038161
6303,9,2,0.852002,0.851604,0.015507
6304,9,2,0.838986,0.863354,0.04787
6305,9,2,0.886974,0.800511,0.068905
6306,9,2,0.87872,0.816615,0.101268
6307,9,2,0.196726,0.582423,0.018743
6308,9,2,0.406258,0.795437,0.028452
6309,9,2,0.516913,0.859955,0.049488
6310,9,2,0.492138,0.847807,0.08185
6311,9,2,0.746381,0.902901,0.059196
6312,9,2,0.726233,0.905314,0.091559
6313,9,2,0.809223,0.88276,0.112594
6314,9,2,0.792587,0.890343,0.144957
6315,9,2,0.904372,0.73577,0.122303
6316,9,2,0.901256,0.755499,0.154666
6317,9,2,0.096592,0.339677,0.009035
6318,9,2,0.124649,0.446859,0.03007
6319,9,2,0.115877,0.422405,0.062433
6320,9,2,0.281344,0.687164,0.039779
6321,9,2,0.260879,0.664836,0.072141
6322,9,2,0.358851,0.759309,0.093177
6323,9,2,0.335891,0.739764,0.125539
6324,9,2,0.602529,0.891678,0.102886
6325,9,2,0.578375,0.884381,0.135248
6326,9,2,0.683489,0.905615,0.156284
6327,9,2,0.661053,0.9035,0.188646
6328,9,2,0.858022,0.845236,0.165993
6329,9,2,0.845655,0.857646,0.198355
6330,9,2,0.890563,0.792035,0.219391
6331,9,2,0.883025,0.808707,0.251753
6332,9,2,0.225137,0.103525,0.010653
6333,9,2,0.243883,0.098869,0.043015
6334,9,2,0.103353,0.225723,0.020361
6335,9,2,0.109437,0.207965,0.052724
6336,9,2,0.093776,0.295444,0.07376
6337,9,2,0.094633,0.274428,0.106122
6338,9,2,0.166088,0.533401,0.083468
6339,9,2,0.152605,0.508657,0.115831
6340,9,2,0.222691,0.618426,0.136866
6341,9,2,0.205109,0.594516,0.169229
6342,9,2,0.442767,0.819678,0.146575
6343,9,2,0.418355,0.803803,0.178938
6344,9,2,0.529283,0.86553,0.199973
6345,9,2,0.504528,0.854045,0.232336
6346,9,2,0.756117,0.901131,0.209682
6347,9,2,0.736417,0.904296,0.242044
6348,9,2,0.817113,0.878432,0.26308
6349,9,2,0.801045,0.886731,0.295442
6350,9,2,0.905367,0.725572,0.272789
6351,9,2,0.903002,0.745749,0.305151
6352,9,2,0.708114,0.301927,0.023598
6353,9,2,0.446071,0.124346,0.000944
6354,9,2,0.470717,0.13447,0.033306
6355,9,2,0.361982,0.100115,0.054342
6356,9,2,0.385531,0.105218,0.086705
6357,9,2,0.167999,0.131275,0.064051
6358,9,2,0.182887,0.121568,0.096413
6359,9,2,0.125937,0.17577,0.117449
6360,9,2,0.136291,0.161453,0.149811
6361,9,2,0.102646,0.374454,0.127158
6362,9,2,0.098237,0.351135,0.15952
6363,9,2,0.129561,0.459166,0.180556
6364,9,2,0.120086,0.434602,0.212918
6365,9,2,0.291886,0.698073,0.190264
6366,9,2,0.271005,0.676082,0.222627
6367,9,2,0.370533,0.768725,0.243662
6368,9,2,0.3473,0.749652,0.276025
6369,9,2,0.614469,0.894782,0.253371
6370,9,2,0.590494,0.88821,0.285734
6371,9,2,0.694456,0.906106,0.306769
6372,9,2,0.672351,0.904746,0.339132
6373,9,2,0.863709,0.838547,0.316478
6374,9,2,0.852002,0.851604,0.34884
6375,9,2,0.893788,0.783288,0.369876
6376,9,2,0.886974,0.800511,0.402239
6377,9,2,0.870439,0.540834,0.013889
6378,9,2,0.811375,0.429746,0.034925
6379,9,2,0.826701,0.454268,0.067287
6380,9,2,0.605753,0.213203,0.044633
6381,9,2,0.629467,0.231275,0.076996
6382,9,2,0.520244,0.158756,0.098031
6383,9,2,0.544941,0.172827,0.130394
6384,9,2,0.284162,0.094044,0.10774
6385,9,2,0.305544,0.093894,0.140103
6386,9,2,0.216143,0.106408,0.161138
6387,9,2,0.234387,0.101011,0.193501
6388,9,2,0.100863,0.234989,0.170847
6389,9,2,0.106212,0.216712,0.203209
6390,9,2,0.093914,0.306242,0.224245
6391,9,2,0.094016,0.284836,0.256607
6392,9,2,0.173299,0.545732,0.233954
6393,9,2,0.159188,0.521039,0.266316
6394,9,2,0.231872,0.630221,0.287352
6395,9,2,0.213767,0.60652,0.319714
6396,9,2,0.455059,0.827173,0.297061
6397,9,2,0.430529,0.811885,0.329423
6398,9,2,0.541625,0.870764,0.350459
6399,9,2,0.516913,0.859955,0.382821
6400,9,2,0.765613,0.898989,0.360167
6401,9,2,0.746381,0.902901,0.39253
6402,9,2,0.824708,0.873752,0.413565
6403,9,2,0.809223,0.88276,0.445928
6404,9,2,0.905984,0.715164,0.423274
6405,9,2,0.904372,0.73577,0.455637
6406,9,2,0.904677,0.671631,0.025216
6407,9,2,0.906086,0.693758,0.057578
6408,9,2,0.887975,0.589719,0.078614
6409,9,2,0.894594,0.613706,0.110976
6410,9,2,0.749025,0.346563,0.088323
6411,9,2,0.768128,0.369779,0.120685
6412,9,2,0.675365,0.270348,0.141721
6413,9,2,0.697378,0.291204,0.174083
6414,9,2,0.433817,0.119805,0.151429
6415,9,2,0.458375,0.129236,0.183792
6416,9,2,0.350395,0.09812,0.204828
6417,9,2,0.373698,0.102482,0.23719
6418,9,2,0.161014,0.136646,0.214536
6419,9,2,0.175292,0.126248,0.246899
6420,9,2,0.12128,0.183385,0.267934
6421,9,2,0.130942,0.168457,0.300297
6422,9,2,0.105406,0.386294,0.277643
6423,9,2,0.100256,0.362731,0.310005
6424,9,2,0.134818,0.47151,0.331041
6425,9,2,0.124649,0.446859,0.363404
6426,9,2,0.302622,0.708796,0.34075
6427,9,2,0.281344,0.687164,0.373112
6428,9,2,0.382335,0.77789,0.394148
6429,9,2,0.358851,0.759309,0.42651
6430,9,2,0.626302,0.897518,0.403857
6431,9,2,0.602529,0.891678,0.436219
6432,9,2,0.705243,0.90622,0.457255
6433,9,2,0.683489,0.905615,0.489617
6434,9,2,0.869058,0.831543,0.466963
6435,9,2,0.858022,0.845236,0.499326
6436,9,2,0.896647,0.774277,0.520361
6437,9,2,0.890563,0.792035,0.552724
6438,9,2,0.853655,0.503732,0.132012
6439,9,2,0.865182,0.52849,0.164374
6440,9,2,0.803274,0.417577,0.18541
6441,9,2,0.819187,0.44198,0.217772
6442,9,2,0.593742,0.204563,0.195119
6443,9,2,0.617665,0.22211,0.227481
6444,9,2,0.507862,0.152193,0.248517
6445,9,2,0.532608,0.165636,0.280879
6446,9,2,0.273767,0.094686,0.258226
6447,9,2,0.294757,0.09378,0.290588
6448,9,2,0.207413,0.109657,0.311624
6449,9,2,0.225137,0.103525,0.343986
6450,9,2,0.098744,0.244501,0.321332
6451,9,2,0.103353,0.225723,0.353695
6452,9,2,0.09443,0.317221,0.37473
6453,9,2,0.093776,0.295444,0.407093
6454,9,2,0.180813,0.55802,0.384439
6455,9,2,0.166088,0.533401,0.416802
6456,9,2,0.241304,0.641895,0.437837
6457,9,2,0.222691,0.618426,0.4702
6458,9,2,0.467392,0.834364,0.447546
6459,9,2,0.442767,0.819678,0.479908
6460,9,2,0.553929,0.875654,0.500944
6461,9,2,0.529283,0.86553,0.533306
6462,9,2,0.774863,0.896475,0.510653
6463,9,2,0.756117,0.901131,0.543015
6464,9,2,0.832001,0.868725,0.564051
6465,9,2,0.817113,0.878432,0.596413
6466,9,2,0.906224,0.704556,0.57376
6467,9,2,0.905367,0.725572,0.606122
6468,9,2,0.903408,0.660323,0.175701
6469,9,2,0.90557,0.682779,0.208064
6470,9,2,0.884123,0.577595,0.229099
6471,9,2,0.891467,0.601759,0.261462
6472,9,2,0.739121,0.335164,0.238808
6473,9,2,0.758696,0.358105,0.271171
6474,9,2,0.664109,0.260236,0.292206
6475,9,2,0.686458,0.280674,0.324569
6476,9,2,0.421625,0.115619,0.301915
6477,9,2,0.446071,0.124346,0.334277
6478,9,2,0.338947,0.0965,0.355313
6479,9,2,0.361982,0.100115,0.387675
6480,9,2,0.154345,0.142354,0.365022
6481,9,2,0.167999,0.131275,0.397384
6482,9,2,0.116975,0.191293,0.41842
6483,9,2,0.125937,0.17577,0.450782
6484,9,2,0.108533,0.398241,0.428128
6485,9,2,0.102646,0.374454,0.460491
6486,9,2,0.140414,0.483881,0.481527
6487,9,2,0.129561,0.459166,0.513889
6488,9,2,0.313542,0.719326,0.491235
6489,9,2,0.291886,0.698073,0.523598
6490,9,2,0.394247,0.786797,0.544633
6491,9,2,0.370533,0.768725,0.576996
6492,9,2,0.638018,0.899885,0.554342
6493,9,2,0.614469,0.894782,0.586705
6494,9,2,0.715838,0.905956,0.60774
6495,9,2,0.694456,0.906106,0.640103
6496,9,2,0.874063,0.82423,0.617449
6497,9,2,0.863709,0.838547,0.649811
6498,9,2,0.899137,0.765011,0.670847
6499,9,2,0.893788,0.783288,0.703209
6500,9,2,0.847395,0.491343,0.282497
6501,9,2,0.859586,0.516119,0.31486
6502,9,2,0.794891,0.405484,0.335895
6503,9,2,0.811375,0.429746,0.368258
6504,9,2,0.581645,0.196197,0.345604
6505,9,2,0.605753,0.213203,0.377967
6506,9,2,0.495472,0.145955,0.399002
6507,9,2,0.520244,0.158756,0.431365
6508,9,2,0.263583,0.095704,0.408711
6509,9,2,0.284162,0.094044,0.441073
6510,9,2,0.198955,0.113269,0.462109
6511,9,2,0.216143,0.106408,0.494472
6512,9,2,0.096998,0.254251,0.471818
6513,9,2,0.100863,0.234989,0.50418
6514,9,2,0.095323,0.328369,0.525216
6515,9,2,0.093914,0.306242,0.557578
6516,9,2,0.188625,0.570254,0.534925
6517,9,2,0.173299,0.545732,0.567287
6518,9,2,0.250975,0.653437,0.588323
6519,9,2,0.231872,0.630221,0.620685
6520,9,2,0.479756,0.841244,0.598031
6521,9,2,0.455059,0.827173,0.630394
6522,9,2,0.566183,0.880195,0.651429
6523,9,2,0.541625,0.870764,0.683792
6524,9,2,0.783857,0.893592,0.661138
6525,9,2,0.765613,0.898989,0.693501
6526,9,2,0.838986,0.863354,0.714536
6527,9,2,0.824708,0.873752,0.746899
6528,9,2,0.905984,0.715164,0.756607
6529,9,2,0.901763,0.648865,0.326187
6530,9,2,0.904677,0.671631,0.358549
6531,9,2,0.879914,0.565398,0.379585
6532,9,2,0.887975,0.589719,0.411947
6533,9,2,0.728995,0.323918,0.389294
6534,9,2,0.749025,0.346563,0.421656
6535,9,2,0.6527,0.250348,0.442692
6536,9,2,0.675365,0.270348,0.475054
6537,9,2,0.409506,0.11179,0.4524
6538,9,2,0.433817,0.119805,0.484763
6539,9,2,0.327649,0.095254,0.505798
6540,9,2,0.350395,0.09812,0.538161
6541,9,2,0.147998,0.148396,0.515507
6542,9,2,0.161014,0.136646,0.54787
6543,9,2,0.113026,0.199489,0.568905
6544,9,2,0.12128,0.183385,0.601268
6545,9,2,0.112025,0.410281,0.578614
6546,9,2,0.105406,0.386294,0.610976
6547,9,2,0.146345,0.496268,0.632012
6548,9,2,0.134818,0.47151,0.664374
6549,9,2,0.324635,0.729652,0.641721
6550,9,2,0.302622,0.708796,0.674083
6551,9,2,0.406258,0.795437,0.695119
6552,9,2,0.382335,0.77789,0.727481
6553,9,2,0.649605,0.90188,0.704828
6554,9,2,0.626302,0.897518,0.73719
6555,9,2,0.726233,0.905314,0.758226
6556,9,2,0.705243,0.90622,0.790588
6557,9,2,0.87872,0.816615,0.767934
6558,9,2,0.869058,0.831543,0.800297
6559,9,2,0.901256,0.755499,0.821332
6560,9,2,0.896647,0.774277,0.853695
6561,9,2,0.840812,0.478961,0.432983
6562,9,2,0.853655,0.503732,0.465345
6563,9,2,0.786233,0.39348,0.486381
6564,9,2,0.803274,0.417577,0.518743
6565,9,2,0.569471,0.188115,0.49609
6566,9,2,0.593742,0.204563,0.528452
6567,9,2,0.483087,0.140045,0.549488
6568,9,2,0.507862,0.152193,0.58185
6569,9,2,0.253619,0.097099,0.559196
6570,9,2,0.273767,0.094686,0.591559
6571,9,2,0.190777,0.11724,0.612594
6572,9,2,0.207413,0.109657,0.644957
6573,9,2,0.095628,0.26423,0.622303
6574,9,2,0.098744,0.244501,0.654666
6575,9,2,0.096592,0.339677,0.675701
6576,9,2,0.09443,0.317221,0.708064
6577,9,2,0.196726,0.582423,0.68541
6578,9,2,0.180813,0.55802,0.717772
6579,9,2,0.260879,0.664836,0.738808
6580,9,2,0.241304,0.641895,0.771171
6581,9,2,0.492138,0.847807,0.748517
6582,9,2,0.467392,0.834364,0.780879
6583,9,2,0.578375,0.884381,0.801915
6584,9,2,0.553929,0.875654,0.834277
6585,9,2,0.792587,0.890343,0.811624
6586,9,2,0.774863,0.896475,0.843986
6587,9,2,0.845655,0.857646,0.865022
6588,9,2,0.832001,0.868725,0.897384
6589,9,2,0.906224,0.704556,0.907093
6590,9,2,0.899744,0.637269,0.476672
6591,9,2,0.903408,0.660323,0.509035
6592,9,2,0.875351,0.553141,0.53007
6593,9,2,0.884123,0.577595,0.562433
6594,9,2,0.718656,0.312836,0.539779
6595,9,2,0.739121,0.335164,0.572141
6596,9,2,0.641149,0.240691,0.593177
6597,9,2,0.664109,0.260236,0.625539
6598,9,2,0.397471,0.108322,0.602886
6599,9,2,0.421625,0.115619,0.635248
6600,9,2,0.316511,0.094385,0.656284
6601,9,2,0.338947,0.0965,0.688646
6602,9,2,0.141978,0.154764,0.665993
6603,9,2,0.154345,0.142354,0.698355
6604,9,2,0.109437,0.207965,0.719391
6605,9,2,0.116975,0.191293,0.751753
6606,9,2,0.115877,0.422405,0.729099
6607,9,2,0.108533,0.398241,0.761462
6608,9,2,0.152605,0.508657,0.782497
6609,9,2,0.140414,0.483881,0.81486
6610,9,2,0.335891,0.739764,0.792206
6611,9,2,0.313542,0.719326,0.824569
6612,9,2,0.418355,0.803803,0.845604
6613,9,2,0.394247,0.786797,0.877967
6614,9,2,0.661053,0.9035,0.855313
6615,9,2,0.638018,0.899885,0.887675
6616,9,2,0.736417,0.904296,0.908711
6617,9,2,0.715838,0.905956,0.941073
6618,9,2,0.883025,0.808707,0.91842
6619,9,2,0.874063,0.82423,0.950782
6620,9,2,0.903002,0.745749,0.971818
6621,9,2,0.833912,0.466599,0.583468
6622,9,2,0.847395,0.491343,0.615831
6623,9,2,0.777309,0.381574,0.636866
6624,9,2,0.794891,0.405484,0.669229
6625,9,2,0.557233,0.180322,0.646575
6626,9,2,0.581645,0.196197,0.678938
6627,9,2,0.470717,0.13447,0.699973
6628,9,2,0.495472,0.145955,0.732336
6629,9,2,0.243883,0.098869,0.709682
6630,9,2,0.263583,0.095704,0.742044
6631,9,2,0.182887,0.121568,0.76308
6632,9,2,0.198955,0.113269,0.795442
6633,9,2,0.094633,0.274428,0.772789
6634,9,2,0.096998,0.254251,0.805151
6635,9,2,0.098237,0.351135,0.826187
6636,9,2,0.095323,0.328369,0.858549
6637,9,2,0.205109,0.594516,0.835895
6638,9,2,0.188625,0.570254,0.868258
6639,9,2,0.271005,0.676082,0.889294
6640,9,2,0.250975,0.653437,0.921656
6641,9,2,0.504528,0.854045,0.899002
6642,9,2,0.479756,0.841244,0.931365
6643,9,2,0.590494,0.88821,0.9524
6644,9,2,0.566183,0.880195,0.984763
6645,9,2,0.801045,0.886731,0.962109
6646,9,2,0.783857,0.893592,0.994472
6647,9,2,0.897354,0.625546,0.627158
6648,9,2,0.901763,0.648865,0.65952
6649,9,2,0.870439,0.540834,0.680556
6650,9,2,0.879914,0.565398,0.712918
6651,9,2,0.708114,0.301927,0.690264
6652,9,2,0.728995,0.323918,0.722627
6653,9,2,0.629467,0.231275,0.743662
6654,9,2,0.6527,0.250348,0.776025
6655,9,2,0.385531,0.105218,0.753371
6656,9,2,0.409506,0.11179,0.785734
6657,9,2,0.305544,0.093894,0.806769
6658,9,2,0.327649,0.095254,0.839132
6659,9,2,0.136291,0.161453,0.816478
6660,9,2,0.147998,0.148396,0.84884
6661,9,2,0.106212,0.216712,0.869876
6662,9,2,0.113026,0.199489,0.902239
6663,9,2,0.120086,0.434602,0.879585
6664,9,2,0.112025,0.410281,0.911947
6665,9,2,0.159188,0.521039,0.932983
6666,9,2,0.146345,0.496268,0.965345
6667,9,2,0.3473,0.749652,0.942692
6668,9,2,0.324635,0.729652,0.975054
6669,9,2,0.430529,0.811885,0.99609
6670,9,2,0.906086,0.693758,0.724245
6671,9,2,0.826701,0.454268,0.733954
6672,9,2,0.840812,0.478961,0.766316
6673,9,2,0.768128,0.369779,0.787352
6674,9,2,0.786233,0.39348,0.819714
6675,9,2,0.544941,0.172827,0.797061
6676,9,2,0.569471,0.188115,0.829423
6677,9,2,0.458375,0.129236,0.850459
6678,9,2,0.483087,0.140045,0.882821
6679,9,2,0.234387,0.101011,0.860167
6680,9,2,0.253619,0.097099,0.89253
6681,9,2,0.175292,0.126248,0.913565
6682,9,2,0.190777,0.11724,0.945928
6683,9,2,0.094016,0.284836,0.923274
6684,9,2,0.095628,0.26423,0.955637
6685,9,2,0.100256,0.362731,0.976672
6686,9,2,0.213767,0.60652,0.986381
6687,9,2,0.894594,0.613706,0.777643
6688,9,2,0.899744,0.637269,0.810005
6689,9,2,0.865182,0.52849,0.831041
6690,9,2,0.875351,0.553141,0.863404
6691,9,2,0.697378,0.291204,0.84075
6692,9,2,0.718656,0.312836,0.873112
6693,9,2,0.617665,0.22211,0.894148
6694,9,2,0.641149,0.240691,0.92651
6695,9,2,0.373698,0.102482,0.903857
6696,9,2,0.397471,0.108322,0.936219
6697,9,2,0.294757,0.09378,0.957255
6698,9,2,0.316511,0.094385,0.989617
6699,9,2,0.130942,0.168457,0.966963
6700,9,2,0.141978,0.154764,0.999326
6701,9,2,0.90557,0.682779,0.87473
6702,9,2,0.819187,0.44198,0.884439
6703,9,2,0.833912,0.466599,0.916802
6704,9,2,0.758696,0.358105,0.937837
6705,9,2,0.777309,0.381574,0.9702
6706,9,2,0.532608,0.165636,0.947546
6707,9,2,0.557233,0.180322,0.979908
6708,9,2,0.891467,0.601759,0.928128
6709,9,2,0.897354,0.625546,0.960491
6710,9,2,0.859586,0.516119,0.981527
6711,9,2,0.686458,0.280674,0.991235
6712,9,3,0.90725,0.767129,0.008301
6713,9,3,0.913739,0.712975,0.162147
6714,9,3,0.670997,0.91183,0.085224
6715,9,3,0.863071,0.853456,0.033942
6716,9,3,0.84592,0.869624,0.123685
6717,9,3,0.890214,0.814363,0.187788
6718,9,3,0.877868,0.834996,0.277532
6719,9,3,0.232871,0.640122,0.008301
6720,9,3,0.44313,0.826525,0.046762
6721,9,3,0.542872,0.877868,0.110865
6722,9,3,0.509615,0.863071,0.200608
6723,9,3,0.756206,0.909512,0.149326
6724,9,3,0.729228,0.912965,0.23907
6725,9,3,0.805013,0.894679,0.303173
6726,9,3,0.781522,0.903404,0.392916
6727,9,3,0.90725,0.767129,0.341634
6728,9,3,0.900029,0.791692,0.431378
6729,9,3,0.913739,0.712975,0.49548
6730,9,3,0.91183,0.740833,0.585224
6731,9,3,0.146544,0.509615,0.033942
6732,9,3,0.130376,0.476296,0.123685
6733,9,3,0.316263,0.729228,0.072403
6734,9,3,0.287025,0.700764,0.162147
6735,9,3,0.378119,0.781522,0.226249
6736,9,3,0.346694,0.756206,0.315993
6737,9,3,0.608337,0.900029,0.264711
6738,9,3,0.575851,0.890214,0.354455
6739,9,3,0.670997,0.91183,0.418557
6740,9,3,0.640122,0.90725,0.508301
6741,9,3,0.84592,0.869624,0.457019
6742,9,3,0.826525,0.883395,0.546762
6743,9,3,0.877868,0.834996,0.610865
6744,9,3,0.863071,0.853456,0.700608
6745,9,3,0.173475,0.116605,0.046762
6746,9,3,0.08817,0.259167,0.085224
6747,9,3,0.090488,0.346694,0.149326
6748,9,3,0.087035,0.316263,0.23907
6749,9,3,0.185637,0.575851,0.187788
6750,9,3,0.165004,0.542872,0.277532
6751,9,3,0.232871,0.640122,0.341634
6752,9,3,0.208308,0.608337,0.431378
6753,9,3,0.44313,0.826525,0.380096
6754,9,3,0.410334,0.805013,0.469839
6755,9,3,0.509615,0.863071,0.533942
6756,9,3,0.476296,0.84592,0.623685
6757,9,3,0.729228,0.912965,0.572403
6758,9,3,0.700764,0.913739,0.662147
6759,9,3,0.781522,0.903404,0.726249
6760,9,3,0.756206,0.909512,0.815993
6761,9,3,0.900029,0.791692,0.764711
6762,9,3,0.890214,0.814363,0.854455
6763,9,3,0.91183,0.740833,0.918557
6764,9,3,0.359878,0.09275,0.008301
6765,9,3,0.270772,0.087035,0.072403
6766,9,3,0.299236,0.086261,0.162147
6767,9,3,0.122132,0.165004,0.110865
6768,9,3,0.136929,0.146544,0.200608
6769,9,3,0.099971,0.208308,0.264711
6770,9,3,0.109786,0.185637,0.354455
6771,9,3,0.105321,0.410334,0.303173
6772,9,3,0.096596,0.378119,0.392916
6773,9,3,0.130376,0.476296,0.457019
6774,9,3,0.116605,0.44313,0.546762
6775,9,3,0.287025,0.700764,0.49548
6776,9,3,0.259167,0.670997,0.585224
6777,9,3,0.346694,0.756206,0.649326
6778,9,3,0.316263,0.729228,0.73907
6779,9,3,0.575851,0.890214,0.687788
6780,9,3,0.542872,0.877868,0.777532
6781,9,3,0.640122,0.90725,0.841634
6782,9,3,0.608337,0.900029,0.931378
6783,9,3,0.826525,0.883395,0.880096
6784,9,3,0.805013,0.894679,0.969839
6785,9,3,0.740833,0.329003,0.085224
6786,9,3,0.490385,0.136929,0.033942
6787,9,3,0.523704,0.15408,0.123685
6788,9,3,0.424149,0.109786,0.187788
6789,9,3,0.457128,0.122132,0.277532
6790,9,3,0.218478,0.096596,0.226249
6791,9,3,0.243794,0.090488,0.315993
6792,9,3,0.173475,0.116605,0.380096
6793,9,3,0.194987,0.105321,0.469839
6794,9,3,0.08817,0.259167,0.418557
6795,9,3,0.09275,0.232871,0.508301
6796,9,3,0.087035,0.316263,0.572403
6797,9,3,0.086261,0.287025,0.662147
6798,9,3,0.165004,0.542872,0.610865
6799,9,3,0.146544,0.509615,0.700608
6800,9,3,0.208308,0.608337,0.764711
6801,9,3,0.185637,0.575851,0.854455
6802,9,3,0.410334,0.805013,0.803173
6803,9,3,0.378119,0.781522,0.892916
6804,9,3,0.476296,0.84592,0.957019
6805,9,3,0.700764,0.913739,0.99548
6806,9,3,0.883395,0.55687,0.046762
6807,9,3,0.834996,0.457128,0.110865
6808,9,3,0.853456,0.490385,0.200608
6809,9,3,0.653306,0.243794,0.149326
6810,9,3,0.683737,0.270772,0.23907
6811,9,3,0.589666,0.194987,0.303173
6812,9,3,0.621881,0.218478,0.392916
6813,9,3,0.359878,0.09275,0.341634
6814,9,3,0.391663,0.099971,0.431378
6815,9,3,0.299236,0.086261,0.49548
6816,9,3,0.329003,0.08817,0.585224
6817,9,3,0.136929,0.146544,0.533942
6818,9,3,0.15408,0.130376,0.623685
6819,9,3,0.109786,0.185637,0.687788
6820,9,3,0.122132,0.165004,0.777532
6821,9,3,0.096596,0.378119,0.726249
6822,9,3,0.090488,0.346694,0.815993
6823,9,3,0.116605,0.44313,0.880096
6824,9,3,0.105321,0.410334,0.969839
6825,9,3,0.259167,0.670997,0.918557
6826,9,3,0.912965,0.683737,0.072403
6827,9,3,0.903404,0.621881,0.226249
6828,9,3,0.909512,0.653306,0.315993
6829,9,3,0.791692,0.391663,0.264711
6830,9,3,0.814363,0.424149,0.354455
6831,9,3,0.740833,0.329003,0.418557
6832,9,3,0.767129,0.359878,0.508301
6833,9,3,0.523704,0.15408,0.457019
6834,9,3,0.55687,0.173475,0.546762
6835,9,3,0.457128,0.122132,0.610865
6836,9,3,0.490385,0.136929,0.700608
6837,9,3,0.243794,0.090488,0.649326
6838,9,3,0.270772,0.087035,0.73907
6839,9,3,0.194987,0.105321,0.803173
6840,9,3,0.218478,0.096596,0.892916
6841,9,3,0.09275,0.232871,0.841634
6842,9,3,0.099971,0.208308,0.931378
6843,9,3,0.086261,0.287025,0.99548
6844,9,3,0.883395,0.55687,0.380096
6845,9,3,0.894679,0.589666,0.469839
6846,9,3,0.853456,0.490385,0.533942
6847,9,3,0.869624,0.523704,0.623685
6848,9,3,0.683737,0.270772,0.572403
6849,9,3,0.712975,0.299236,0.662147
6850,9,3,0.621881,0.218478,0.726249
6851,9,3,0.653306,0.243794,0.815993
6852,9,3,0.391663,0.099971,0.764711
6853,9,3,0.424149,0.109786,0.854455
6854,9,3,0.329003,0.08817,0.918557
6855,9,3,0.15408,0.130376,0.957019
6856,9,3,0.909512,0.653306,0.649326
6857,9,3,0.912965,0.683737,0.73907
6858,9,3,0.814363,0.424149,0.687788
6859,9,3,0.834996,0.457128,0.777532
6860,9,3,0.767129,0.359878,0.841634
6861,9,3,0.791692,0.391663,0.931378
6862,9,3,0.55687,0.173475,0.880096
6863,9,3,0.589666,0.194987,0.969839
6864,9,3,0.894679,0.589666,0.803173
6865,9,3,0.903404,0.621881,0.892916
6866,9,3,0.869624,0.523704,0.957019
6867,9,3,0.712975,0.299236,0.99548
6868,9,4,0.915239,0.768803,0.001631
6869,9,4,0.920671,0.72872,0.050503
6870,9,4,0.694897,0.920825,0.020428
6871,9,4,0.87446,0.85425,0.007896
6872,9,4,0.854595,0.874167,0.035465
6873,9,4,0.894576,0.824933,0.056769
6874,9,4,0.878911,0.848769,0.084338
6875,9,4,0.483741,0.856374,0.00539
6876,9,4,0.572912,0.895724,0.026693
6877,9,4,0.533448,0.880347,0.054262
6878,9,4,0.769294,0.915131,0.041731
6879,9,4,0.737538,0.920004,0.0693
6880,9,4,0.805581,0.903841,0.090603
6881,9,4,0.776869,0.913332,0.118172
6882,9,4,0.909195,0.791089,0.105641
6883,9,4,0.897947,0.818512,0.13321
6884,9,4,0.918112,0.753189,0.154513
6885,9,4,0.911439,0.783817,0.182082
6886,9,4,0.154993,0.536753,0.024187
6887,9,4,0.357279,0.771836,0.011656
6888,9,4,0.320528,0.740269,0.039225
6889,9,4,0.404968,0.807854,0.060528
6890,9,4,0.366678,0.779359,0.088097
6891,9,4,0.621286,0.909968,0.075566
6892,9,4,0.58269,0.899022,0.103135
6893,9,4,0.66797,0.9185,0.124438
6894,9,4,0.630779,0.912137,0.152007
6895,9,4,0.83761,0.886924,0.139475
6896,9,4,0.812342,0.900901,0.167044
6897,9,4,0.864935,0.864615,0.188348
6898,9,4,0.843464,0.882884,0.215916
6899,9,4,0.921204,0.711762,0.203385
6900,9,4,0.919199,0.745168,0.230954
6901,9,4,0.080548,0.323534,0.00915
6902,9,4,0.098094,0.408202,0.030453
6903,9,4,0.087996,0.369828,0.058022
6904,9,4,0.213741,0.624458,0.04549
6905,9,4,0.185867,0.585939,0.073059
6906,9,4,0.252143,0.671006,0.094363
6907,9,4,0.221119,0.633927,0.121932
6908,9,4,0.453981,0.839582,0.1094
6909,9,4,0.414686,0.814558,0.136969
6910,9,4,0.503636,0.86658,0.158272
6911,9,4,0.463883,0.845373,0.185841
6912,9,4,0.712313,0.921202,0.17331
6913,9,4,0.677046,0.919509,0.200879
6914,9,4,0.753699,0.918034,0.222182
6915,9,4,0.720846,0.921037,0.249751
6916,9,4,0.887175,0.837227,0.23722
6917,9,4,0.869801,0.859533,0.264789
6918,9,4,0.904022,0.805141,0.286092
6919,9,4,0.890985,0.831173,0.313661
6920,9,4,0.187658,0.099099,0.000378
6921,9,4,0.215711,0.088698,0.027947
6922,9,4,0.088561,0.216183,0.015415
6923,9,4,0.098904,0.188087,0.042984
6924,9,4,0.080801,0.254832,0.064287
6925,9,4,0.086545,0.223613,0.091856
6926,9,4,0.115745,0.457279,0.079325
6927,9,4,0.101183,0.417937,0.106894
6928,9,4,0.13875,0.506952,0.128197
6929,9,4,0.119927,0.467188,0.155766
6930,9,4,0.293998,0.715171,0.143235
6931,9,4,0.260256,0.68005,0.170804
6932,9,4,0.338723,0.756339,0.192107
6933,9,4,0.302733,0.723663,0.219676
6934,9,4,0.55324,0.888469,0.207145
6935,9,4,0.513583,0.871377,0.234713
6936,9,4,0.602102,0.904947,0.256017
6937,9,4,0.563093,0.892206,0.283586
6938,9,4,0.79155,0.909043,0.271054
6939,9,4,0.76157,0.916699,0.298623
6940,9,4,0.825339,0.894352,0.319927
6941,9,4,0.798649,0.906555,0.347495
6942,9,4,0.915239,0.768803,0.334964
6943,9,4,0.906722,0.798198,0.362533
6944,9,4,0.920671,0.72872,0.383836
6945,9,4,0.916792,0.761069,0.411405
6946,9,4,0.407579,0.097904,0.012909
6947,9,4,0.322954,0.080491,0.034212
6948,9,4,0.359801,0.085925,0.061781
6949,9,4,0.156536,0.117116,0.04925
6950,9,4,0.18107,0.102262,0.076819
6951,9,4,0.130199,0.140467,0.098122
6952,9,4,0.150873,0.121369,0.125691
6953,9,4,0.078882,0.296897,0.11316
6954,9,4,0.079948,0.26299,0.140729
6955,9,4,0.08283,0.341792,0.162032
6956,9,4,0.079203,0.305669,0.189601
6957,9,4,0.166788,0.556528,0.177069
6958,9,4,0.143967,0.516897,0.204638
6959,9,4,0.199469,0.605316,0.225942
6960,9,4,0.172967,0.56637,0.25351
6961,9,4,0.385696,0.793935,0.240979
6962,9,4,0.347959,0.764161,0.268548
6963,9,4,0.43426,0.827435,0.289851
6964,9,4,0.395303,0.800978,0.31742
6965,9,4,0.649541,0.915782,0.304889
6966,9,4,0.611725,0.907571,0.332458
6967,9,4,0.694897,0.920825,0.353761
6968,9,4,0.6588,0.917258,0.38133
6969,9,4,0.854595,0.874167,0.368799
6970,9,4,0.831567,0.890747,0.396368
6971,9,4,0.878911,0.848769,0.417671
6972,9,4,0.859865,0.869495,0.44524
6973,9,4,0.921055,0.720302,0.460277
6974,9,4,0.739744,0.31995,0.004137
6975,9,4,0.771348,0.356678,0.031706
6976,9,4,0.536117,0.154627,0.019175
6977,9,4,0.575548,0.178914,0.046744
6978,9,4,0.486417,0.128623,0.068047
6979,9,4,0.526195,0.149028,0.095616
6980,9,4,0.279154,0.078963,0.083084
6981,9,4,0.313977,0.079716,0.110653
6982,9,4,0.23843,0.083301,0.131957
6983,9,4,0.270744,0.079362,0.159526
6984,9,4,0.109015,0.168827,0.146994
6985,9,4,0.12554,0.14575,0.174563
6986,9,4,0.093278,0.201802,0.195866
6987,9,4,0.105424,0.175067,0.223435
6988,9,4,0.09259,0.388891,0.210904
6989,9,4,0.08432,0.351056,0.238473
6990,9,4,0.108027,0.437538,0.259776
6991,9,4,0.095229,0.398518,0.287345
6992,9,4,0.236337,0.652637,0.274814
6993,9,4,0.206523,0.614919,0.302383
6994,9,4,0.276878,0.697831,0.323686
6995,9,4,0.244169,0.661866,0.351255
6996,9,4,0.483741,0.856374,0.338724
6997,9,4,0.444105,0.833602,0.366292
6998,9,4,0.533448,0.880347,0.387596
6999,9,4,0.493687,0.861578,0.415165
7000,9,4,0.737538,0.920004,0.402633
7001,9,4,0.703662,0.921131,0.430202
7002,9,4,0.776869,0.913332,0.451505
7003,9,4,0.745687,0.919136,0.479074
7004,9,4,0.897947,0.818512,0.466543
7005,9,4,0.88315,0.843094,0.494112
7006,9,4,0.911439,0.783817,0.515415
7007,9,4,0.901096,0.811913,0.542984
7008,9,4,0.895505,0.572283,0.016668
7009,9,4,0.856033,0.483103,0.037972
7010,9,4,0.875679,0.522884,0.065541
7011,9,4,0.697267,0.276337,0.053009
7012,9,4,0.731498,0.311007,0.080578
7013,9,4,0.652041,0.235839,0.101881
7014,9,4,0.688422,0.267969,0.12945
7015,9,4,0.436907,0.107794,0.116919
7016,9,4,0.476478,0.124033,0.144488
7017,9,4,0.388275,0.092429,0.165791
7018,9,4,0.427088,0.104276,0.19336
7019,9,4,0.201351,0.093445,0.180829
7020,9,4,0.230706,0.084869,0.208398
7021,9,4,0.168433,0.109253,0.229701
7022,9,4,0.194419,0.096159,0.25727
7023,9,4,0.083208,0.238931,0.244739
7024,9,4,0.090805,0.208911,0.272307
7025,9,4,0.078945,0.279698,0.293611
7026,9,4,0.081888,0.246811,0.32118
7027,9,4,0.128925,0.487056,0.308648
7028,9,4,0.111778,0.447394,0.336217
7029,9,4,0.154993,0.536753,0.357521
7030,9,4,0.133735,0.497003,0.385089
7031,9,4,0.320528,0.740269,0.372558
7032,9,4,0.285378,0.706559,0.400127
7033,9,4,0.366678,0.779359,0.42143
7034,9,4,0.329578,0.748373,0.448999
7035,9,4,0.58269,0.899022,0.436468
7036,9,4,0.543356,0.884516,0.464037
7037,9,4,0.630779,0.912137,0.48534
7038,9,4,0.592421,0.902096,0.512909
7039,9,4,0.812342,0.900901,0.500378
7040,9,4,0.784289,0.911302,0.527947
7041,9,4,0.843464,0.882884,0.54925
7042,9,4,0.81893,0.897738,0.576819
7043,9,4,0.919199,0.745168,0.564287
7044,9,4,0.913455,0.776387,0.591856
7045,9,4,0.920052,0.73701,0.640729
7046,9,4,0.920797,0.694331,0.022934
7047,9,4,0.91568,0.648944,0.071806
7048,9,4,0.920242,0.68545,0.099375
7049,9,4,0.827033,0.43363,0.086844
7050,9,4,0.850618,0.473167,0.114413
7051,9,4,0.793477,0.385081,0.135716
7052,9,4,0.820672,0.423824,0.163285
7053,9,4,0.604697,0.199022,0.150754
7054,9,4,0.642721,0.228164,0.178323
7055,9,4,0.555895,0.166398,0.199626
7056,9,4,0.595032,0.192146,0.227195
7057,9,4,0.3412,0.082742,0.214663
7058,9,4,0.378714,0.090032,0.242232
7059,9,4,0.296338,0.078869,0.263536
7060,9,4,0.33203,0.0815,0.291104
7061,9,4,0.140135,0.130505,0.278573
7062,9,4,0.16239,0.113076,0.306142
7063,9,4,0.11685,0.156906,0.327445
7064,9,4,0.135065,0.135385,0.355014
7065,9,4,0.080548,0.323534,0.342483
7066,9,4,0.078796,0.288238,0.370052
7067,9,4,0.087996,0.369828,0.391355
7068,9,4,0.081572,0.332616,0.418924
7069,9,4,0.185867,0.585939,0.406393
7070,9,4,0.160796,0.546654,0.433962
7071,9,4,0.221119,0.633927,0.455265
7072,9,4,0.192582,0.595654,0.482834
7073,9,4,0.414686,0.814558,0.470302
7074,9,4,0.376152,0.786727,0.497871
7075,9,4,0.463883,0.845373,0.519175
7076,9,4,0.424452,0.821086,0.546744
7077,9,4,0.677046,0.919509,0.534212
7078,9,4,0.640199,0.914075,0.561781
7079,9,4,0.720846,0.921037,0.583084
7080,9,4,0.686023,0.920284,0.610653
7081,9,4,0.869801,0.859533,0.598122
7082,9,4,0.849127,0.878631,0.625691
7083,9,4,0.890985,0.831173,0.646994
7084,9,4,0.87446,0.85425,0.674563
7085,9,4,0.904771,0.601482,0.120678
7086,9,4,0.913958,0.639597,0.148247
7087,9,4,0.888222,0.552606,0.169551
7088,9,4,0.901906,0.591798,0.19712
7089,9,4,0.755831,0.338134,0.184588
7090,9,4,0.786259,0.375542,0.212157
7091,9,4,0.714622,0.293441,0.23346
7092,9,4,0.747857,0.328994,0.261029
7093,9,4,0.506313,0.138422,0.248498
7094,9,4,0.546019,0.160418,0.276067
7095,9,4,0.456644,0.115484,0.29737
7096,9,4,0.496364,0.13342,0.324939
7097,9,4,0.254313,0.080864,0.312408
7098,9,4,0.287687,0.078798,0.339977
7099,9,4,0.215711,0.088698,0.36128
7100,9,4,0.246301,0.081966,0.388849
7101,9,4,0.098904,0.188087,0.376317
7102,9,4,0.112825,0.162773,0.403886
7103,9,4,0.086545,0.223613,0.42519
7104,9,4,0.095978,0.194859,0.452759
7105,9,4,0.101183,0.417937,0.440227
7106,9,4,0.090179,0.379326,0.467796
7107,9,4,0.119927,0.467188,0.489099
7108,9,4,0.104495,0.427717,0.516668
7109,9,4,0.260256,0.68005,0.504137
7110,9,4,0.228652,0.643322,0.531706
7111,9,4,0.302733,0.723663,0.553009
7112,9,4,0.268502,0.688993,0.580578
7113,9,4,0.513583,0.871377,0.568047
7114,9,4,0.473805,0.850972,0.595616
7115,9,4,0.563093,0.892206,0.616919
7116,9,4,0.523522,0.875967,0.644488
7117,9,4,0.76157,0.916699,0.631957
7118,9,4,0.729256,0.920638,0.659526
7119,9,4,0.798649,0.906555,0.680829
7120,9,4,0.769294,0.915131,0.708398
7121,9,4,0.906722,0.798198,0.695866
7122,9,4,0.894576,0.824933,0.723435
7123,9,4,0.916792,0.761069,0.744739
7124,9,4,0.909195,0.791089,0.772307
7125,9,4,0.866265,0.502997,0.218423
7126,9,4,0.884255,0.542721,0.245992
7127,9,4,0.839204,0.453346,0.267295
7128,9,4,0.86125,0.493048,0.294864
7129,9,4,0.670422,0.251627,0.282333
7130,9,4,0.706002,0.284829,0.309901
7131,9,4,0.623848,0.213273,0.331205
7132,9,4,0.661277,0.243661,0.358774
7133,9,4,0.407579,0.097904,0.346242
7134,9,4,0.44676,0.111531,0.373811
7135,9,4,0.359801,0.085925,0.395114
7136,9,4,0.397898,0.095053,0.422683
7137,9,4,0.18107,0.102262,0.410152
7138,9,4,0.20845,0.090957,0.437721
7139,9,4,0.150873,0.121369,0.459024
7140,9,4,0.174661,0.105648,0.486593
7141,9,4,0.079948,0.26299,0.474062
7142,9,4,0.084761,0.231197,0.501631
7143,9,4,0.079203,0.305669,0.522934
7144,9,4,0.079329,0.27128,0.550503
7145,9,4,0.143967,0.516897,0.537972
7146,9,4,0.124321,0.477116,0.565541
7147,9,4,0.172967,0.56637,0.586844
7148,9,4,0.149382,0.526833,0.614413
7149,9,4,0.347959,0.764161,0.601881
7150,9,4,0.311578,0.732031,0.62945
7151,9,4,0.395303,0.800978,0.650754
7152,9,4,0.357279,0.771836,0.678323
7153,9,4,0.611725,0.907571,0.665791
7154,9,4,0.572912,0.895724,0.69336
7155,9,4,0.6588,0.917258,0.714663
7156,9,4,0.621286,0.909968,0.742232
7157,9,4,0.831567,0.890747,0.729701
7158,9,4,0.805581,0.903841,0.75727
7159,9,4,0.859865,0.869495,0.778573
7160,9,4,0.83761,0.886924,0.806142
7161,9,4,0.921055,0.720302,0.793611
7162,9,4,0.918112,0.753189,0.82118
7163,9,4,0.921204,0.711762,0.870052
7164,9,4,0.918428,0.667384,0.252257
7165,9,4,0.921118,0.703103,0.279826
7166,9,4,0.909821,0.620674,0.30113
7167,9,4,0.91717,0.658208,0.328698
7168,9,4,0.807418,0.404346,0.316167
7169,9,4,0.833212,0.443472,0.343736
7170,9,4,0.771348,0.356678,0.365039
7171,9,4,0.800531,0.394684,0.392608
7172,9,4,0.575548,0.178914,0.380077
7173,9,4,0.614304,0.206065,0.407646
7174,9,4,0.526195,0.149028,0.428949
7175,9,4,0.56574,0.172565,0.456518
7176,9,4,0.313977,0.079716,0.443987
7177,9,4,0.350459,0.084218,0.471556
7178,9,4,0.270744,0.079362,0.492859
7179,9,4,0.305103,0.079175,0.520428
7180,9,4,0.12554,0.14575,0.507896
7181,9,4,0.145405,0.125833,0.535465
7182,9,4,0.105424,0.175067,0.556769
7183,9,4,0.121089,0.151231,0.584338
7184,9,4,0.08432,0.351056,0.571806
7185,9,4,0.079758,0.31455,0.599375
7186,9,4,0.095229,0.398518,0.620678
7187,9,4,0.086042,0.360403,0.648247
7188,9,4,0.206523,0.614919,0.635716
7189,9,4,0.179328,0.576176,0.663285
7190,9,4,0.244169,0.661866,0.684588
7191,9,4,0.213741,0.624458,0.712157
7192,9,4,0.444105,0.833602,0.699626
7193,9,4,0.404968,0.807854,0.727195
7194,9,4,0.493687,0.861578,0.748498
7195,9,4,0.453981,0.839582,0.776067
7196,9,4,0.703662,0.921131,0.763536
7197,9,4,0.66797,0.9185,0.791104
7198,9,4,0.745687,0.919136,0.812408
7199,9,4,0.712313,0.921202,0.839977
7200,9,4,0.88315,0.843094,0.827445
7201,9,4,0.864935,0.864615,0.855014
7202,9,4,0.901096,0.811913,0.876317
7203,9,4,0.887175,0.837227,0.903886
7204,9,4,0.895505,0.572283,0.350002
7205,9,4,0.90741,0.611109,0.377571
7206,9,4,0.875679,0.522884,0.398874
7207,9,4,0.891973,0.562462,0.426443
7208,9,4,0.731498,0.311007,0.413911
7209,9,4,0.763663,0.347363,0.44148
7210,9,4,0.688422,0.267969,0.462784
7211,9,4,0.723122,0.302169,0.490353
7212,9,4,0.476478,0.124033,0.477821
7213,9,4,0.516259,0.143626,0.50539
7214,9,4,0.427088,0.104276,0.526693
7215,9,4,0.466552,0.119653,0.554262
7216,9,4,0.230706,0.084869,0.541731
7217,9,4,0.262462,0.079996,0.5693
7218,9,4,0.194419,0.096159,0.590603
7219,9,4,0.223131,0.086668,0.618172
7220,9,4,0.090805,0.208911,0.605641
7221,9,4,0.102053,0.181488,0.63321
7222,9,4,0.081888,0.246811,0.654513
7223,9,4,0.088561,0.216183,0.682082
7224,9,4,0.111778,0.447394,0.669551
7225,9,4,0.098094,0.408202,0.69712
7226,9,4,0.133735,0.497003,0.718423
7227,9,4,0.115745,0.457279,0.745992
7228,9,4,0.285378,0.706559,0.73346
7229,9,4,0.252143,0.671006,0.761029
7230,9,4,0.329578,0.748373,0.782333
7231,9,4,0.293998,0.715171,0.809901
7232,9,4,0.543356,0.884516,0.79737
7233,9,4,0.503636,0.86658,0.824939
7234,9,4,0.592421,0.902096,0.846242
7235,9,4,0.55324,0.888469,0.873811
7236,9,4,0.784289,0.911302,0.86128
7237,9,4,0.753699,0.918034,0.888849
7238,9,4,0.81893,0.897738,0.910152
7239,9,4,0.79155,0.909043,0.937721
7240,9,4,0.913455,0.776387,0.92519
7241,9,4,0.904022,0.805141,0.952759
7242,9,4,0.920052,0.73701,0.974062
7243,9,4,0.920242,0.68545,0.432708
7244,9,4,0.850618,0.473167,0.447746
7245,9,4,0.871075,0.512944,0.475315
7246,9,4,0.820672,0.423824,0.496618
7247,9,4,0.845007,0.463247,0.524187
7248,9,4,0.642721,0.228164,0.511656
7249,9,4,0.679472,0.259731,0.539225
7250,9,4,0.595032,0.192146,0.560528
7251,9,4,0.633322,0.220641,0.588097
7252,9,4,0.378714,0.090032,0.575566
7253,9,4,0.41731,0.100978,0.603135
7254,9,4,0.33203,0.0815,0.624438
7255,9,4,0.369221,0.087863,0.652007
7256,9,4,0.16239,0.113076,0.639475
7257,9,4,0.187658,0.099099,0.667044
7258,9,4,0.135065,0.135385,0.688348
7259,9,4,0.156536,0.117116,0.715916
7260,9,4,0.078796,0.288238,0.703385
7261,9,4,0.080801,0.254832,0.730954
7262,9,4,0.081572,0.332616,0.752257
7263,9,4,0.078882,0.296897,0.779826
7264,9,4,0.160796,0.546654,0.767295
7265,9,4,0.13875,0.506952,0.794864
7266,9,4,0.192582,0.595654,0.816167
7267,9,4,0.166788,0.556528,0.843736
7268,9,4,0.376152,0.786727,0.831205
7269,9,4,0.338723,0.756339,0.858774
7270,9,4,0.424452,0.821086,0.880077
7271,9,4,0.385696,0.793935,0.907646
7272,9,4,0.640199,0.914075,0.895114
7273,9,4,0.602102,0.904947,0.922683
7274,9,4,0.686023,0.920284,0.943987
7275,9,4,0.649541,0.915782,0.971556
7276,9,4,0.849127,0.878631,0.959024
7277,9,4,0.825339,0.894352,0.986593
7278,9,4,0.913958,0.639597,0.481581
7279,9,4,0.919452,0.676466,0.50915
7280,9,4,0.901906,0.591798,0.530453
7281,9,4,0.912004,0.630172,0.558022
7282,9,4,0.786259,0.375542,0.54549
7283,9,4,0.814133,0.414061,0.573059
7284,9,4,0.747857,0.328994,0.594363
7285,9,4,0.778881,0.366073,0.621932
7286,9,4,0.546019,0.160418,0.6094
7287,9,4,0.585314,0.185442,0.636969
7288,9,4,0.496364,0.13342,0.658272
7289,9,4,0.536117,0.154627,0.685841
7290,9,4,0.287687,0.078798,0.67331
7291,9,4,0.322954,0.080491,0.700879
7292,9,4,0.246301,0.081966,0.722182
7293,9,4,0.279154,0.078963,0.749751
7294,9,4,0.112825,0.162773,0.73722
7295,9,4,0.130199,0.140467,0.764789
7296,9,4,0.095978,0.194859,0.786092
7297,9,4,0.109015,0.168827,0.813661
7298,9,4,0.090179,0.379326,0.80113
7299,9,4,0.08283,0.341792,0.828698
7300,9,4,0.104495,0.427717,0.850002
7301,9,4,0.09259,0.388891,0.877571
7302,9,4,0.228652,0.643322,0.865039
7303,9,4,0.199469,0.605316,0.892608
7304,9,4,0.268502,0.688993,0.913911
7305,9,4,0.236337,0.652637,0.94148
7306,9,4,0.473805,0.850972,0.928949
7307,9,4,0.43426,0.827435,0.956518
7308,9,4,0.523522,0.875967,0.977821
7309,9,4,0.729256,0.920638,0.992859
7310,9,4,0.884255,0.542721,0.579325
7311,9,4,0.898817,0.582063,0.606894
7312,9,4,0.86125,0.493048,0.628197
7313,9,4,0.880073,0.532812,0.655766
7314,9,4,0.706002,0.284829,0.643235
7315,9,4,0.739744,0.31995,0.670804
7316,9,4,0.661277,0.243661,0.692107
7317,9,4,0.697267,0.276337,0.719676
7318,9,4,0.44676,0.111531,0.707145
7319,9,4,0.486417,0.128623,0.734713
7320,9,4,0.397898,0.095053,0.756017
7321,9,4,0.436907,0.107794,0.783586
7322,9,4,0.20845,0.090957,0.771054
7323,9,4,0.23843,0.083301,0.798623
7324,9,4,0.174661,0.105648,0.819927
7325,9,4,0.201351,0.093445,0.847495
7326,9,4,0.084761,0.231197,0.834964
7327,9,4,0.093278,0.201802,0.862533
7328,9,4,0.079329,0.27128,0.883836
7329,9,4,0.083208,0.238931,0.911405
7330,9,4,0.124321,0.477116,0.898874
7331,9,4,0.108027,0.437538,0.926443
7332,9,4,0.149382,0.526833,0.947746
7333,9,4,0.128925,0.487056,0.975315
7334,9,4,0.311578,0.732031,0.962784
7335,9,4,0.276878,0.697831,0.990353
7336,9,4,0.921118,0.703103,0.61316
7337,9,4,0.91717,0.658208,0.662032
7338,9,4,0.920797,0.694331,0.689601
7339,9,4,0.833212,0.443472,0.677069
7340,9,4,0.856033,0.483103,0.704638
7341,9,4,0.800531,0.394684,0.725942
7342,9,4,0.827033,0.43363,0.75351
7343,9,4,0.614304,0.206065,0.740979
7344,9,4,0.652041,0.235839,0.768548
7345,9,4,0.56574,0.172565,0.789851
7346,9,4,0.604697,0.199022,0.81742
7347,9,4,0.350459,0.084218,0.804889
7348,9,4,0.388275,0.092429,0.832458
7349,9,4,0.305103,0.079175,0.853761
7350,9,4,0.3412,0.082742,0.88133
7351,9,4,0.145405,0.125833,0.868799
7352,9,4,0.168433,0.109253,0.896368
7353,9,4,0.121089,0.151231,0.917671
7354,9,4,0.140135,0.130505,0.94524
7355,9,4,0.079758,0.31455,0.932708
7356,9,4,0.078945,0.279698,0.960277
7357,9,4,0.086042,0.360403,0.981581
7358,9,4,0.179328,0.576176,0.996618
7359,9,4,0.90741,0.611109,0.710904
7360,9,4,0.91568,0.648944,0.738473
7361,9,4,0.891973,0.562462,0.759776
7362,9,4,0.904771,0.601482,0.787345
7363,9,4,0.763663,0.347363,0.774814
7364,9,4,0.793477,0.385081,0.802383
7365,9,4,0.723122,0.302169,0.823686
7366,9,4,0.755831,0.338134,0.851255
7367,9,4,0.516259,0.143626,0.838724
7368,9,4,0.555895,0.166398,0.866292
7369,9,4,0.466552,0.119653,0.887596
7370,9,4,0.506313,0.138422,0.915165
7371,9,4,0.262462,0.079996,0.902633
7372,9,4,0.296338,0.078869,0.930202
7373,9,4,0.223131,0.086668,0.951505
7374,9,4,0.254313,0.080864,0.979074
7375,9,4,0.102053,0.181488,0.966543
7376,9,4,0.11685,0.156906,0.994112
7377,9,4,0.871075,0.512944,0.808648
7378,9,4,0.888222,0.552606,0.836217
7379,9,4,0.845007,0.463247,0.857521
7380,9,4,0.866265,0.502997,0.885089
7381,9,4,0.679472,0.259731,0.872558
7382,9,4,0.714622,0.293441,0.900127
7383,9,4,0.633322,0.220641,0.92143
7384,9,4,0.670422,0.251627,0.948999
7385,9,4,0.41731,0.100978,0.936468
7386,9,4,0.456644,0.115484,0.964037
7387,9,4,0.369221,0.087863,0.98534
7388,9,4,0.919452,0.676466,0.842483
7389,9,4,0.912004,0.630172,0.891355
7390,9,4,0.918428,0.667384,0.918924
7391,9,4,0.814133,0.414061,0.906393
7392,9,4,0.839204,0.453346,0.933962
7393,9,4,0.778881,0.366073,0.955265
7394,9,4,0.807418,0.404346,0.982834
7395,9,4,0.585314,0.185442,0.970302
7396,9,4,0.623848,0.213273,0.997871
7397,9,4,0.898817,0.582063,0.940227
7398,9,4,0.909821,0.620674,0.967796
7399,9,4,0.880073,0.532812,0.989099
7400,9,6,0.933167,0.752076,0.131635
7401,9,6,0.743739,0.934005,0.026372
7402,9,6,0.89639,0.85357,0.008828
7403,9,6,0.874247,0.879319,0.079004
7404,9,6,0.905671,0.839064,0.140407
7405,9,6,0.885904,0.867002,0.210583
7406,9,6,0.934767,0.732157,0.263214
7407,9,6,0.63647,0.926029,0.035144
7408,9,6,0.590192,0.91372,0.10532
7409,9,6,0.799738,0.923004,0.087776
7410,9,6,0.763224,0.931645,0.157951
7411,9,6,0.816657,0.916749,0.219355
7412,9,6,0.781909,0.927974,0.28953
7413,9,6,0.91372,0.823528,0.271986
7414,9,6,0.89639,0.85357,0.342162
7415,9,6,0.920513,0.80701,0.403565
7416,9,6,0.905671,0.839064,0.473741
7417,9,6,0.399908,0.816657,0.052688
7418,9,6,0.470968,0.861453,0.114092
7419,9,6,0.423386,0.832614,0.184267
7420,9,6,0.659022,0.930251,0.166723
7421,9,6,0.613504,0.920513,0.236899
7422,9,6,0.681091,0.933167,0.298302
7423,9,6,0.63647,0.926029,0.368478
7424,9,6,0.832614,0.909228,0.350934
7425,9,6,0.799738,0.923004,0.421109
7426,9,6,0.847562,0.900465,0.482513
7427,9,6,0.816657,0.916749,0.552688
7428,9,6,0.926029,0.789559,0.535144
7429,9,6,0.91372,0.823528,0.60532
7430,9,6,0.930251,0.771229,0.666723
7431,9,6,0.920513,0.80701,0.736899
7432,9,6,0.14643,0.54282,0.008828
7433,9,6,0.120681,0.494928,0.079004
7434,9,6,0.288468,0.723514,0.06146
7435,9,6,0.247924,0.681091,0.131635
7436,9,6,0.309734,0.743739,0.193039
7437,9,6,0.267843,0.70261,0.263214
7438,9,6,0.494928,0.874247,0.245671
7439,9,6,0.447097,0.847562,0.315846
7440,9,6,0.518902,0.885904,0.37725
7441,9,6,0.470968,0.861453,0.447425
7442,9,6,0.70261,0.934767,0.429881
7443,9,6,0.659022,0.930251,0.500057
7444,9,6,0.723514,0.935046,0.56146
7445,9,6,0.681091,0.933167,0.631635
7446,9,6,0.861453,0.890485,0.614092
7447,9,6,0.832614,0.909228,0.684267
7448,9,6,0.874247,0.879319,0.745671
7449,9,6,0.847562,0.900465,0.815846
7450,9,6,0.933167,0.752076,0.798302
7451,9,6,0.926029,0.789559,0.868478
7452,9,6,0.934767,0.732157,0.929881
7453,9,6,0.065995,0.309734,0.026372
7454,9,6,0.076996,0.376734,0.087776
7455,9,6,0.068355,0.331579,0.157951
7456,9,6,0.160936,0.566607,0.140407
7457,9,6,0.132998,0.518902,0.210583
7458,9,6,0.176472,0.590192,0.271986
7459,9,6,0.14643,0.54282,0.342162
7460,9,6,0.331579,0.763224,0.324618
7461,9,6,0.288468,0.723514,0.394793
7462,9,6,0.353935,0.781909,0.456197
7463,9,6,0.309734,0.743739,0.526372
7464,9,6,0.54282,0.89639,0.508828
7465,9,6,0.494928,0.874247,0.579004
7466,9,6,0.566607,0.905671,0.640407
7467,9,6,0.518902,0.885904,0.710583
7468,9,6,0.743739,0.934005,0.693039
7469,9,6,0.70261,0.934767,0.763214
7470,9,6,0.763224,0.931645,0.824618
7471,9,6,0.723514,0.935046,0.894793
7472,9,6,0.885904,0.867002,0.87725
7473,9,6,0.861453,0.890485,0.947425
7474,9,6,0.183343,0.083251,0.052688
7475,9,6,0.073971,0.210441,0.035144
7476,9,6,0.08628,0.176472,0.10532
7477,9,6,0.069749,0.228771,0.166723
7478,9,6,0.079487,0.19299,0.236899
7479,9,6,0.083251,0.399908,0.219355
7480,9,6,0.072026,0.353935,0.28953
7481,9,6,0.090772,0.423386,0.350934
7482,9,6,0.076996,0.376734,0.421109
7483,9,6,0.19299,0.613504,0.403565
7484,9,6,0.160936,0.566607,0.473741
7485,9,6,0.210441,0.63647,0.535144
7486,9,6,0.176472,0.590192,0.60532
7487,9,6,0.376734,0.799738,0.587776
7488,9,6,0.331579,0.763224,0.657951
7489,9,6,0.399908,0.816657,0.719355
7490,9,6,0.353935,0.781909,0.78953
7491,9,6,0.590192,0.91372,0.771986
7492,9,6,0.54282,0.89639,0.842162
7493,9,6,0.613504,0.920513,0.903565
7494,9,6,0.566607,0.905671,0.973741
7495,9,6,0.781909,0.927974,0.956197
7496,9,6,0.276486,0.064954,0.06146
7497,9,6,0.318909,0.066833,0.131635
7498,9,6,0.138547,0.109515,0.114092
7499,9,6,0.167386,0.090772,0.184267
7500,9,6,0.125753,0.120681,0.245671
7501,9,6,0.152438,0.099535,0.315846
7502,9,6,0.066833,0.247924,0.298302
7503,9,6,0.073971,0.210441,0.368478
7504,9,6,0.065233,0.267843,0.429881
7505,9,6,0.069749,0.228771,0.500057
7506,9,6,0.099535,0.447097,0.482513
7507,9,6,0.083251,0.399908,0.552688
7508,9,6,0.109515,0.470968,0.614092
7509,9,6,0.090772,0.423386,0.684267
7510,9,6,0.228771,0.659022,0.666723
7511,9,6,0.19299,0.613504,0.736899
7512,9,6,0.247924,0.681091,0.798302
7513,9,6,0.210441,0.63647,0.868478
7514,9,6,0.423386,0.832614,0.850934
7515,9,6,0.376734,0.799738,0.921109
7516,9,6,0.447097,0.847562,0.982513
7517,9,6,0.690266,0.256261,0.026372
7518,9,6,0.45718,0.10361,0.008828
7519,9,6,0.505072,0.125753,0.079004
7520,9,6,0.433393,0.094329,0.140407
7521,9,6,0.481098,0.114096,0.210583
7522,9,6,0.256261,0.065995,0.193039
7523,9,6,0.29739,0.065233,0.263214
7524,9,6,0.236776,0.068355,0.324618
7525,9,6,0.276486,0.064954,0.394793
7526,9,6,0.114096,0.132998,0.37725
7527,9,6,0.138547,0.109515,0.447425
7528,9,6,0.10361,0.14643,0.508828
7529,9,6,0.125753,0.120681,0.579004
7530,9,6,0.064954,0.288468,0.56146
7531,9,6,0.066833,0.247924,0.631635
7532,9,6,0.065995,0.309734,0.693039
7533,9,6,0.065233,0.267843,0.763214
7534,9,6,0.120681,0.494928,0.745671
7535,9,6,0.099535,0.447097,0.815846
7536,9,6,0.132998,0.518902,0.87725
7537,9,6,0.109515,0.470968,0.947425
7538,9,6,0.267843,0.70261,0.929881
7539,9,6,0.789559,0.36353,0.035144
7540,9,6,0.823528,0.409808,0.10532
7541,9,6,0.623266,0.200262,0.087776
7542,9,6,0.668421,0.236776,0.157951
7543,9,6,0.600092,0.183343,0.219355
7544,9,6,0.646065,0.218091,0.28953
7545,9,6,0.409808,0.08628,0.271986
7546,9,6,0.45718,0.10361,0.342162
7547,9,6,0.386496,0.079487,0.403565
7548,9,6,0.433393,0.094329,0.473741
7549,9,6,0.218091,0.072026,0.456197
7550,9,6,0.256261,0.065995,0.526372
7551,9,6,0.200262,0.076996,0.587776
7552,9,6,0.236776,0.068355,0.657951
7553,9,6,0.094329,0.160936,0.640407
7554,9,6,0.114096,0.132998,0.710583
7555,9,6,0.08628,0.176472,0.771986
7556,9,6,0.10361,0.14643,0.842162
7557,9,6,0.068355,0.331579,0.824618
7558,9,6,0.064954,0.288468,0.894793
7559,9,6,0.072026,0.353935,0.956197
7560,9,6,0.916749,0.600092,0.052688
7561,9,6,0.890485,0.529032,0.114092
7562,9,6,0.909228,0.576614,0.184267
7563,9,6,0.771229,0.340978,0.166723
7564,9,6,0.80701,0.386496,0.236899
7565,9,6,0.752076,0.318909,0.298302
7566,9,6,0.789559,0.36353,0.368478
7567,9,6,0.576614,0.167386,0.350934
7568,9,6,0.623266,0.200262,0.421109
7569,9,6,0.552903,0.152438,0.482513
7570,9,6,0.600092,0.183343,0.552688
7571,9,6,0.36353,0.073971,0.535144
7572,9,6,0.409808,0.08628,0.60532
7573,9,6,0.340978,0.069749,0.666723
7574,9,6,0.386496,0.079487,0.736899
7575,9,6,0.183343,0.083251,0.719355
7576,9,6,0.218091,0.072026,0.78953
7577,9,6,0.167386,0.090772,0.850934
7578,9,6,0.200262,0.076996,0.921109
7579,9,6,0.079487,0.19299,0.903565
7580,9,6,0.094329,0.160936,0.973741
7581,9,6,0.935046,0.711532,0.06146
7582,9,6,0.934005,0.690266,0.193039
7583,9,6,0.879319,0.505072,0.245671
7584,9,6,0.900465,0.552903,0.315846
7585,9,6,0.867002,0.481098,0.37725
7586,9,6,0.890485,0.529032,0.447425
7587,9,6,0.732157,0.29739,0.429881
7588,9,6,0.771229,0.340978,0.500057
7589,9,6,0.711532,0.276486,0.56146
7590,9,6,0.752076,0.318909,0.631635
7591,9,6,0.529032,0.138547,0.614092
7592,9,6,0.576614,0.167386,0.684267
7593,9,6,0.505072,0.125753,0.745671
7594,9,6,0.552903,0.152438,0.815846
7595,9,6,0.318909,0.066833,0.798302
7596,9,6,0.36353,0.073971,0.868478
7597,9,6,0.29739,0.065233,0.929881
7598,9,6,0.152438,0.099535,0.982513
7599,9,6,0.931645,0.668421,0.324618
7600,9,6,0.935046,0.711532,0.394793
7601,9,6,0.927974,0.646065,0.456197
7602,9,6,0.934005,0.690266,0.526372
7603,9,6,0.85357,0.45718,0.508828
7604,9,6,0.879319,0.505072,0.579004
7605,9,6,0.839064,0.433393,0.640407
7606,9,6,0.867002,0.481098,0.710583
7607,9,6,0.690266,0.256261,0.693039
7608,9,6,0.732157,0.29739,0.763214
7609,9,6,0.668421,0.236776,0.824618
7610,9,6,0.711532,0.276486,0.894793
7611,9,6,0.481098,0.114096,0.87725
7612,9,6,0.529032,0.138547,0.947425
7613,9,6,0.923004,0.623266,0.587776
7614,9,6,0.931645,0.668421,0.657951
7615,9,6,0.916749,0.600092,0.719355
7616,9,6,0.927974,0.646065,0.78953
7617,9,6,0.823528,0.409808,0.771986
7618,9,6,0.85357,0.45718,0.842162
7619,9,6,0.80701,0.386496,0.903565
7620,9,6,0.839064,0.433393,0.973741
7621,9,6,0.646065,0.218091,0.956197
7622,9,6,0.909228,0.576614,0.850934
7623,9,6,0.923004,0.623266,0.921109
7624,9,6,0.900465,0.552903,0.982513
7625,10,1,0.876476,0.830375,0.023828
7626,10,1,0.48808,0.849564,0.014819
7627,10,1,0.720007,0.910339,0.019323
7628,10,1,0.808102,0.889229,0.037341
7629,10,1,0.800293,0.892781,0.068873
7630,10,1,0.907332,0.749098,0.041846
7631,10,1,0.905684,0.758239,0.073377
7632,10,1,0.114636,0.430299,0.00581
7633,10,1,0.260242,0.668895,0.010314
7634,10,1,0.3629,0.766721,0.028332
7635,10,1,0.352,0.757776,0.059864
7636,10,1,0.603199,0.895861,0.032837
7637,10,1,0.591908,0.892607,0.064368
7638,10,1,0.700035,0.910651,0.082386
7639,10,1,0.689804,0.910313,0.113918
7640,10,1,0.866587,0.843649,0.086891
7641,10,1,0.861201,0.849876,0.118422
7642,10,1,0.901415,0.775893,0.13644
7643,10,1,0.898798,0.784391,0.167972
7644,10,1,0.101202,0.215609,0.001305
7645,10,1,0.089661,0.309668,0.019323
7646,10,1,0.089341,0.299446,0.050855
7647,10,1,0.169625,0.5461,0.023828
7648,10,1,0.162853,0.534533,0.055359
7649,10,1,0.241761,0.647445,0.073377
7650,10,1,0.232827,0.636539,0.104909
7651,10,1,0.464874,0.836807,0.077882
7652,10,1,0.453309,0.830022,0.109413
7653,10,1,0.569115,0.885158,0.127431
7654,10,1,0.557631,0.88097,0.158963
7655,10,1,0.783962,0.89894,0.131936
7656,10,1,0.775452,0.901541,0.163467
7657,10,1,0.849564,0.861483,0.181485
7658,10,1,0.843323,0.866855,0.213017
7659,10,1,0.331105,0.091347,0.010314
7660,10,1,0.341766,0.092668,0.041846
7661,10,1,0.150436,0.138517,0.014819
7662,10,1,0.156677,0.133145,0.04635
7663,10,1,0.107393,0.199301,0.064368
7664,10,1,0.110962,0.191505,0.0959
7665,10,1,0.107219,0.407512,0.068873
7666,10,1,0.103981,0.396226,0.100404
7667,10,1,0.150124,0.511325,0.118422
7668,10,1,0.144178,0.499703,0.149954
7669,10,1,0.330563,0.739275,0.122927
7670,10,1,0.320044,0.729733,0.154458
7671,10,1,0.430299,0.815663,0.172476
7672,10,1,0.418873,0.808102,0.204008
7673,10,1,0.668895,0.908653,0.176981
7674,10,1,0.658234,0.907332,0.208512
7675,10,1,0.757776,0.905776,0.22653
7676,10,1,0.748625,0.907407,0.258062
7677,10,1,0.892607,0.800699,0.231035
7678,10,1,0.889038,0.808495,0.262567
7679,10,1,0.910313,0.720509,0.280585
7680,10,1,0.909647,0.730226,0.312116
7681,10,1,0.784391,0.385593,0.001305
7682,10,1,0.792662,0.396801,0.032837
7683,10,1,0.569701,0.184337,0.00581
7684,10,1,0.581127,0.191898,0.037341
7685,10,1,0.465467,0.12832,0.055359
7686,10,1,0.477062,0.133413,0.086891
7687,10,1,0.242224,0.094224,0.059864
7688,10,1,0.251375,0.092593,0.091395
7689,10,1,0.169978,0.123287,0.109413
7690,10,1,0.177028,0.118809,0.140945
7691,10,1,0.089687,0.279491,0.113918
7692,10,1,0.090353,0.269774,0.145449
7693,10,1,0.098459,0.373911,0.163467
7694,10,1,0.09618,0.3629,0.194999
7695,10,1,0.215609,0.614407,0.167972
7696,10,1,0.207338,0.603199,0.199503
7697,10,1,0.299446,0.710105,0.217521
7698,10,1,0.289384,0.700035,0.249053
7699,10,1,0.534533,0.87168,0.222026
7700,10,1,0.522938,0.866587,0.253557
7701,10,1,0.636539,0.903712,0.271576
7702,10,1,0.625523,0.901415,0.303107
7703,10,1,0.830022,0.876713,0.27608
7704,10,1,0.822972,0.881191,0.307612
7705,10,1,0.88097,0.823339,0.32563
7706,10,1,0.876476,0.830375,0.357161
7707,10,1,0.90382,0.6371,0.028332
7708,10,1,0.866855,0.523532,0.04635
7709,10,1,0.871933,0.535126,0.077882
7710,10,1,0.700554,0.289895,0.050855
7711,10,1,0.710616,0.299965,0.082386
7712,10,1,0.603774,0.207755,0.100404
7713,10,1,0.614978,0.216038,0.131936
7714,10,1,0.363461,0.096288,0.104909
7715,10,1,0.374477,0.098585,0.13644
7716,10,1,0.270267,0.09031,0.154458
7717,10,1,0.279993,0.089661,0.18599
7718,10,1,0.11903,0.176661,0.158963
7719,10,1,0.123524,0.169625,0.190494
7720,10,1,0.092668,0.250902,0.208512
7721,10,1,0.094316,0.241761,0.240044
7722,10,1,0.133145,0.476468,0.213017
7723,10,1,0.128067,0.464874,0.244548
7724,10,1,0.191505,0.580544,0.262567
7725,10,1,0.183957,0.569115,0.294098
7726,10,1,0.396226,0.792245,0.267071
7727,10,1,0.385022,0.783962,0.298603
7728,10,1,0.499703,0.855525,0.316621
7729,10,1,0.48808,0.849564,0.348152
7730,10,1,0.729733,0.90969,0.321125
7731,10,1,0.720007,0.910339,0.352657
7732,10,1,0.808102,0.889229,0.370675
7733,10,1,0.800293,0.892781,0.402206
7734,10,1,0.907332,0.749098,0.375179
7735,10,1,0.905684,0.758239,0.406711
7736,10,1,0.907407,0.658782,0.091395
7737,10,1,0.908712,0.669437,0.122927
7738,10,1,0.808495,0.419456,0.0959
7739,10,1,0.816043,0.430885,0.127431
7740,10,1,0.730226,0.320578,0.145449
7741,10,1,0.739758,0.331105,0.176981
7742,10,1,0.500297,0.144475,0.149954
7743,10,1,0.51192,0.150436,0.181485
7744,10,1,0.396801,0.104139,0.199503
7745,10,1,0.408092,0.107393,0.231035
7746,10,1,0.191898,0.110771,0.204008
7747,10,1,0.199707,0.107219,0.235539
7748,10,1,0.133413,0.156351,0.253557
7749,10,1,0.138799,0.150124,0.285089
7750,10,1,0.092593,0.341218,0.258062
7751,10,1,0.091288,0.330563,0.289594
7752,10,1,0.118809,0.44178,0.307612
7753,10,1,0.114636,0.430299,0.339143
7754,10,1,0.269774,0.679422,0.312116
7755,10,1,0.260242,0.668895,0.343648
7756,10,1,0.3629,0.766721,0.361666
7757,10,1,0.352,0.757776,0.393197
7758,10,1,0.603199,0.895861,0.36617
7759,10,1,0.591908,0.892607,0.397702
7760,10,1,0.700035,0.910651,0.41572
7761,10,1,0.689804,0.910313,0.447251
7762,10,1,0.866587,0.843649,0.420224
7763,10,1,0.861201,0.849876,0.451756
7764,10,1,0.901415,0.775893,0.469774
7765,10,1,0.898798,0.784391,0.501305
7766,10,1,0.881191,0.55822,0.140945
7767,10,1,0.885364,0.569701,0.172476
7768,10,1,0.830375,0.4539,0.190494
7769,10,1,0.837147,0.465467,0.222026
7770,10,1,0.6371,0.233279,0.194999
7771,10,1,0.648,0.242224,0.22653
7772,10,1,0.535126,0.163193,0.244548
7773,10,1,0.546691,0.169978,0.27608
7774,10,1,0.299965,0.089349,0.249053
7775,10,1,0.310196,0.089687,0.280585
7776,10,1,0.216038,0.10106,0.298603
7777,10,1,0.224548,0.098459,0.330134
7778,10,1,0.098585,0.224107,0.303107
7779,10,1,0.101202,0.215609,0.334639
7780,10,1,0.089661,0.309668,0.352657
7781,10,1,0.089341,0.299446,0.384188
7782,10,1,0.169625,0.5461,0.357161
7783,10,1,0.162853,0.534533,0.388693
7784,10,1,0.241761,0.647445,0.406711
7785,10,1,0.232827,0.636539,0.438242
7786,10,1,0.464874,0.836807,0.411215
7787,10,1,0.453309,0.830022,0.442747
7788,10,1,0.569115,0.885158,0.460765
7789,10,1,0.557631,0.88097,0.492296
7790,10,1,0.783962,0.89894,0.465269
7791,10,1,0.775452,0.901541,0.496801
7792,10,1,0.849564,0.861483,0.514819
7793,10,1,0.843323,0.866855,0.54635
7794,10,1,0.910339,0.690332,0.18599
7795,10,1,0.910659,0.700554,0.217521
7796,10,1,0.892781,0.592488,0.235539
7797,10,1,0.896019,0.603774,0.267071
7798,10,1,0.758239,0.352555,0.240044
7799,10,1,0.767173,0.363461,0.271576
7800,10,1,0.669437,0.260725,0.289594
7801,10,1,0.679956,0.270267,0.321125
7802,10,1,0.430885,0.114842,0.294098
7803,10,1,0.442369,0.11903,0.32563
7804,10,1,0.331105,0.091347,0.343648
7805,10,1,0.341766,0.092668,0.375179
7806,10,1,0.150436,0.138517,0.348152
7807,10,1,0.156677,0.133145,0.379684
7808,10,1,0.107393,0.199301,0.397702
7809,10,1,0.110962,0.191505,0.429233
7810,10,1,0.107219,0.407512,0.402206
7811,10,1,0.103981,0.396226,0.433738
7812,10,1,0.150124,0.511325,0.451756
7813,10,1,0.144178,0.499703,0.483287
7814,10,1,0.330563,0.739275,0.45626
7815,10,1,0.320044,0.729733,0.487792
7816,10,1,0.430299,0.815663,0.50581
7817,10,1,0.418873,0.808102,0.537341
7818,10,1,0.668895,0.908653,0.510314
7819,10,1,0.658234,0.907332,0.541846
7820,10,1,0.757776,0.905776,0.559864
7821,10,1,0.748625,0.907407,0.591395
7822,10,1,0.892607,0.800699,0.564368
7823,10,1,0.889038,0.808495,0.5959
7824,10,1,0.910313,0.720509,0.613918
7825,10,1,0.909647,0.730226,0.645449
7826,10,1,0.849876,0.488675,0.285089
7827,10,1,0.855822,0.500297,0.316621
7828,10,1,0.784391,0.385593,0.334639
7829,10,1,0.792662,0.396801,0.36617
7830,10,1,0.569701,0.184337,0.339143
7831,10,1,0.581127,0.191898,0.370675
7832,10,1,0.465467,0.12832,0.388693
7833,10,1,0.477062,0.133413,0.420224
7834,10,1,0.242224,0.094224,0.393197
7835,10,1,0.251375,0.092593,0.424729
7836,10,1,0.169978,0.123287,0.442747
7837,10,1,0.177028,0.118809,0.474278
7838,10,1,0.089687,0.279491,0.447251
7839,10,1,0.090353,0.269774,0.478783
7840,10,1,0.098459,0.373911,0.496801
7841,10,1,0.09618,0.3629,0.528332
7842,10,1,0.215609,0.614407,0.501305
7843,10,1,0.207338,0.603199,0.532837
7844,10,1,0.299446,0.710105,0.550855
7845,10,1,0.289384,0.700035,0.582386
7846,10,1,0.534533,0.87168,0.555359
7847,10,1,0.522938,0.866587,0.586891
7848,10,1,0.636539,0.903712,0.604909
7849,10,1,0.625523,0.901415,0.63644
7850,10,1,0.830022,0.876713,0.609413
7851,10,1,0.822972,0.881191,0.640945
7852,10,1,0.88097,0.823339,0.658963
7853,10,1,0.876476,0.830375,0.690494
7854,10,1,0.901541,0.626089,0.330134
7855,10,1,0.90382,0.6371,0.361666
7856,10,1,0.866855,0.523532,0.379684
7857,10,1,0.871933,0.535126,0.411215
7858,10,1,0.700554,0.289895,0.384188
7859,10,1,0.710616,0.299965,0.41572
7860,10,1,0.603774,0.207755,0.433738
7861,10,1,0.614978,0.216038,0.465269
7862,10,1,0.363461,0.096288,0.438242
7863,10,1,0.374477,0.098585,0.469774
7864,10,1,0.270267,0.09031,0.487792
7865,10,1,0.279993,0.089661,0.519323
7866,10,1,0.11903,0.176661,0.492296
7867,10,1,0.123524,0.169625,0.523828
7868,10,1,0.092668,0.250902,0.541846
7869,10,1,0.094316,0.241761,0.573377
7870,10,1,0.133145,0.476468,0.54635
7871,10,1,0.128067,0.464874,0.577882
7872,10,1,0.191505,0.580544,0.5959
7873,10,1,0.183957,0.569115,0.627431
7874,10,1,0.396226,0.792245,0.600404
7875,10,1,0.385022,0.783962,0.631936
7876,10,1,0.499703,0.855525,0.649954
7877,10,1,0.48808,0.849564,0.681485
7878,10,1,0.729733,0.90969,0.654458
7879,10,1,0.720007,0.910339,0.68599
7880,10,1,0.808102,0.889229,0.704008
7881,10,1,0.800293,0.892781,0.735539
7882,10,1,0.907332,0.749098,0.708512
7883,10,1,0.905684,0.758239,0.740044
7884,10,1,0.907407,0.658782,0.424729
7885,10,1,0.908712,0.669437,0.45626
7886,10,1,0.808495,0.419456,0.429233
7887,10,1,0.816043,0.430885,0.460765
7888,10,1,0.730226,0.320578,0.478783
7889,10,1,0.739758,0.331105,0.510314
7890,10,1,0.500297,0.144475,0.483287
7891,10,1,0.51192,0.150436,0.514819
7892,10,1,0.396801,0.104139,0.532837
7893,10,1,0.408092,0.107393,0.564368
7894,10,1,0.191898,0.110771,0.537341
7895,10,1,0.199707,0.107219,0.568873
7896,10,1,0.133413,0.156351,0.586891
7897,10,1,0.138799,0.150124,0.618422
7898,10,1,0.092593,0.341218,0.591395
7899,10,1,0.091288,0.330563,0.622927
7900,10,1,0.118809,0.44178,0.640945
7901,10,1,0.114636,0.430299,0.672476
7902,10,1,0.269774,0.679422,0.645449
7903,10,1,0.260242,0.668895,0.676981
7904,10,1,0.3629,0.766721,0.694999
7905,10,1,0.352,0.757776,0.72653
7906,10,1,0.603199,0.895861,0.699503
7907,10,1,0.591908,0.892607,0.731035
7908,10,1,0.700035,0.910651,0.749053
7909,10,1,0.689804,0.910313,0.780585
7910,10,1,0.866587,0.843649,0.753557
7911,10,1,0.861201,0.849876,0.785089
7912,10,1,0.901415,0.775893,0.803107
7913,10,1,0.898798,0.784391,0.834639
7914,10,1,0.881191,0.55822,0.474278
7915,10,1,0.885364,0.569701,0.50581
7916,10,1,0.830375,0.4539,0.523828
7917,10,1,0.837147,0.465467,0.555359
7918,10,1,0.6371,0.233279,0.528332
7919,10,1,0.648,0.242224,0.559864
7920,10,1,0.535126,0.163193,0.577882
7921,10,1,0.546691,0.169978,0.609413
7922,10,1,0.299965,0.089349,0.582386
7923,10,1,0.310196,0.089687,0.613918
7924,10,1,0.216038,0.10106,0.631936
7925,10,1,0.224548,0.098459,0.663467
7926,10,1,0.098585,0.224107,0.63644
7927,10,1,0.101202,0.215609,0.667972
7928,10,1,0.089661,0.309668,0.68599
7929,10,1,0.089341,0.299446,0.717521
7930,10,1,0.169625,0.5461,0.690494
7931,10,1,0.162853,0.534533,0.722026
7932,10,1,0.241761,0.647445,0.740044
7933,10,1,0.232827,0.636539,0.771576
7934,10,1,0.464874,0.836807,0.744548
7935,10,1,0.453309,0.830022,0.77608
7936,10,1,0.569115,0.885158,0.794098
7937,10,1,0.557631,0.88097,0.82563
7938,10,1,0.783962,0.89894,0.798603
7939,10,1,0.775452,0.901541,0.830134
7940,10,1,0.849564,0.861483,0.848152
7941,10,1,0.843323,0.866855,0.879684
7942,10,1,0.910339,0.690332,0.519323
7943,10,1,0.910659,0.700554,0.550855
7944,10,1,0.892781,0.592488,0.568873
7945,10,1,0.896019,0.603774,0.600404
7946,10,1,0.758239,0.352555,0.573377
7947,10,1,0.767173,0.363461,0.604909
7948,10,1,0.669437,0.260725,0.622927
7949,10,1,0.679956,0.270267,0.654458
7950,10,1,0.430885,0.114842,0.627431
7951,10,1,0.442369,0.11903,0.658963
7952,10,1,0.331105,0.091347,0.676981
7953,10,1,0.341766,0.092668,0.708512
7954,10,1,0.150436,0.138517,0.681485
7955,10,1,0.156677,0.133145,0.713017
7956,10,1,0.107393,0.199301,0.731035
7957,10,1,0.110962,0.191505,0.762567
7958,10,1,0.107219,0.407512,0.735539
7959,10,1,0.103981,0.396226,0.767071
7960,10,1,0.150124,0.511325,0.785089
7961,10,1,0.144178,0.499703,0.816621
7962,10,1,0.330563,0.739275,0.789594
7963,10,1,0.320044,0.729733,0.821125
7964,10,1,0.430299,0.815663,0.839143
7965,10,1,0.418873,0.808102,0.870675
7966,10,1,0.668895,0.908653,0.843648
7967,10,1,0.658234,0.907332,0.875179
7968,10,1,0.757776,0.905776,0.893197
7969,10,1,0.748625,0.907407,0.924729
7970,10,1,0.892607,0.800699,0.897702
7971,10,1,0.889038,0.808495,0.929233
7972,10,1,0.910313,0.720509,0.947251
7973,10,1,0.909647,0.730226,0.978783
7974,10,1,0.849876,0.488675,0.618422
7975,10,1,0.855822,0.500297,0.649954
7976,10,1,0.784391,0.385593,0.667972
7977,10,1,0.792662,0.396801,0.699503
7978,10,1,0.569701,0.184337,0.672476
7979,10,1,0.581127,0.191898,0.704008
7980,10,1,0.465467,0.12832,0.722026
7981,10,1,0.477062,0.133413,0.753557
7982,10,1,0.242224,0.094224,0.72653
7983,10,1,0.251375,0.092593,0.758062
7984,10,1,0.169978,0.123287,0.77608
7985,10,1,0.177028,0.118809,0.807612
7986,10,1,0.089687,0.279491,0.780585
7987,10,1,0.090353,0.269774,0.812116
7988,10,1,0.098459,0.373911,0.830134
7989,10,1,0.09618,0.3629,0.861666
7990,10,1,0.215609,0.614407,0.834639
7991,10,1,0.207338,0.603199,0.86617
7992,10,1,0.299446,0.710105,0.884188
7993,10,1,0.289384,0.700035,0.91572
7994,10,1,0.534533,0.87168,0.888693
7995,10,1,0.522938,0.866587,0.920224
7996,10,1,0.636539,0.903712,0.938242
7997,10,1,0.625523,0.901415,0.969774
7998,10,1,0.830022,0.876713,0.942747
7999,10,1,0.822972,0.881191,0.974278
8000,10,1,0.88097,0.823339,0.992296
8001,10,1,0.901541,0.626089,0.663467
8002,10,1,0.90382,0.6371,0.694999
8003,10,1,0.866855,0.523532,0.713017
8004,10,1,0.871933,0.535126,0.744548
8005,10,1,0.700554,0.289895,0.717521
8006,10,1,0.710616,0.299965,0.749053
8007,10,1,0.603774,0.207755,0.767071
8008,10,1,0.614978,0.216038,0.798603
8009,10,1,0.363461,0.096288,0.771576
8010,10,1,0.374477,0.098585,0.803107
8011,10,1,0.270267,0.09031,0.821125
8012,10,1,0.279993,0.089661,0.852657
8013,10,1,0.11903,0.176661,0.82563
8014,10,1,0.123524,0.169625,0.857161
8015,10,1,0.092668,0.250902,0.875179
8016,10,1,0.094316,0.241761,0.906711
8017,10,1,0.133145,0.476468,0.879684
8018,10,1,0.128067,0.464874,0.911215
8019,10,1,0.191505,0.580544,0.929233
8020,10,1,0.183957,0.569115,0.960765
8021,10,1,0.396226,0.792245,0.933738
8022,10,1,0.385022,0.783962,0.965269
8023,10,1,0.499703,0.855525,0.983287
8024,10,1,0.729733,0.90969,0.987792
8025,10,1,0.907407,0.658782,0.758062
8026,10,1,0.908712,0.669437,0.789594
8027,10,1,0.808495,0.419456,0.762567
8028,10,1,0.816043,0.430885,0.794098
8029,10,1,0.730226,0.320578,0.812116
8030,10,1,0.739758,0.331105,0.843648
8031,10,1,0.500297,0.144475,0.816621
8032,10,1,0.51192,0.150436,0.848152
8033,10,1,0.396801,0.104139,0.86617
8034,10,1,0.408092,0.107393,0.897702
8035,10,1,0.191898,0.110771,0.870675
8036,10,1,0.199707,0.107219,0.902206
8037,10,1,0.133413,0.156351,0.920224
8038,10,1,0.138799,0.150124,0.951756
8039,10,1,0.092593,0.341218,0.924729
8040,10,1,0.091288,0.330563,0.95626
8041,10,1,0.118809,0.44178,0.974278
8042,10,1,0.269774,0.679422,0.978783
8043,10,1,0.881191,0.55822,0.807612
8044,10,1,0.885364,0.569701,0.839143
8045,10,1,0.830375,0.4539,0.857161
8046,10,1,0.837147,0.465467,0.888693
8047,10,1,0.6371,0.233279,0.861666
8048,10,1,0.648,0.242224,0.893197
8049,10,1,0.535126,0.163193,0.911215
8050,10,1,0.546691,0.169978,0.942747
8051,10,1,0.299965,0.089349,0.91572
8052,10,1,0.310196,0.089687,0.947251
8053,10,1,0.216038,0.10106,0.965269
8054,10,1,0.224548,0.098459,0.996801
8055,10,1,0.098585,0.224107,0.969774
8056,10,1,0.910339,0.690332,0.852657
8057,10,1,0.910659,0.700554,0.884188
8058,10,1,0.892781,0.592488,0.902206
8059,10,1,0.896019,0.603774,0.933738
8060,10,1,0.758239,0.352555,0.906711
8061,10,1,0.767173,0.363461,0.938242
8062,10,1,0.669437,0.260725,0.95626
8063,10,1,0.679956,0.270267,0.987792
8064,10,1,0.430885,0.114842,0.960765
8065,10,1,0.442369,0.11903,0.992296
8066,10,1,0.849876,0.488675,0.951756
8067,10,1,0.855822,0.500297,0.983287
8068,10,1,0.901541,0.626089,0.996801
8069,10,2,0.883267,0.834326,0.039689
8070,10,2,0.52086,0.871269,0.007431
8071,10,2,0.738102,0.915719,0.02356
8072,10,2,0.816365,0.893695,0.061194
8073,10,2,0.802185,0.90018,0.120334
8074,10,2,0.912332,0.761107,0.077323
8075,10,2,0.908589,0.777251,0.136463
8076,10,2,0.917183,0.708826,0.233237
8077,10,2,0.39517,0.797284,0.028936
8078,10,2,0.374853,0.782078,0.088076
8079,10,2,0.624631,0.907108,0.045065
8080,10,2,0.604306,0.90197,0.104205
8081,10,2,0.702223,0.917119,0.141839
8082,10,2,0.683482,0.916213,0.200979
8083,10,2,0.864632,0.857856,0.157968
8084,10,2,0.853897,0.868257,0.217108
8085,10,2,0.89797,0.807366,0.254742
8086,10,2,0.891121,0.821258,0.313882
8087,10,2,0.087587,0.348271,0.055818
8088,10,2,0.197442,0.597469,0.012807
8089,10,2,0.183283,0.576799,0.071947
8090,10,2,0.261454,0.677128,0.109581
8091,10,2,0.244426,0.65777,0.168721
8092,10,2,0.4786,0.850116,0.12571
8093,10,2,0.457525,0.838177,0.18485
8094,10,2,0.562906,0.888613,0.222484
8095,10,2,0.541937,0.88043,0.281624
8096,10,2,0.771536,0.910054,0.238613
8097,10,2,0.755147,0.913417,0.297753
8098,10,2,0.829733,0.8862,0.335388
8099,10,2,0.816365,0.893695,0.394527
8100,10,2,0.915015,0.744292,0.351517
8101,10,2,0.912332,0.761107,0.410656
8102,10,2,0.261898,0.084281,0.02356
8103,10,2,0.116733,0.165674,0.039689
8104,10,2,0.087668,0.238893,0.077323
8105,10,2,0.091411,0.222749,0.136463
8106,10,2,0.11652,0.450522,0.093452
8107,10,2,0.108692,0.429605,0.152592
8108,10,2,0.157437,0.53492,0.190226
8109,10,2,0.145817,0.51382,0.249366
8110,10,2,0.335233,0.749536,0.206355
8111,10,2,0.316032,0.732282,0.265495
8112,10,2,0.415757,0.811727,0.30313
8113,10,2,0.39517,0.797284,0.362269
8114,10,2,0.644636,0.911201,0.319259
8115,10,2,0.624631,0.907108,0.378398
8116,10,2,0.720445,0.916954,0.416033
8117,10,2,0.702223,0.917119,0.475173
8118,10,2,0.87443,0.846536,0.432162
8119,10,2,0.864632,0.857856,0.491302
8120,10,2,0.903798,0.792684,0.528936
8121,10,2,0.89797,0.807366,0.588076
8122,10,2,0.47914,0.128731,0.007431
8123,10,2,0.375369,0.092892,0.045065
8124,10,2,0.395694,0.09803,0.104205
8125,10,2,0.183635,0.106305,0.061194
8126,10,2,0.197815,0.09982,0.120334
8127,10,2,0.135368,0.142144,0.157968
8128,10,2,0.146103,0.131743,0.217108
8129,10,2,0.083338,0.309734,0.174097
8130,10,2,0.082817,0.291174,0.233237
8131,10,2,0.096067,0.388365,0.270871
8132,10,2,0.091302,0.368149,0.330011
8133,10,2,0.212378,0.617889,0.287
8134,10,2,0.197442,0.597469,0.34614
8135,10,2,0.279096,0.696032,0.383775
8136,10,2,0.261454,0.677128,0.442914
8137,10,2,0.49973,0.861156,0.399904
8138,10,2,0.4786,0.850116,0.459043
8139,10,2,0.583713,0.8958,0.496678
8140,10,2,0.562906,0.888613,0.555818
8141,10,2,0.787229,0.905637,0.512807
8142,10,2,0.771536,0.910054,0.571947
8143,10,2,0.842254,0.877714,0.609581
8144,10,2,0.829733,0.8862,0.668721
8145,10,2,0.916634,0.72685,0.62571
8146,10,2,0.915015,0.744292,0.68485
8147,10,2,0.802558,0.402531,0.012807
8148,10,2,0.816717,0.423201,0.071947
8149,10,2,0.60483,0.202716,0.028936
8150,10,2,0.625147,0.217922,0.088076
8151,10,2,0.5214,0.149884,0.12571
8152,10,2,0.542475,0.161823,0.18485
8153,10,2,0.297777,0.082881,0.141839
8154,10,2,0.316518,0.083787,0.200979
8155,10,2,0.228464,0.089946,0.238613
8156,10,2,0.244853,0.086583,0.297753
8157,10,2,0.10203,0.192634,0.254742
8158,10,2,0.108879,0.178742,0.313882
8159,10,2,0.084985,0.255708,0.351517
8160,10,2,0.087668,0.238893,0.410656
8161,10,2,0.125332,0.471566,0.367646
8162,10,2,0.11652,0.450522,0.426785
8163,10,2,0.169936,0.555931,0.46442
8164,10,2,0.157437,0.53492,0.52356
8165,10,2,0.354856,0.766149,0.480549
8166,10,2,0.335233,0.749536,0.539689
8167,10,2,0.43656,0.825369,0.577323
8168,10,2,0.415757,0.811727,0.636463
8169,10,2,0.66427,0.914239,0.593452
8170,10,2,0.644636,0.911201,0.652592
8171,10,2,0.738102,0.915719,0.690226
8172,10,2,0.720445,0.916954,0.749366
8173,10,2,0.883267,0.834326,0.706355
8174,10,2,0.87443,0.846536,0.765495
8175,10,2,0.908589,0.777251,0.80313
8176,10,2,0.903798,0.792684,0.862269
8177,10,2,0.912413,0.651729,0.055818
8178,10,2,0.88348,0.549478,0.093452
8179,10,2,0.891308,0.570395,0.152592
8180,10,2,0.738546,0.322872,0.109581
8181,10,2,0.755574,0.34223,0.168721
8182,10,2,0.664767,0.250464,0.206355
8183,10,2,0.683968,0.267718,0.265495
8184,10,2,0.437094,0.111387,0.222484
8185,10,2,0.458063,0.11957,0.281624
8186,10,2,0.355364,0.088799,0.319259
8187,10,2,0.375369,0.092892,0.378398
8188,10,2,0.170267,0.1138,0.335388
8189,10,2,0.183635,0.106305,0.394527
8190,10,2,0.12557,0.153464,0.432162
8191,10,2,0.135368,0.142144,0.491302
8192,10,2,0.08493,0.328783,0.448291
8193,10,2,0.083338,0.309734,0.507431
8194,10,2,0.101868,0.408868,0.545065
8195,10,2,0.096067,0.388365,0.604205
8196,10,2,0.228053,0.638007,0.561194
8197,10,2,0.212378,0.617889,0.620334
8198,10,2,0.297304,0.714432,0.657968
8199,10,2,0.279096,0.696032,0.717108
8200,10,2,0.52086,0.871269,0.674097
8201,10,2,0.49973,0.861156,0.733237
8202,10,2,0.604306,0.90197,0.770871
8203,10,2,0.583713,0.8958,0.830011
8204,10,2,0.802185,0.90018,0.787
8205,10,2,0.787229,0.905637,0.84614
8206,10,2,0.853897,0.868257,0.883775
8207,10,2,0.842254,0.877714,0.942914
8208,10,2,0.917183,0.708826,0.899904
8209,10,2,0.916634,0.72685,0.959043
8210,10,2,0.916662,0.690266,0.174097
8211,10,2,0.842563,0.46508,0.190226
8212,10,2,0.854183,0.48618,0.249366
8213,10,2,0.787622,0.382111,0.287
8214,10,2,0.802558,0.402531,0.34614
8215,10,2,0.584243,0.188273,0.30313
8216,10,2,0.60483,0.202716,0.362269
8217,10,2,0.50027,0.138844,0.399904
8218,10,2,0.5214,0.149884,0.459043
8219,10,2,0.279555,0.083046,0.416033
8220,10,2,0.297777,0.082881,0.475173
8221,10,2,0.212771,0.094363,0.512807
8222,10,2,0.228464,0.089946,0.571947
8223,10,2,0.096202,0.207316,0.528936
8224,10,2,0.10203,0.192634,0.588076
8225,10,2,0.083366,0.27315,0.62571
8226,10,2,0.084985,0.255708,0.68485
8227,10,2,0.135106,0.492684,0.641839
8228,10,2,0.125332,0.471566,0.700979
8229,10,2,0.183283,0.576799,0.738613
8230,10,2,0.169936,0.555931,0.797753
8231,10,2,0.374853,0.782078,0.754742
8232,10,2,0.354856,0.766149,0.813882
8233,10,2,0.457525,0.838177,0.851517
8234,10,2,0.43656,0.825369,0.910656
8235,10,2,0.683482,0.916213,0.867646
8236,10,2,0.66427,0.914239,0.926785
8237,10,2,0.755147,0.913417,0.96442
8238,10,2,0.891121,0.821258,0.980549
8239,10,2,0.903933,0.611635,0.270871
8240,10,2,0.908698,0.631851,0.330011
8241,10,2,0.874668,0.528434,0.367646
8242,10,2,0.88348,0.549478,0.426785
8243,10,2,0.720904,0.303968,0.383775
8244,10,2,0.738546,0.322872,0.442914
8245,10,2,0.645144,0.233851,0.480549
8246,10,2,0.664767,0.250464,0.539689
8247,10,2,0.416287,0.1042,0.496678
8248,10,2,0.437094,0.111387,0.555818
8249,10,2,0.33573,0.085761,0.593452
8250,10,2,0.355364,0.088799,0.652592
8251,10,2,0.157746,0.122286,0.609581
8252,10,2,0.170267,0.1138,0.668721
8253,10,2,0.116733,0.165674,0.706355
8254,10,2,0.12557,0.153464,0.765495
8255,10,2,0.087587,0.348271,0.722484
8256,10,2,0.08493,0.328783,0.781624
8257,10,2,0.108692,0.429605,0.819259
8258,10,2,0.101868,0.408868,0.878398
8259,10,2,0.244426,0.65777,0.835388
8260,10,2,0.228053,0.638007,0.894527
8261,10,2,0.316032,0.732282,0.932162
8262,10,2,0.297304,0.714432,0.991302
8263,10,2,0.541937,0.88043,0.948291
8264,10,2,0.91507,0.671217,0.448291
8265,10,2,0.916662,0.690266,0.507431
8266,10,2,0.830064,0.444069,0.46442
8267,10,2,0.842563,0.46508,0.52356
8268,10,2,0.771947,0.361993,0.561194
8269,10,2,0.787622,0.382111,0.620334
8270,10,2,0.56344,0.174631,0.577323
8271,10,2,0.584243,0.188273,0.636463
8272,10,2,0.47914,0.128731,0.674097
8273,10,2,0.50027,0.138844,0.733237
8274,10,2,0.261898,0.084281,0.690226
8275,10,2,0.279555,0.083046,0.749366
8276,10,2,0.197815,0.09982,0.787
8277,10,2,0.212771,0.094363,0.84614
8278,10,2,0.091411,0.222749,0.80313
8279,10,2,0.096202,0.207316,0.862269
8280,10,2,0.082817,0.291174,0.899904
8281,10,2,0.083366,0.27315,0.959043
8282,10,2,0.145817,0.51382,0.916033
8283,10,2,0.135106,0.492684,0.975173
8284,10,2,0.898132,0.591132,0.545065
8285,10,2,0.903933,0.611635,0.604205
8286,10,2,0.864894,0.507316,0.641839
8287,10,2,0.874668,0.528434,0.700979
8288,10,2,0.702696,0.285568,0.657968
8289,10,2,0.720904,0.303968,0.717108
8290,10,2,0.625147,0.217922,0.754742
8291,10,2,0.645144,0.233851,0.813882
8292,10,2,0.395694,0.09803,0.770871
8293,10,2,0.416287,0.1042,0.830011
8294,10,2,0.316518,0.083787,0.867646
8295,10,2,0.33573,0.085761,0.926785
8296,10,2,0.146103,0.131743,0.883775
8297,10,2,0.157746,0.122286,0.942914
8298,10,2,0.108879,0.178742,0.980549
8299,10,2,0.091302,0.368149,0.996678
8300,10,2,0.912413,0.651729,0.722484
8301,10,2,0.91507,0.671217,0.781624
8302,10,2,0.816717,0.423201,0.738613
8303,10,2,0.830064,0.444069,0.797753
8304,10,2,0.755574,0.34223,0.835388
8305,10,2,0.771947,0.361993,0.894527
8306,10,2,0.542475,0.161823,0.851517
8307,10,2,0.56344,0.174631,0.910656
8308,10,2,0.458063,0.11957,0.948291
8309,10,2,0.244853,0.086583,0.96442
8310,10,2,0.891308,0.570395,0.819259
8311,10,2,0.898132,0.591132,0.878398
8312,10,2,0.854183,0.48618,0.916033
8313,10,2,0.864894,0.507316,0.975173
8314,10,2,0.683968,0.267718,0.932162
8315,10,2,0.702696,0.285568,0.991302
8316,10,2,0.908698,0.631851,0.996678
8317,10,4,0.898937,0.838723,0.026825
8318,10,4,0.778515,0.923118,0.001184
8319,10,4,0.838449,0.899102,0.039645
8320,10,4,0.815993,0.910714,0.090927
8321,10,4,0.923038,0.778852,0.065286
8322,10,4,0.91541,0.8043,0.116568
8323,10,4,0.929325,0.737345,0.15503
8324,10,4,0.925825,0.76544,0.206312
8325,10,4,0.439347,0.838449,0.039645
8326,10,4,0.676326,0.927922,0.014004
8327,10,4,0.644186,0.923038,0.065286
8328,10,4,0.722329,0.930041,0.103748
8329,10,4,0.69198,0.929325,0.15503
8330,10,4,0.867977,0.87686,0.129389
8331,10,4,0.848863,0.89232,0.180671
8332,10,4,0.892138,0.849122,0.219132
8333,10,4,0.876646,0.868206,0.270414
8334,10,4,0.930032,0.722709,0.296055
8335,10,4,0.248404,0.676326,0.014004
8336,10,4,0.32327,0.751237,0.052466
8337,10,4,0.292289,0.722329,0.103748
8338,10,4,0.525749,0.884704,0.078107
8339,10,4,0.491117,0.867977,0.129389
8340,10,4,0.577314,0.905088,0.16785
8341,10,4,0.543016,0.892138,0.219132
8342,10,4,0.765091,0.925888,0.193491
8343,10,4,0.736975,0.929352,0.244773
8344,10,4,0.803986,0.915525,0.283235
8345,10,4,0.778515,0.923118,0.334517
8346,10,4,0.910582,0.816293,0.308876
8347,10,4,0.898937,0.838723,0.360158
8348,10,4,0.923038,0.778852,0.39862
8349,10,4,0.91541,0.8043,0.449902
8350,10,4,0.076882,0.355397,0.001184
8351,10,4,0.072033,0.32327,0.052466
8352,10,4,0.161277,0.560214,0.026825
8353,10,4,0.141045,0.525749,0.078107
8354,10,4,0.1957,0.61111,0.116568
8355,10,4,0.172226,0.577314,0.16785
8356,10,4,0.371825,0.791487,0.142209
8357,10,4,0.339203,0.765091,0.193491
8358,10,4,0.42225,0.827487,0.231953
8359,10,4,0.388462,0.803986,0.283235
8360,10,4,0.627751,0.919564,0.257594
8361,10,4,0.594288,0.910582,0.308876
8362,10,4,0.676326,0.927922,0.347337
8363,10,4,0.644186,0.923038,0.39862
8364,10,4,0.838449,0.899102,0.372979
8365,10,4,0.815993,0.910714,0.424261
8366,10,4,0.867977,0.87686,0.462722
8367,10,4,0.848863,0.89232,0.514004
8368,10,4,0.929325,0.737345,0.488363
8369,10,4,0.925825,0.76544,0.539645
8370,10,4,0.930032,0.722709,0.629389
8371,10,4,0.221485,0.076882,0.001184
8372,10,4,0.101063,0.161277,0.026825
8373,10,4,0.076962,0.221148,0.065286
8374,10,4,0.08459,0.1957,0.116568
8375,10,4,0.089286,0.405279,0.090927
8376,10,4,0.080339,0.371825,0.142209
8377,10,4,0.10768,0.456543,0.180671
8378,10,4,0.094764,0.42225,0.231953
8379,10,4,0.23456,0.660386,0.206312
8380,10,4,0.208187,0.627751,0.257594
8381,10,4,0.277291,0.707323,0.296055
8382,10,4,0.248404,0.676326,0.347337
8383,10,4,0.473809,0.858711,0.321696
8384,10,4,0.439347,0.838449,0.372979
8385,10,4,0.525749,0.884704,0.41144
8386,10,4,0.491117,0.867977,0.462722
8387,10,4,0.722329,0.930041,0.437081
8388,10,4,0.69198,0.929325,0.488363
8389,10,4,0.765091,0.925888,0.526825
8390,10,4,0.736975,0.929352,0.578107
8391,10,4,0.892138,0.849122,0.552466
8392,10,4,0.876646,0.868206,0.603748
8393,10,4,0.910582,0.816293,0.642209
8394,10,4,0.898937,0.838723,0.693491
8395,10,4,0.323674,0.072078,0.014004
8396,10,4,0.355814,0.076962,0.065286
8397,10,4,0.161551,0.100898,0.039645
8398,10,4,0.184007,0.089286,0.090927
8399,10,4,0.132023,0.12314,0.129389
8400,10,4,0.151137,0.10768,0.180671
8401,10,4,0.070675,0.262655,0.15503
8402,10,4,0.074175,0.23456,0.206312
8403,10,4,0.070648,0.307623,0.244773
8404,10,4,0.069968,0.277291,0.296055
8405,10,4,0.131794,0.50844,0.270414
8406,10,4,0.115098,0.473809,0.321696
8407,10,4,0.161277,0.560214,0.360158
8408,10,4,0.141045,0.525749,0.41144
8409,10,4,0.32327,0.751237,0.385799
8410,10,4,0.292289,0.722329,0.437081
8411,10,4,0.371825,0.791487,0.475543
8412,10,4,0.339203,0.765091,0.526825
8413,10,4,0.577314,0.905088,0.501184
8414,10,4,0.543016,0.892138,0.552466
8415,10,4,0.627751,0.919564,0.590927
8416,10,4,0.594288,0.910582,0.642209
8417,10,4,0.803986,0.915525,0.616568
8418,10,4,0.778515,0.923118,0.66785
8419,10,4,0.838449,0.899102,0.706312
8420,10,4,0.815993,0.910714,0.757594
8421,10,4,0.923038,0.778852,0.731953
8422,10,4,0.91541,0.8043,0.783235
8423,10,4,0.929325,0.737345,0.821696
8424,10,4,0.925825,0.76544,0.872979
8425,10,4,0.751596,0.323674,0.014004
8426,10,4,0.560653,0.161551,0.039645
8427,10,4,0.474251,0.115296,0.078107
8428,10,4,0.508883,0.132023,0.129389
8429,10,4,0.277671,0.069959,0.103748
8430,10,4,0.30802,0.070675,0.15503
8431,10,4,0.234909,0.074112,0.193491
8432,10,4,0.263025,0.070648,0.244773
8433,10,4,0.107862,0.150878,0.219132
8434,10,4,0.123354,0.131794,0.270414
8435,10,4,0.089418,0.183707,0.308876
8436,10,4,0.101063,0.161277,0.360158
8437,10,4,0.076882,0.355397,0.334517
8438,10,4,0.072033,0.32327,0.385799
8439,10,4,0.089286,0.405279,0.424261
8440,10,4,0.080339,0.371825,0.475543
8441,10,4,0.1957,0.61111,0.449902
8442,10,4,0.172226,0.577314,0.501184
8443,10,4,0.23456,0.660386,0.539645
8444,10,4,0.208187,0.627751,0.590927
8445,10,4,0.42225,0.827487,0.565286
8446,10,4,0.388462,0.803986,0.616568
8447,10,4,0.473809,0.858711,0.65503
8448,10,4,0.439347,0.838449,0.706312
8449,10,4,0.676326,0.927922,0.680671
8450,10,4,0.644186,0.923038,0.731953
8451,10,4,0.722329,0.930041,0.770414
8452,10,4,0.69198,0.929325,0.821696
8453,10,4,0.867977,0.87686,0.796055
8454,10,4,0.848863,0.89232,0.847337
8455,10,4,0.892138,0.849122,0.885799
8456,10,4,0.876646,0.868206,0.937081
8457,10,4,0.930032,0.722709,0.962722
8458,10,4,0.838723,0.439786,0.026825
8459,10,4,0.858955,0.474251,0.078107
8460,10,4,0.67673,0.248763,0.052466
8461,10,4,0.707711,0.277671,0.103748
8462,10,4,0.628175,0.208513,0.142209
8463,10,4,0.660797,0.234909,0.193491
8464,10,4,0.422686,0.094912,0.16785
8465,10,4,0.456984,0.107862,0.219132
8466,10,4,0.372249,0.080436,0.257594
8467,10,4,0.405712,0.089418,0.308876
8468,10,4,0.196014,0.084475,0.283235
8469,10,4,0.221485,0.076882,0.334517
8470,10,4,0.161551,0.100898,0.372979
8471,10,4,0.184007,0.089286,0.424261
8472,10,4,0.076962,0.221148,0.39862
8473,10,4,0.08459,0.1957,0.449902
8474,10,4,0.070675,0.262655,0.488363
8475,10,4,0.074175,0.23456,0.539645
8476,10,4,0.10768,0.456543,0.514004
8477,10,4,0.094764,0.42225,0.565286
8478,10,4,0.131794,0.50844,0.603748
8479,10,4,0.115098,0.473809,0.65503
8480,10,4,0.277291,0.707323,0.629389
8481,10,4,0.248404,0.676326,0.680671
8482,10,4,0.32327,0.751237,0.719132
8483,10,4,0.292289,0.722329,0.770414
8484,10,4,0.525749,0.884704,0.744773
8485,10,4,0.491117,0.867977,0.796055
8486,10,4,0.577314,0.905088,0.834517
8487,10,4,0.543016,0.892138,0.885799
8488,10,4,0.765091,0.925888,0.860158
8489,10,4,0.736975,0.929352,0.91144
8490,10,4,0.803986,0.915525,0.949902
8491,10,4,0.910582,0.816293,0.975543
8492,10,4,0.923118,0.644603,0.001184
8493,10,4,0.927967,0.67673,0.052466
8494,10,4,0.910714,0.594721,0.090927
8495,10,4,0.919661,0.628175,0.142209
8496,10,4,0.8043,0.38889,0.116568
8497,10,4,0.827774,0.422686,0.16785
8498,10,4,0.76544,0.339614,0.206312
8499,10,4,0.791813,0.372249,0.257594
8500,10,4,0.57775,0.172513,0.231953
8501,10,4,0.611538,0.196014,0.283235
8502,10,4,0.526191,0.141289,0.321696
8503,10,4,0.560653,0.161551,0.372979
8504,10,4,0.323674,0.072078,0.347337
8505,10,4,0.355814,0.076962,0.39862
8506,10,4,0.277671,0.069959,0.437081
8507,10,4,0.30802,0.070675,0.488363
8508,10,4,0.132023,0.12314,0.462722
8509,10,4,0.151137,0.10768,0.514004
8510,10,4,0.107862,0.150878,0.552466
8511,10,4,0.123354,0.131794,0.603748
8512,10,4,0.070648,0.307623,0.578107
8513,10,4,0.069968,0.277291,0.629389
8514,10,4,0.076882,0.355397,0.66785
8515,10,4,0.072033,0.32327,0.719132
8516,10,4,0.161277,0.560214,0.693491
8517,10,4,0.141045,0.525749,0.744773
8518,10,4,0.1957,0.61111,0.783235
8519,10,4,0.172226,0.577314,0.834517
8520,10,4,0.371825,0.791487,0.808876
8521,10,4,0.339203,0.765091,0.860158
8522,10,4,0.42225,0.827487,0.89862
8523,10,4,0.388462,0.803986,0.949902
8524,10,4,0.627751,0.919564,0.924261
8525,10,4,0.594288,0.910582,0.975543
8526,10,4,0.89232,0.543457,0.180671
8527,10,4,0.905236,0.57775,0.231953
8528,10,4,0.868206,0.49156,0.270414
8529,10,4,0.884902,0.526191,0.321696
8530,10,4,0.722709,0.292677,0.296055
8531,10,4,0.751596,0.323674,0.347337
8532,10,4,0.67673,0.248763,0.385799
8533,10,4,0.707711,0.277671,0.437081
8534,10,4,0.474251,0.115296,0.41144
8535,10,4,0.508883,0.132023,0.462722
8536,10,4,0.422686,0.094912,0.501184
8537,10,4,0.456984,0.107862,0.552466
8538,10,4,0.234909,0.074112,0.526825
8539,10,4,0.263025,0.070648,0.578107
8540,10,4,0.196014,0.084475,0.616568
8541,10,4,0.221485,0.076882,0.66785
8542,10,4,0.089418,0.183707,0.642209
8543,10,4,0.101063,0.161277,0.693491
8544,10,4,0.076962,0.221148,0.731953
8545,10,4,0.08459,0.1957,0.783235
8546,10,4,0.089286,0.405279,0.757594
8547,10,4,0.080339,0.371825,0.808876
8548,10,4,0.10768,0.456543,0.847337
8549,10,4,0.094764,0.42225,0.89862
8550,10,4,0.23456,0.660386,0.872979
8551,10,4,0.208187,0.627751,0.924261
8552,10,4,0.277291,0.707323,0.962722
8553,10,4,0.473809,0.858711,0.988363
8554,10,4,0.929352,0.692377,0.244773
8555,10,4,0.923118,0.644603,0.334517
8556,10,4,0.927967,0.67673,0.385799
8557,10,4,0.838723,0.439786,0.360158
8558,10,4,0.858955,0.474251,0.41144
8559,10,4,0.8043,0.38889,0.449902
8560,10,4,0.827774,0.422686,0.501184
8561,10,4,0.628175,0.208513,0.475543
8562,10,4,0.660797,0.234909,0.526825
8563,10,4,0.57775,0.172513,0.565286
8564,10,4,0.611538,0.196014,0.616568
8565,10,4,0.372249,0.080436,0.590927
8566,10,4,0.405712,0.089418,0.642209
8567,10,4,0.323674,0.072078,0.680671
8568,10,4,0.355814,0.076962,0.731953
8569,10,4,0.161551,0.100898,0.706312
8570,10,4,0.184007,0.089286,0.757594
8571,10,4,0.132023,0.12314,0.796055
8572,10,4,0.151137,0.10768,0.847337
8573,10,4,0.070675,0.262655,0.821696
8574,10,4,0.074175,0.23456,0.872979
8575,10,4,0.070648,0.307623,0.91144
8576,10,4,0.069968,0.277291,0.962722
8577,10,4,0.131794,0.50844,0.937081
8578,10,4,0.115098,0.473809,0.988363
8579,10,4,0.910714,0.594721,0.424261
8580,10,4,0.919661,0.628175,0.475543
8581,10,4,0.89232,0.543457,0.514004
8582,10,4,0.905236,0.57775,0.565286
8583,10,4,0.76544,0.339614,0.539645
8584,10,4,0.791813,0.372249,0.590927
8585,10,4,0.722709,0.292677,0.629389
8586,10,4,0.751596,0.323674,0.680671
8587,10,4,0.526191,0.141289,0.65503
8588,10,4,0.560653,0.161551,0.706312
8589,10,4,0.474251,0.115296,0.744773
8590,10,4,0.508883,0.132023,0.796055
8591,10,4,0.277671,0.069959,0.770414
8592,10,4,0.30802,0.070675,0.821696
8593,10,4,0.234909,0.074112,0.860158
8594,10,4,0.263025,0.070648,0.91144
8595,10,4,0.107862,0.150878,0.885799
8596,10,4,0.123354,0.131794,0.937081
8597,10,4,0.089418,0.183707,0.975543
8598,10,4,0.929352,0.692377,0.578107
8599,10,4,0.868206,0.49156,0.603748
8600,10,4,0.884902,0.526191,0.65503
8601,10,4,0.838723,0.439786,0.693491
8602,10,4,0.858955,0.474251,0.744773
8603,10,4,0.67673,0.248763,0.719132
8604,10,4,0.707711,0.277671,0.770414
8605,10,4,0.628175,0.208513,0.808876
8606,10,4,0.660797,0.234909,0.860158
8607,10,4,0.422686,0.094912,0.834517
8608,10,4,0.456984,0.107862,0.885799
8609,10,4,0.372249,0.080436,0.924261
8610,10,4,0.405712,0.089418,0.975543
8611,10,4,0.196014,0.084475,0.949902
8612,10,4,0.923118,0.644603,0.66785
8613,10,4,0.927967,0.67673,0.719132
8614,10,4,0.910714,0.594721,0.757594
8615,10,4,0.919661,0.628175,0.808876
8616,10,4,0.8043,0.38889,0.783235
8617,10,4,0.827774,0.422686,0.834517
8618,10,4,0.76544,0.339614,0.872979
8619,10,4,0.791813,0.372249,0.924261
8620,10,4,0.57775,0.172513,0.89862
8621,10,4,0.611538,0.196014,0.949902
8622,10,4,0.526191,0.141289,0.988363
8623,10,4,0.89232,0.543457,0.847337
8624,10,4,0.905236,0.57775,0.89862
8625,10,4,0.868206,0.49156,0.937081
8626,10,4,0.884902,0.526191,0.988363
8627,10,4,0.722709,0.292677,0.962722
8628,10,4,0.929352,0.692377,0.91144
8629,10,5,0.907049,0.839634,0.054518
8630,10,5,0.850569,0.900271,0.078328
8631,10,5,0.82587,0.91423,0.197375
8632,10,5,0.928571,0.785263,0.149756
8633,10,5,0.919499,0.813712,0.268804
8634,10,5,0.934192,0.754518,0.364042
8635,10,5,0.928571,0.785263,0.48309
8636,10,5,0.476312,0.865478,0.054518
8637,10,5,0.703132,0.935999,0.006899
8638,10,5,0.667698,0.932705,0.125947
8639,10,5,0.73693,0.935783,0.221185
8640,10,5,0.703132,0.935999,0.340232
8641,10,5,0.872445,0.883088,0.292613
8642,10,5,0.850569,0.900271,0.411661
8643,10,5,0.891322,0.862822,0.506899
8644,10,5,0.872445,0.883088,0.625947
8645,10,5,0.936318,0.721724,0.578328
8646,10,5,0.934192,0.754518,0.697375
8647,10,5,0.936318,0.721724,0.911661
8648,10,5,0.361255,0.788894,0.078328
8649,10,5,0.324731,0.758419,0.197375
8650,10,5,0.554489,0.902165,0.149756
8651,10,5,0.515463,0.885373,0.268804
8652,10,5,0.593076,0.91572,0.364042
8653,10,5,0.554489,0.902165,0.48309
8654,10,5,0.768821,0.932058,0.435471
8655,10,5,0.73693,0.935783,0.554518
8656,10,5,0.798547,0.924854,0.649756
8657,10,5,0.768821,0.932058,0.768804
8658,10,5,0.907049,0.839634,0.721185
8659,10,5,0.891322,0.862822,0.840232
8660,10,5,0.919499,0.813712,0.935471
8661,10,5,0.078311,0.386244,0.054518
8662,10,5,0.195501,0.618404,0.006899
8663,10,5,0.168713,0.580282,0.125947
8664,10,5,0.224742,0.655572,0.221185
8665,10,5,0.195501,0.618404,0.340232
8666,10,5,0.398896,0.817043,0.292613
8667,10,5,0.361255,0.788894,0.411661
8668,10,5,0.437352,0.84264,0.506899
8669,10,5,0.398896,0.817043,0.625947
8670,10,5,0.630914,0.925927,0.578328
8671,10,5,0.593076,0.91572,0.697375
8672,10,5,0.667698,0.932705,0.792613
8673,10,5,0.630914,0.925927,0.911661
8674,10,5,0.82587,0.91423,0.864042
8675,10,5,0.798547,0.924854,0.98309
8676,10,5,0.063682,0.278276,0.078328
8677,10,5,0.065808,0.245482,0.197375
8678,10,5,0.105105,0.463289,0.149756
8679,10,5,0.090058,0.424462,0.268804
8680,10,5,0.123332,0.502411,0.364042
8681,10,5,0.105105,0.463289,0.48309
8682,10,5,0.256198,0.691489,0.435471
8683,10,5,0.224742,0.655572,0.554518
8684,10,5,0.289617,0.725863,0.649756
8685,10,5,0.256198,0.691489,0.768804
8686,10,5,0.476312,0.865478,0.721185
8687,10,5,0.437352,0.84264,0.840232
8688,10,5,0.515463,0.885373,0.935471
8689,10,5,0.26307,0.064217,0.054518
8690,10,5,0.108678,0.137178,0.006899
8691,10,5,0.127555,0.116912,0.125947
8692,10,5,0.092951,0.160366,0.221185
8693,10,5,0.108678,0.137178,0.340232
8694,10,5,0.06507,0.312855,0.292613
8695,10,5,0.063682,0.278276,0.411661
8696,10,5,0.069959,0.348941,0.506899
8697,10,5,0.06507,0.312855,0.625947
8698,10,5,0.144592,0.541513,0.578328
8699,10,5,0.123332,0.502411,0.697375
8700,10,5,0.168713,0.580282,0.792613
8701,10,5,0.144592,0.541513,0.911661
8702,10,5,0.324731,0.758419,0.864042
8703,10,5,0.289617,0.725863,0.98309
8704,10,5,0.369086,0.074073,0.078328
8705,10,5,0.406924,0.08428,0.197375
8706,10,5,0.201453,0.075146,0.149756
8707,10,5,0.231179,0.067942,0.268804
8708,10,5,0.17413,0.08577,0.364042
8709,10,5,0.201453,0.075146,0.48309
8710,10,5,0.080501,0.186288,0.435471
8711,10,5,0.092951,0.160366,0.554518
8712,10,5,0.071429,0.214737,0.649756
8713,10,5,0.080501,0.186288,0.768804
8714,10,5,0.078311,0.386244,0.721185
8715,10,5,0.069959,0.348941,0.840232
8716,10,5,0.090058,0.424462,0.935471
8717,10,5,0.775258,0.344428,0.054518
8718,10,5,0.562648,0.15736,0.006899
8719,10,5,0.601104,0.182957,0.125947
8720,10,5,0.523688,0.134522,0.221185
8721,10,5,0.562648,0.15736,0.340232
8722,10,5,0.332302,0.067295,0.292613
8723,10,5,0.369086,0.074073,0.411661
8724,10,5,0.296868,0.064001,0.506899
8725,10,5,0.332302,0.067295,0.625947
8726,10,5,0.149431,0.099729,0.578328
8727,10,5,0.17413,0.08577,0.697375
8728,10,5,0.127555,0.116912,0.792613
8729,10,5,0.149431,0.099729,0.911661
8730,10,5,0.065808,0.245482,0.864042
8731,10,5,0.071429,0.214737,0.98309
8732,10,5,0.855408,0.458487,0.078328
8733,10,5,0.876668,0.497589,0.197375
8734,10,5,0.710383,0.274137,0.149756
8735,10,5,0.743802,0.308511,0.268804
8736,10,5,0.675269,0.241581,0.364042
8737,10,5,0.710383,0.274137,0.48309
8738,10,5,0.484537,0.114627,0.435471
8739,10,5,0.523688,0.134522,0.554518
8740,10,5,0.445511,0.097835,0.649756
8741,10,5,0.484537,0.114627,0.768804
8742,10,5,0.26307,0.064217,0.721185
8743,10,5,0.296868,0.064001,0.840232
8744,10,5,0.231179,0.067942,0.935471
8745,10,5,0.930041,0.651059,0.006899
8746,10,5,0.93493,0.687145,0.125947
8747,10,5,0.921689,0.613756,0.221185
8748,10,5,0.930041,0.651059,0.340232
8749,10,5,0.831287,0.419718,0.292613
8750,10,5,0.855408,0.458487,0.411661
8751,10,5,0.804499,0.381596,0.506899
8752,10,5,0.831287,0.419718,0.625947
8753,10,5,0.638745,0.211106,0.578328
8754,10,5,0.675269,0.241581,0.697375
8755,10,5,0.601104,0.182957,0.792613
8756,10,5,0.638745,0.211106,0.911661
8757,10,5,0.406924,0.08428,0.864042
8758,10,5,0.445511,0.097835,0.98309
8759,10,5,0.909942,0.575538,0.435471
8760,10,5,0.921689,0.613756,0.554518
8761,10,5,0.894895,0.536711,0.649756
8762,10,5,0.909942,0.575538,0.768804
8763,10,5,0.775258,0.344428,0.721185
8764,10,5,0.804499,0.381596,0.840232
8765,10,5,0.743802,0.308511,0.935471
8766,10,5,0.93493,0.687145,0.792613
8767,10,5,0.876668,0.497589,0.864042
8768,10,5,0.894895,0.536711,0.98309
8769,10,6,0.915011,0.839939,0.017591
8770,10,6,0.862649,0.900593,0.024394
8771,10,6,0.836661,0.916743,0.068612
8772,10,6,0.934097,0.790423,0.055006
8773,10,6,0.923956,0.821112,0.099224
8774,10,6,0.938634,0.768454,0.136639
8775,10,6,0.931159,0.800965,0.180857
8776,10,6,0.513995,0.889838,0.007387
8777,10,6,0.691738,0.941038,0.037999
8778,10,6,0.752892,0.940688,0.075414
8779,10,6,0.71688,0.942261,0.119632
8780,10,6,0.878125,0.887758,0.106027
8781,10,6,0.854347,0.906395,0.150244
8782,10,6,0.892048,0.873331,0.187659
8783,10,6,0.870577,0.894378,0.231877
8784,10,6,0.941368,0.745382,0.218272
8785,10,6,0.93659,0.779582,0.262489
8786,10,6,0.942288,0.721301,0.299904
8787,10,6,0.940227,0.75705,0.344122
8788,10,6,0.401405,0.824097,0.01419
8789,10,6,0.360459,0.793699,0.058408
8790,10,6,0.584369,0.918184,0.044802
8791,10,6,0.542289,0.902422,0.08902
8792,10,6,0.612013,0.926552,0.126435
8793,10,6,0.57041,0.913353,0.170653
8794,10,6,0.77562,0.937375,0.157047
8795,10,6,0.741132,0.941667,0.201265
8796,10,6,0.797216,0.932264,0.23868
8797,10,6,0.764392,0.939257,0.282897
8798,10,6,0.90436,0.857369,0.269292
8799,10,6,0.885285,0.88074,0.31351
8800,10,6,0.915011,0.839939,0.350925
8801,10,6,0.898409,0.865538,0.395142
8802,10,6,0.942055,0.733461,0.425755
8803,10,6,0.202515,0.634703,0.027795
8804,10,6,0.258564,0.700212,0.06521
8805,10,6,0.224096,0.661417,0.109428
8806,10,6,0.429232,0.842714,0.095823
8807,10,6,0.387636,0.814284,0.14004
8808,10,6,0.45735,0.859922,0.177455
8809,10,6,0.415275,0.833577,0.221673
8810,10,6,0.639196,0.933167,0.208068
8811,10,6,0.598241,0.922585,0.252285
8812,10,6,0.665808,0.938002,0.2897
8813,10,6,0.625669,0.93008,0.333918
8814,10,6,0.817591,0.925378,0.320312
8815,10,6,0.786566,0.935043,0.36453
8816,10,6,0.836661,0.916743,0.401945
8817,10,6,0.807562,0.929041,0.446163
8818,10,6,0.923956,0.821112,0.432557
8819,10,6,0.909896,0.848833,0.476775
8820,10,6,0.931159,0.800965,0.51419
8821,10,6,0.919699,0.830695,0.558408
8822,10,6,0.063352,0.342653,0.003986
8823,10,6,0.058609,0.303689,0.048204
8824,10,6,0.129225,0.523438,0.034598
8825,10,6,0.107784,0.48092,0.078816
8826,10,6,0.145436,0.551688,0.116231
8827,10,6,0.121687,0.50927,0.160448
8828,10,6,0.282803,0.725068,0.146843
8829,10,6,0.246811,0.687468,0.191061
8830,10,6,0.307935,0.749,0.228476
8831,10,6,0.270566,0.712749,0.272693
8832,10,6,0.485643,0.875652,0.259088
8833,10,6,0.443262,0.851499,0.303306
8834,10,6,0.513995,0.889838,0.340721
8835,10,6,0.471481,0.867976,0.384938
8836,10,6,0.691738,0.941038,0.371333
8837,10,6,0.652581,0.935809,0.415551
8838,10,6,0.71688,0.942261,0.452965
8839,10,6,0.678865,0.939746,0.497183
8840,10,6,0.854347,0.906395,0.483578
8841,10,6,0.827294,0.921277,0.527795
8842,10,6,0.870577,0.894378,0.56521
8843,10,6,0.845682,0.911781,0.609428
8844,10,6,0.93659,0.779582,0.595823
8845,10,6,0.927777,0.811198,0.64004
8846,10,6,0.940227,0.75705,0.677455
8847,10,6,0.934097,0.790423,0.721673
8848,10,6,0.084989,0.160061,0.017591
8849,10,6,0.065903,0.209577,0.055006
8850,10,6,0.076044,0.178888,0.099224
8851,10,6,0.068761,0.36946,0.085619
8852,10,6,0.06132,0.329485,0.129836
8853,10,6,0.075941,0.396803,0.167251
8854,10,6,0.065833,0.355983,0.211469
8855,10,6,0.163104,0.579725,0.197863
8856,10,6,0.137144,0.537582,0.242081
8857,10,6,0.182156,0.607435,0.279496
8858,10,6,0.154092,0.56574,0.323714
8859,10,6,0.333856,0.771908,0.310108
8860,10,6,0.295264,0.737156,0.354326
8861,10,6,0.360459,0.793699,0.391741
8862,10,6,0.320803,0.760588,0.435959
8863,10,6,0.542289,0.902422,0.422353
8864,10,6,0.499819,0.882942,0.466571
8865,10,6,0.57041,0.913353,0.503986
8866,10,6,0.528156,0.896334,0.548204
8867,10,6,0.741132,0.941667,0.534598
8868,10,6,0.704414,0.941876,0.578816
8869,10,6,0.764392,0.939257,0.616231
8870,10,6,0.729124,0.942191,0.660448
8871,10,6,0.885285,0.88074,0.646843
8872,10,6,0.862649,0.900593,0.691061
8873,10,6,0.898409,0.865538,0.728476
8874,10,6,0.878125,0.887758,0.772693
8875,10,6,0.942055,0.733461,0.759088
8876,10,6,0.938634,0.768454,0.803306
8877,10,6,0.941368,0.745382,0.884938
8878,10,6,0.308262,0.058962,0.037999
8879,10,6,0.137351,0.099407,0.024394
8880,10,6,0.163339,0.083257,0.068612
8881,10,6,0.121875,0.112242,0.106027
8882,10,6,0.145653,0.093605,0.150244
8883,10,6,0.061366,0.231546,0.136639
8884,10,6,0.068841,0.199035,0.180857
8885,10,6,0.058632,0.254618,0.218272
8886,10,6,0.06341,0.220418,0.262489
8887,10,6,0.084864,0.424571,0.248884
8888,10,6,0.072131,0.383072,0.293102
8889,10,6,0.095493,0.452648,0.330517
8890,10,6,0.080187,0.410641,0.374734
8891,10,6,0.202515,0.634703,0.361129
8892,10,6,0.172462,0.593628,0.405346
8893,10,6,0.224096,0.661417,0.442761
8894,10,6,0.192178,0.621131,0.486979
8895,10,6,0.387636,0.814284,0.473374
8896,10,6,0.347079,0.782949,0.517591
8897,10,6,0.415275,0.833577,0.555006
8898,10,6,0.373983,0.804148,0.599224
8899,10,6,0.598241,0.922585,0.585619
8900,10,6,0.556379,0.908097,0.629836
8901,10,6,0.625669,0.93008,0.667251
8902,10,6,0.584369,0.918184,0.711469
8903,10,6,0.786566,0.935043,0.697863
8904,10,6,0.752892,0.940688,0.742081
8905,10,6,0.807562,0.929041,0.779496
8906,10,6,0.77562,0.937375,0.823714
8907,10,6,0.909896,0.848833,0.810108
8908,10,6,0.892048,0.873331,0.854326
8909,10,6,0.919699,0.830695,0.891741
8910,10,6,0.90436,0.857369,0.935959
8911,10,6,0.942288,0.721301,0.966571
8912,10,6,0.486005,0.110162,0.007387
8913,10,6,0.415631,0.081816,0.044802
8914,10,6,0.457711,0.097578,0.08902
8915,10,6,0.247108,0.059312,0.075414
8916,10,6,0.28312,0.057739,0.119632
8917,10,6,0.22438,0.062625,0.157047
8918,10,6,0.258868,0.058333,0.201265
8919,10,6,0.107952,0.126669,0.187659
8920,10,6,0.129423,0.105622,0.231877
8921,10,6,0.09564,0.142631,0.269292
8922,10,6,0.114715,0.11926,0.31351
8923,10,6,0.057712,0.278699,0.299904
8924,10,6,0.059773,0.24295,0.344122
8925,10,6,0.058609,0.303689,0.381537
8926,10,6,0.057945,0.266539,0.425755
8927,10,6,0.107784,0.48092,0.412149
8928,10,6,0.089968,0.438578,0.456367
8929,10,6,0.121687,0.50927,0.493782
8930,10,6,0.101434,0.466767,0.537999
8931,10,6,0.246811,0.687468,0.524394
8932,10,6,0.213158,0.648136,0.568612
8933,10,6,0.270566,0.712749,0.606027
8934,10,6,0.235317,0.674532,0.650244
8935,10,6,0.443262,0.851499,0.636639
8936,10,6,0.401405,0.824097,0.680857
8937,10,6,0.471481,0.867976,0.718272
8938,10,6,0.429232,0.842714,0.762489
8939,10,6,0.652581,0.935809,0.748884
8940,10,6,0.612013,0.926552,0.793102
8941,10,6,0.678865,0.939746,0.830517
8942,10,6,0.639196,0.933167,0.874734
8943,10,6,0.827294,0.921277,0.861129
8944,10,6,0.797216,0.932264,0.905346
8945,10,6,0.845682,0.911781,0.942761
8946,10,6,0.817591,0.925378,0.986979
8947,10,6,0.927777,0.811198,0.973374
8948,10,6,0.797485,0.365297,0.027795
8949,10,6,0.598595,0.175903,0.01419
8950,10,6,0.639541,0.206301,0.058408
8951,10,6,0.570768,0.157286,0.095823
8952,10,6,0.612364,0.185716,0.14004
8953,10,6,0.387987,0.073448,0.126435
8954,10,6,0.42959,0.086647,0.170653
8955,10,6,0.360804,0.066833,0.208068
8956,10,6,0.401759,0.077415,0.252285
8957,10,6,0.202784,0.067736,0.23868
8958,10,6,0.235608,0.060743,0.282897
8959,10,6,0.182409,0.074622,0.320312
8960,10,6,0.213434,0.064957,0.36453
8961,10,6,0.084989,0.160061,0.350925
8962,10,6,0.101591,0.134462,0.395142
8963,10,6,0.076044,0.178888,0.432557
8964,10,6,0.090104,0.151167,0.476775
8965,10,6,0.06132,0.329485,0.46317
8966,10,6,0.057933,0.291086,0.507387
8967,10,6,0.065833,0.355983,0.544802
8968,10,6,0.059738,0.316493,0.58902
8969,10,6,0.137144,0.537582,0.575414
8970,10,6,0.114537,0.495093,0.619632
8971,10,6,0.154092,0.56574,0.657047
8972,10,6,0.129225,0.523438,0.701265
8973,10,6,0.295264,0.737156,0.687659
8974,10,6,0.258564,0.700212,0.731877
8975,10,6,0.320803,0.760588,0.769292
8976,10,6,0.282803,0.725068,0.81351
8977,10,6,0.499819,0.882942,0.799904
8978,10,6,0.45735,0.859922,0.844122
8979,10,6,0.528156,0.896334,0.881537
8980,10,6,0.485643,0.875652,0.925755
8981,10,6,0.704414,0.941876,0.912149
8982,10,6,0.665808,0.938002,0.956367
8983,10,6,0.729124,0.942191,0.993782
8984,10,6,0.870775,0.476562,0.034598
8985,10,6,0.892216,0.51908,0.078816
8986,10,6,0.741436,0.299788,0.06521
8987,10,6,0.775904,0.338583,0.109428
8988,10,6,0.717197,0.274932,0.146843
8989,10,6,0.753189,0.312532,0.191061
8990,10,6,0.54265,0.140078,0.177455
8991,10,6,0.584725,0.166423,0.221673
8992,10,6,0.514357,0.124348,0.259088
8993,10,6,0.556738,0.148501,0.303306
8994,10,6,0.334192,0.061998,0.2897
8995,10,6,0.374331,0.06992,0.333918
8996,10,6,0.308262,0.058962,0.371333
8997,10,6,0.347419,0.064191,0.415551
8998,10,6,0.163339,0.083257,0.401945
8999,10,6,0.192438,0.070959,0.446163
9000,10,6,0.145653,0.093605,0.483578
9001,10,6,0.172706,0.078723,0.527795
9002,10,6,0.068841,0.199035,0.51419
9003,10,6,0.080301,0.169305,0.558408
9004,10,6,0.06341,0.220418,0.595823
9005,10,6,0.072223,0.188802,0.64004
9006,10,6,0.072131,0.383072,0.626435
9007,10,6,0.063352,0.342653,0.670653
9008,10,6,0.080187,0.410641,0.708068
9009,10,6,0.068761,0.36946,0.752285
9010,10,6,0.172462,0.593628,0.73868
9011,10,6,0.145436,0.551688,0.782897
9012,10,6,0.192178,0.621131,0.820312
9013,10,6,0.163104,0.579725,0.86453
9014,10,6,0.347079,0.782949,0.850925
9015,10,6,0.307935,0.749,0.895142
9016,10,6,0.373983,0.804148,0.932557
9017,10,6,0.333856,0.771908,0.976775
9018,10,6,0.556379,0.908097,0.96317
9019,10,6,0.936648,0.657347,0.003986
9020,10,6,0.941391,0.696311,0.048204
9021,10,6,0.931239,0.63054,0.085619
9022,10,6,0.93868,0.670515,0.129836
9023,10,6,0.854564,0.448312,0.116231
9024,10,6,0.878313,0.49073,0.160448
9025,10,6,0.836896,0.420275,0.197863
9026,10,6,0.862856,0.462418,0.242081
9027,10,6,0.692065,0.251,0.228476
9028,10,6,0.729434,0.287251,0.272693
9029,10,6,0.666144,0.228092,0.310108
9030,10,6,0.704736,0.262844,0.354326
9031,10,6,0.486005,0.110162,0.340721
9032,10,6,0.528519,0.132024,0.384938
9033,10,6,0.457711,0.097578,0.422353
9034,10,6,0.500181,0.117058,0.466571
9035,10,6,0.28312,0.057739,0.452965
9036,10,6,0.321135,0.060254,0.497183
9037,10,6,0.258868,0.058333,0.534598
9038,10,6,0.295586,0.058124,0.578816
9039,10,6,0.129423,0.105622,0.56521
9040,10,6,0.154318,0.088219,0.609428
9041,10,6,0.114715,0.11926,0.646843
9042,10,6,0.137351,0.099407,0.691061
9043,10,6,0.059773,0.24295,0.677455
9044,10,6,0.065903,0.209577,0.721673
9045,10,6,0.057945,0.266539,0.759088
9046,10,6,0.061366,0.231546,0.803306
9047,10,6,0.089968,0.438578,0.7897
9048,10,6,0.075941,0.396803,0.833918
9049,10,6,0.101434,0.466767,0.871333
9050,10,6,0.084864,0.424571,0.915551
9051,10,6,0.213158,0.648136,0.901945
9052,10,6,0.182156,0.607435,0.946163
9053,10,6,0.235317,0.674532,0.983578
9054,10,6,0.924059,0.603197,0.167251
9055,10,6,0.934167,0.644017,0.211469
9056,10,6,0.915136,0.575429,0.248884
9057,10,6,0.927869,0.616928,0.293102
9058,10,6,0.817844,0.392565,0.279496
9059,10,6,0.845908,0.43426,0.323714
9060,10,6,0.797485,0.365297,0.361129
9061,10,6,0.827538,0.406372,0.405346
9062,10,6,0.639541,0.206301,0.391741
9063,10,6,0.679197,0.239412,0.435959
9064,10,6,0.612364,0.185716,0.473374
9065,10,6,0.652921,0.217051,0.517591
9066,10,6,0.42959,0.086647,0.503986
9067,10,6,0.471844,0.103666,0.548204
9068,10,6,0.401759,0.077415,0.585619
9069,10,6,0.443621,0.091903,0.629836
9070,10,6,0.235608,0.060743,0.616231
9071,10,6,0.270876,0.057809,0.660448
9072,10,6,0.213434,0.064957,0.697863
9073,10,6,0.247108,0.059312,0.742081
9074,10,6,0.101591,0.134462,0.728476
9075,10,6,0.121875,0.112242,0.772693
9076,10,6,0.090104,0.151167,0.810108
9077,10,6,0.107952,0.126669,0.854326
9078,10,6,0.057933,0.291086,0.840721
9079,10,6,0.058632,0.254618,0.884938
9080,10,6,0.059738,0.316493,0.922353
9081,10,6,0.057712,0.278699,0.966571
9082,10,6,0.114537,0.495093,0.952965
9083,10,6,0.095493,0.452648,0.997183
9084,10,6,0.904507,0.547352,0.330517
9085,10,6,0.919813,0.589359,0.374734
9086,10,6,0.892216,0.51908,0.412149
9087,10,6,0.910032,0.561422,0.456367
9088,10,6,0.775904,0.338583,0.442761
9089,10,6,0.807822,0.378869,0.486979
9090,10,6,0.753189,0.312532,0.524394
9091,10,6,0.786842,0.351864,0.568612
9092,10,6,0.584725,0.166423,0.555006
9093,10,6,0.626017,0.195852,0.599224
9094,10,6,0.556738,0.148501,0.636639
9095,10,6,0.598595,0.175903,0.680857
9096,10,6,0.374331,0.06992,0.667251
9097,10,6,0.415631,0.081816,0.711469
9098,10,6,0.347419,0.064191,0.748884
9099,10,6,0.387987,0.073448,0.793102
9100,10,6,0.192438,0.070959,0.779496
9101,10,6,0.22438,0.062625,0.823714
9102,10,6,0.172706,0.078723,0.861129
9103,10,6,0.202784,0.067736,0.905346
9104,10,6,0.080301,0.169305,0.891741
9105,10,6,0.09564,0.142631,0.935959
9106,10,6,0.072223,0.188802,0.973374
9107,10,6,0.941391,0.696311,0.381537
9108,10,6,0.93868,0.670515,0.46317
9109,10,6,0.942067,0.708914,0.507387
9110,10,6,0.878313,0.49073,0.493782
9111,10,6,0.898566,0.533233,0.537999
9112,10,6,0.862856,0.462418,0.575414
9113,10,6,0.885463,0.504907,0.619632
9114,10,6,0.729434,0.287251,0.606027
9115,10,6,0.764683,0.325468,0.650244
9116,10,6,0.704736,0.262844,0.687659
9117,10,6,0.741436,0.299788,0.731877
9118,10,6,0.528519,0.132024,0.718272
9119,10,6,0.570768,0.157286,0.762489
9120,10,6,0.500181,0.117058,0.799904
9121,10,6,0.54265,0.140078,0.844122
9122,10,6,0.321135,0.060254,0.830517
9123,10,6,0.360804,0.066833,0.874734
9124,10,6,0.295586,0.058124,0.912149
9125,10,6,0.334192,0.061998,0.956367
9126,10,6,0.154318,0.088219,0.942761
9127,10,6,0.182409,0.074622,0.986979
9128,10,6,0.934167,0.644017,0.544802
9129,10,6,0.940262,0.683507,0.58902
9130,10,6,0.927869,0.616928,0.626435
9131,10,6,0.936648,0.657347,0.670653
9132,10,6,0.845908,0.43426,0.657047
9133,10,6,0.870775,0.476562,0.701265
9134,10,6,0.827538,0.406372,0.73868
9135,10,6,0.854564,0.448312,0.782897
9136,10,6,0.679197,0.239412,0.769292
9137,10,6,0.717197,0.274932,0.81351
9138,10,6,0.652921,0.217051,0.850925
9139,10,6,0.692065,0.251,0.895142
9140,10,6,0.471844,0.103666,0.881537
9141,10,6,0.514357,0.124348,0.925755
9142,10,6,0.443621,0.091903,0.96317
9143,10,6,0.270876,0.057809,0.993782
9144,10,6,0.919813,0.589359,0.708068
9145,10,6,0.931239,0.63054,0.752285
9146,10,6,0.910032,0.561422,0.7897
9147,10,6,0.924059,0.603197,0.833918
9148,10,6,0.807822,0.378869,0.820312
9149,10,6,0.836896,0.420275,0.86453
9150,10,6,0.786842,0.351864,0.901945
9151,10,6,0.817844,0.392565,0.946163
9152,10,6,0.626017,0.195852,0.932557
9153,10,6,0.666144,0.228092,0.976775
9154,10,6,0.942067,0.708914,0.840721
9155,10,6,0.898566,0.533233,0.871333
9156,10,6,0.915136,0.575429,0.915551
9157,10,6,0.885463,0.504907,0.952965
9158,10,6,0.904507,0.547352,0.997183
9159,10,6,0.764683,0.325468,0.983578
9160,10,6,0.940262,0.683507,0.922353
9161,11,2,0.926655,0.724234,0.013017
9162,11,2,0.925727,0.739548,0.040228
9163,11,2,0.694345,0.926288,0.026622
9164,11,2,0.865573,0.873606,0.006214
9165,11,2,0.855824,0.882086,0.033425
9166,11,2,0.900951,0.827257,0.050432
9167,11,2,0.89433,0.838667,0.077643
9168,11,2,0.275766,0.702421,0.013017
9169,11,2,0.482848,0.860781,0.01982
9170,11,2,0.582662,0.903988,0.036826
9171,11,2,0.564693,0.897731,0.064037
9172,11,2,0.777518,0.919619,0.043629
9173,11,2,0.763407,0.922577,0.07084
9174,11,2,0.834395,0.896936,0.087847
9175,11,2,0.822754,0.90328,0.115058
9176,11,2,0.921542,0.768837,0.094649
9177,11,2,0.918292,0.782758,0.12186
9178,11,2,0.926827,0.716421,0.166078
9179,11,2,0.126394,0.491967,0.006214
9180,11,2,0.184752,0.591592,0.023221
9181,11,2,0.172743,0.573695,0.050432
9182,11,2,0.366532,0.784385,0.030024
9183,11,2,0.34933,0.770524,0.057235
9184,11,2,0.446496,0.839988,0.074241
9185,11,2,0.42845,0.82865,0.101452
9186,11,2,0.661187,0.922878,0.081044
9187,11,2,0.644152,0.920013,0.108255
9188,11,2,0.733768,0.926172,0.125262
9189,11,2,0.718294,0.926803,0.152473
9190,11,2,0.878939,0.859613,0.132064
9191,11,2,0.870198,0.86911,0.159275
9192,11,2,0.909507,0.809027,0.176282
9193,11,2,0.903988,0.821326,0.203493
9194,11,2,0.090493,0.190973,0.009615
9195,11,2,0.096012,0.178674,0.036826
9196,11,2,0.084105,0.375227,0.016418
9197,11,2,0.080381,0.357899,0.043629
9198,11,2,0.110133,0.455558,0.060636
9199,11,2,0.103064,0.437459,0.087847
9200,11,2,0.245575,0.669597,0.067439
9201,11,2,0.231163,0.652705,0.094649
9202,11,2,0.315782,0.741346,0.111656
9203,11,2,0.299497,0.726083,0.138867
9204,11,2,0.528434,0.883051,0.118459
9205,11,2,0.510209,0.874654,0.14567
9206,11,2,0.609322,0.911986,0.162677
9207,11,2,0.591592,0.90684,0.189888
9208,11,2,0.797726,0.913748,0.169479
9209,11,2,0.784385,0.917853,0.19669
9210,11,2,0.850704,0.886064,0.213697
9211,11,2,0.839988,0.893491,0.240908
9212,11,2,0.924972,0.747043,0.2205
9213,11,2,0.922878,0.761691,0.247711
9214,11,2,0.408408,0.09316,0.023221
9215,11,2,0.202274,0.086252,0.002813
9216,11,2,0.215615,0.082147,0.030024
9217,11,2,0.149296,0.113936,0.04703
9218,11,2,0.160012,0.106509,0.074241
9219,11,2,0.075028,0.252957,0.053833
9220,11,2,0.077122,0.238309,0.081044
9221,11,2,0.075237,0.324052,0.098051
9222,11,2,0.073828,0.307596,0.125262
9223,11,2,0.150541,0.537528,0.104854
9224,11,2,0.140387,0.519326,0.132064
9225,11,2,0.203837,0.618115,0.149071
9226,11,2,0.190973,0.60048,0.176282
9227,11,2,0.392783,0.804195,0.155874
9228,11,2,0.375227,0.791122,0.183085
9229,11,2,0.473738,0.855824,0.200092
9230,11,2,0.455558,0.845425,0.227303
9231,11,2,0.686179,0.925727,0.206894
9232,11,2,0.669597,0.924022,0.234105
9233,11,2,0.756169,0.923767,0.251112
9234,11,2,0.741346,0.925565,0.278323
9235,11,2,0.890748,0.844142,0.257915
9236,11,2,0.883051,0.854617,0.285126
9237,11,2,0.91638,0.789527,0.302132
9238,11,2,0.911986,0.802664,0.329343
9239,11,2,0.809027,0.39952,0.009615
9240,11,2,0.624773,0.208878,0.016418
9241,11,2,0.526262,0.144176,0.033425
9242,11,2,0.544442,0.154575,0.060636
9243,11,2,0.313821,0.074273,0.040228
9244,11,2,0.330403,0.075978,0.067439
9245,11,2,0.243831,0.076233,0.084445
9246,11,2,0.258654,0.074435,0.111656
9247,11,2,0.109252,0.155858,0.091248
9248,11,2,0.116949,0.145383,0.118459
9249,11,2,0.08362,0.210473,0.135466
9250,11,2,0.088014,0.197336,0.162677
9251,11,2,0.091112,0.401636,0.142269
9252,11,2,0.086252,0.383978,0.169479
9253,11,2,0.122068,0.482848,0.186486
9254,11,2,0.113936,0.46464,0.213697
9255,11,2,0.268056,0.694345,0.193289
9256,11,2,0.252957,0.677929,0.2205
9257,11,2,0.34083,0.763407,0.237507
9258,11,2,0.324052,0.748815,0.264718
9259,11,2,0.555662,0.89433,0.244309
9260,11,2,0.537528,0.886988,0.27152
9261,11,2,0.635533,0.918292,0.288527
9262,11,2,0.618115,0.914278,0.315738
9263,11,2,0.816711,0.906177,0.29533
9264,11,2,0.804195,0.911412,0.322541
9265,11,2,0.865573,0.873606,0.339547
9266,11,2,0.855824,0.882086,0.366758
9267,11,2,0.926655,0.724234,0.34635
9268,11,2,0.925727,0.739548,0.373561
9269,11,2,0.913748,0.616022,0.002813
9270,11,2,0.877932,0.517152,0.01982
9271,11,2,0.886064,0.53536,0.04703
9272,11,2,0.731944,0.305655,0.026622
9273,11,2,0.747043,0.322071,0.053833
9274,11,2,0.65917,0.236593,0.07084
9275,11,2,0.675948,0.251185,0.098051
9276,11,2,0.444338,0.10567,0.077643
9277,11,2,0.462472,0.113012,0.104854
9278,11,2,0.364467,0.081708,0.12186
9279,11,2,0.381885,0.085722,0.149071
9280,11,2,0.183289,0.093823,0.128663
9281,11,2,0.195805,0.088588,0.155874
9282,11,2,0.134427,0.126394,0.172881
9283,11,2,0.144176,0.117914,0.200092
9284,11,2,0.073345,0.275766,0.179684
9285,11,2,0.074273,0.260452,0.206894
9286,11,2,0.078806,0.34933,0.223901
9287,11,2,0.076233,0.332403,0.251112
9288,11,2,0.166962,0.564693,0.230704
9289,11,2,0.155858,0.546606,0.257915
9290,11,2,0.224139,0.644152,0.274922
9291,11,2,0.210473,0.626853,0.302132
9292,11,2,0.419474,0.822754,0.281724
9293,11,2,0.401636,0.810524,0.308935
9294,11,2,0.501088,0.870198,0.325942
9295,11,2,0.482848,0.860781,0.353153
9296,11,2,0.710406,0.926827,0.332745
9297,11,2,0.694345,0.926288,0.359956
9298,11,2,0.777518,0.919619,0.376962
9299,11,2,0.763407,0.922577,0.404173
9300,11,2,0.900951,0.827257,0.383765
9301,11,2,0.89433,0.838667,0.410976
9302,11,2,0.921542,0.768837,0.427983
9303,11,2,0.918292,0.782758,0.455194
9304,11,2,0.921194,0.65067,0.057235
9305,11,2,0.923767,0.667597,0.084445
9306,11,2,0.833038,0.435307,0.064037
9307,11,2,0.844142,0.453394,0.091248
9308,11,2,0.775861,0.355848,0.108255
9309,11,2,0.789527,0.373147,0.135466
9310,11,2,0.580526,0.177246,0.115058
9311,11,2,0.598364,0.189476,0.142269
9312,11,2,0.498912,0.129802,0.159275
9313,11,2,0.517152,0.139219,0.186486
9314,11,2,0.289594,0.073173,0.166078
9315,11,2,0.305655,0.073712,0.193289
9316,11,2,0.222482,0.080381,0.210296
9317,11,2,0.236593,0.077423,0.237507
9318,11,2,0.099049,0.172743,0.217098
9319,11,2,0.10567,0.161333,0.244309
9320,11,2,0.078458,0.231163,0.261316
9321,11,2,0.081708,0.217242,0.288527
9322,11,2,0.099801,0.42845,0.268119
9323,11,2,0.093823,0.410535,0.29533
9324,11,2,0.135555,0.510209,0.312337
9325,11,2,0.126394,0.491967,0.339547
9326,11,2,0.291491,0.718294,0.319139
9327,11,2,0.275766,0.702421,0.34635
9328,11,2,0.366532,0.784385,0.363357
9329,11,2,0.34933,0.770524,0.390568
9330,11,2,0.582662,0.903988,0.37016
9331,11,2,0.564693,0.897731,0.397371
9332,11,2,0.661187,0.922878,0.414377
9333,11,2,0.644152,0.920013,0.441588
9334,11,2,0.834395,0.896936,0.42118
9335,11,2,0.822754,0.90328,0.448391
9336,11,2,0.878939,0.859613,0.465398
9337,11,2,0.870198,0.86911,0.492609
9338,11,2,0.926827,0.716421,0.499411
9339,11,2,0.900199,0.57155,0.101452
9340,11,2,0.906177,0.589465,0.128663
9341,11,2,0.864445,0.489791,0.14567
9342,11,2,0.873606,0.508033,0.172881
9343,11,2,0.708509,0.281706,0.152473
9344,11,2,0.724234,0.297579,0.179684
9345,11,2,0.633468,0.215615,0.19669
9346,11,2,0.65067,0.229476,0.223901
9347,11,2,0.417338,0.096012,0.203493
9348,11,2,0.435307,0.102269,0.230704
9349,11,2,0.338813,0.077122,0.247711
9350,11,2,0.355848,0.079987,0.274922
9351,11,2,0.165605,0.103064,0.254513
9352,11,2,0.177246,0.09672,0.281724
9353,11,2,0.121061,0.140387,0.298731
9354,11,2,0.129802,0.13089,0.325942
9355,11,2,0.073415,0.299497,0.305534
9356,11,2,0.073173,0.283579,0.332745
9357,11,2,0.084105,0.375227,0.349752
9358,11,2,0.080381,0.357899,0.376962
9359,11,2,0.184752,0.591592,0.356554
9360,11,2,0.172743,0.573695,0.383765
9361,11,2,0.245575,0.669597,0.400772
9362,11,2,0.231163,0.652705,0.427983
9363,11,2,0.446496,0.839988,0.407575
9364,11,2,0.42845,0.82865,0.434786
9365,11,2,0.528434,0.883051,0.451792
9366,11,2,0.510209,0.874654,0.479003
9367,11,2,0.733768,0.926172,0.458595
9368,11,2,0.718294,0.926803,0.485806
9369,11,2,0.797726,0.913748,0.502813
9370,11,2,0.784385,0.917853,0.530024
9371,11,2,0.909507,0.809027,0.509615
9372,11,2,0.903988,0.821326,0.536826
9373,11,2,0.924972,0.747043,0.553833
9374,11,2,0.922878,0.761691,0.581044
9375,11,2,0.926585,0.700503,0.138867
9376,11,2,0.915895,0.624773,0.183085
9377,11,2,0.919619,0.642101,0.210296
9378,11,2,0.815248,0.408408,0.189888
9379,11,2,0.827257,0.426305,0.217098
9380,11,2,0.754425,0.330403,0.234105
9381,11,2,0.768837,0.347295,0.261316
9382,11,2,0.553504,0.160012,0.240908
9383,11,2,0.57155,0.17135,0.268119
9384,11,2,0.471566,0.116949,0.285126
9385,11,2,0.489791,0.125346,0.312337
9386,11,2,0.266232,0.073828,0.291928
9387,11,2,0.281706,0.073197,0.319139
9388,11,2,0.202274,0.086252,0.336146
9389,11,2,0.215615,0.082147,0.363357
9390,11,2,0.090493,0.190973,0.342949
9391,11,2,0.096012,0.178674,0.37016
9392,11,2,0.075028,0.252957,0.387167
9393,11,2,0.077122,0.238309,0.414377
9394,11,2,0.110133,0.455558,0.393969
9395,11,2,0.103064,0.437459,0.42118
9396,11,2,0.150541,0.537528,0.438187
9397,11,2,0.140387,0.519326,0.465398
9398,11,2,0.315782,0.741346,0.44499
9399,11,2,0.299497,0.726083,0.472201
9400,11,2,0.392783,0.804195,0.489207
9401,11,2,0.375227,0.791122,0.516418
9402,11,2,0.609322,0.911986,0.49601
9403,11,2,0.591592,0.90684,0.523221
9404,11,2,0.686179,0.925727,0.540228
9405,11,2,0.669597,0.924022,0.567439
9406,11,2,0.850704,0.886064,0.54703
9407,11,2,0.839988,0.893491,0.574241
9408,11,2,0.890748,0.844142,0.591248
9409,11,2,0.883051,0.854617,0.618459
9410,11,2,0.889867,0.544442,0.227303
9411,11,2,0.896936,0.562541,0.254513
9412,11,2,0.849459,0.462472,0.27152
9413,11,2,0.859613,0.480674,0.298731
9414,11,2,0.684218,0.258654,0.278323
9415,11,2,0.700503,0.273917,0.305534
9416,11,2,0.607217,0.195805,0.322541
9417,11,2,0.624773,0.208878,0.349752
9418,11,2,0.390678,0.088014,0.329343
9419,11,2,0.408408,0.09316,0.356554
9420,11,2,0.313821,0.074273,0.373561
9421,11,2,0.330403,0.075978,0.400772
9422,11,2,0.149296,0.113936,0.380364
9423,11,2,0.160012,0.106509,0.407575
9424,11,2,0.109252,0.155858,0.424581
9425,11,2,0.116949,0.145383,0.451792
9426,11,2,0.075237,0.324052,0.431384
9427,11,2,0.073828,0.307596,0.458595
9428,11,2,0.091112,0.401636,0.475602
9429,11,2,0.086252,0.383978,0.502813
9430,11,2,0.203837,0.618115,0.482405
9431,11,2,0.190973,0.60048,0.509615
9432,11,2,0.268056,0.694345,0.526622
9433,11,2,0.252957,0.677929,0.553833
9434,11,2,0.473738,0.855824,0.533425
9435,11,2,0.455558,0.845425,0.560636
9436,11,2,0.555662,0.89433,0.577643
9437,11,2,0.537528,0.886988,0.604854
9438,11,2,0.756169,0.923767,0.584445
9439,11,2,0.741346,0.925565,0.611656
9440,11,2,0.816711,0.906177,0.628663
9441,11,2,0.804195,0.911412,0.655874
9442,11,2,0.91638,0.789527,0.635466
9443,11,2,0.911986,0.802664,0.662677
9444,11,2,0.926655,0.724234,0.679684
9445,11,2,0.925727,0.739548,0.706894
9446,11,2,0.924763,0.675948,0.264718
9447,11,2,0.926172,0.692404,0.291928
9448,11,2,0.908888,0.598364,0.308935
9449,11,2,0.913748,0.616022,0.336146
9450,11,2,0.796163,0.381885,0.315738
9451,11,2,0.809027,0.39952,0.342949
9452,11,2,0.731944,0.305655,0.359956
9453,11,2,0.747043,0.322071,0.387167
9454,11,2,0.526262,0.144176,0.366758
9455,11,2,0.544442,0.154575,0.393969
9456,11,2,0.444338,0.10567,0.410976
9457,11,2,0.462472,0.113012,0.438187
9458,11,2,0.243831,0.076233,0.417779
9459,11,2,0.258654,0.074435,0.44499
9460,11,2,0.183289,0.093823,0.461996
9461,11,2,0.195805,0.088588,0.489207
9462,11,2,0.08362,0.210473,0.468799
9463,11,2,0.088014,0.197336,0.49601
9464,11,2,0.073345,0.275766,0.513017
9465,11,2,0.074273,0.260452,0.540228
9466,11,2,0.122068,0.482848,0.51982
9467,11,2,0.113936,0.46464,0.54703
9468,11,2,0.166962,0.564693,0.564037
9469,11,2,0.155858,0.546606,0.591248
9470,11,2,0.34083,0.763407,0.57084
9471,11,2,0.324052,0.748815,0.598051
9472,11,2,0.419474,0.822754,0.615058
9473,11,2,0.401636,0.810524,0.642269
9474,11,2,0.635533,0.918292,0.62186
9475,11,2,0.618115,0.914278,0.649071
9476,11,2,0.710406,0.926827,0.666078
9477,11,2,0.694345,0.926288,0.693289
9478,11,2,0.865573,0.873606,0.672881
9479,11,2,0.855824,0.882086,0.700092
9480,11,2,0.900951,0.827257,0.717098
9481,11,2,0.89433,0.838667,0.744309
9482,11,2,0.877932,0.517152,0.353153
9483,11,2,0.886064,0.53536,0.380364
9484,11,2,0.833038,0.435307,0.397371
9485,11,2,0.844142,0.453394,0.424581
9486,11,2,0.65917,0.236593,0.404173
9487,11,2,0.675948,0.251185,0.431384
9488,11,2,0.580526,0.177246,0.448391
9489,11,2,0.598364,0.189476,0.475602
9490,11,2,0.364467,0.081708,0.455194
9491,11,2,0.381885,0.085722,0.482405
9492,11,2,0.289594,0.073173,0.499411
9493,11,2,0.305655,0.073712,0.526622
9494,11,2,0.134427,0.126394,0.506214
9495,11,2,0.144176,0.117914,0.533425
9496,11,2,0.099049,0.172743,0.550432
9497,11,2,0.10567,0.161333,0.577643
9498,11,2,0.078806,0.34933,0.557235
9499,11,2,0.076233,0.332403,0.584445
9500,11,2,0.099801,0.42845,0.601452
9501,11,2,0.093823,0.410535,0.628663
9502,11,2,0.224139,0.644152,0.608255
9503,11,2,0.210473,0.626853,0.635466
9504,11,2,0.291491,0.718294,0.652473
9505,11,2,0.275766,0.702421,0.679684
9506,11,2,0.501088,0.870198,0.659275
9507,11,2,0.482848,0.860781,0.686486
9508,11,2,0.582662,0.903988,0.703493
9509,11,2,0.564693,0.897731,0.730704
9510,11,2,0.777518,0.919619,0.710296
9511,11,2,0.763407,0.922577,0.737507
9512,11,2,0.834395,0.896936,0.754513
9513,11,2,0.822754,0.90328,0.781724
9514,11,2,0.921542,0.768837,0.761316
9515,11,2,0.918292,0.782758,0.788527
9516,11,2,0.926827,0.716421,0.832745
9517,11,2,0.921194,0.65067,0.390568
9518,11,2,0.923767,0.667597,0.417779
9519,11,2,0.900199,0.57155,0.434786
9520,11,2,0.906177,0.589465,0.461996
9521,11,2,0.775861,0.355848,0.441588
9522,11,2,0.789527,0.373147,0.468799
9523,11,2,0.708509,0.281706,0.485806
9524,11,2,0.724234,0.297579,0.513017
9525,11,2,0.498912,0.129802,0.492609
9526,11,2,0.517152,0.139219,0.51982
9527,11,2,0.417338,0.096012,0.536826
9528,11,2,0.435307,0.102269,0.564037
9529,11,2,0.222482,0.080381,0.543629
9530,11,2,0.236593,0.077423,0.57084
9531,11,2,0.165605,0.103064,0.587847
9532,11,2,0.177246,0.09672,0.615058
9533,11,2,0.078458,0.231163,0.594649
9534,11,2,0.081708,0.217242,0.62186
9535,11,2,0.073415,0.299497,0.638867
9536,11,2,0.073173,0.283579,0.666078
9537,11,2,0.135555,0.510209,0.64567
9538,11,2,0.126394,0.491967,0.672881
9539,11,2,0.184752,0.591592,0.689888
9540,11,2,0.172743,0.573695,0.717098
9541,11,2,0.366532,0.784385,0.69669
9542,11,2,0.34933,0.770524,0.723901
9543,11,2,0.446496,0.839988,0.740908
9544,11,2,0.42845,0.82865,0.768119
9545,11,2,0.661187,0.922878,0.747711
9546,11,2,0.644152,0.920013,0.774922
9547,11,2,0.733768,0.926172,0.791928
9548,11,2,0.718294,0.926803,0.819139
9549,11,2,0.878939,0.859613,0.798731
9550,11,2,0.870198,0.86911,0.825942
9551,11,2,0.909507,0.809027,0.842949
9552,11,2,0.903988,0.821326,0.87016
9553,11,2,0.926585,0.700503,0.472201
9554,11,2,0.864445,0.489791,0.479003
9555,11,2,0.873606,0.508033,0.506214
9556,11,2,0.815248,0.408408,0.523221
9557,11,2,0.827257,0.426305,0.550432
9558,11,2,0.633468,0.215615,0.530024
9559,11,2,0.65067,0.229476,0.557235
9560,11,2,0.553504,0.160012,0.574241
9561,11,2,0.57155,0.17135,0.601452
9562,11,2,0.338813,0.077122,0.581044
9563,11,2,0.355848,0.079987,0.608255
9564,11,2,0.266232,0.073828,0.625262
9565,11,2,0.281706,0.073197,0.652473
9566,11,2,0.121061,0.140387,0.632064
9567,11,2,0.129802,0.13089,0.659275
9568,11,2,0.090493,0.190973,0.676282
9569,11,2,0.096012,0.178674,0.703493
9570,11,2,0.084105,0.375227,0.683085
9571,11,2,0.080381,0.357899,0.710296
9572,11,2,0.110133,0.455558,0.727303
9573,11,2,0.103064,0.437459,0.754513
9574,11,2,0.245575,0.669597,0.734105
9575,11,2,0.231163,0.652705,0.761316
9576,11,2,0.315782,0.741346,0.778323
9577,11,2,0.299497,0.726083,0.805534
9578,11,2,0.528434,0.883051,0.785126
9579,11,2,0.510209,0.874654,0.812337
9580,11,2,0.609322,0.911986,0.829343
9581,11,2,0.591592,0.90684,0.856554
9582,11,2,0.797726,0.913748,0.836146
9583,11,2,0.784385,0.917853,0.863357
9584,11,2,0.850704,0.886064,0.880364
9585,11,2,0.839988,0.893491,0.907575
9586,11,2,0.924972,0.747043,0.887167
9587,11,2,0.922878,0.761691,0.914377
9588,11,2,0.915895,0.624773,0.516418
9589,11,2,0.919619,0.642101,0.543629
9590,11,2,0.889867,0.544442,0.560636
9591,11,2,0.896936,0.562541,0.587847
9592,11,2,0.754425,0.330403,0.567439
9593,11,2,0.768837,0.347295,0.594649
9594,11,2,0.684218,0.258654,0.611656
9595,11,2,0.700503,0.273917,0.638867
9596,11,2,0.471566,0.116949,0.618459
9597,11,2,0.489791,0.125346,0.64567
9598,11,2,0.390678,0.088014,0.662677
9599,11,2,0.408408,0.09316,0.689888
9600,11,2,0.202274,0.086252,0.669479
9601,11,2,0.215615,0.082147,0.69669
9602,11,2,0.149296,0.113936,0.713697
9603,11,2,0.160012,0.106509,0.740908
9604,11,2,0.075028,0.252957,0.7205
9605,11,2,0.077122,0.238309,0.747711
9606,11,2,0.075237,0.324052,0.764718
9607,11,2,0.073828,0.307596,0.791928
9608,11,2,0.150541,0.537528,0.77152
9609,11,2,0.140387,0.519326,0.798731
9610,11,2,0.203837,0.618115,0.815738
9611,11,2,0.190973,0.60048,0.842949
9612,11,2,0.392783,0.804195,0.822541
9613,11,2,0.375227,0.791122,0.849752
9614,11,2,0.473738,0.855824,0.866758
9615,11,2,0.455558,0.845425,0.893969
9616,11,2,0.686179,0.925727,0.873561
9617,11,2,0.669597,0.924022,0.900772
9618,11,2,0.756169,0.923767,0.917779
9619,11,2,0.741346,0.925565,0.94499
9620,11,2,0.890748,0.844142,0.924581
9621,11,2,0.883051,0.854617,0.951792
9622,11,2,0.91638,0.789527,0.968799
9623,11,2,0.911986,0.802664,0.99601
9624,11,2,0.924763,0.675948,0.598051
9625,11,2,0.926172,0.692404,0.625262
9626,11,2,0.849459,0.462472,0.604854
9627,11,2,0.859613,0.480674,0.632064
9628,11,2,0.796163,0.381885,0.649071
9629,11,2,0.809027,0.39952,0.676282
9630,11,2,0.607217,0.195805,0.655874
9631,11,2,0.624773,0.208878,0.683085
9632,11,2,0.526262,0.144176,0.700092
9633,11,2,0.544442,0.154575,0.727303
9634,11,2,0.313821,0.074273,0.706894
9635,11,2,0.330403,0.075978,0.734105
9636,11,2,0.243831,0.076233,0.751112
9637,11,2,0.258654,0.074435,0.778323
9638,11,2,0.109252,0.155858,0.757915
9639,11,2,0.116949,0.145383,0.785126
9640,11,2,0.08362,0.210473,0.802132
9641,11,2,0.088014,0.197336,0.829343
9642,11,2,0.091112,0.401636,0.808935
9643,11,2,0.086252,0.383978,0.836146
9644,11,2,0.122068,0.482848,0.853153
9645,11,2,0.113936,0.46464,0.880364
9646,11,2,0.268056,0.694345,0.859956
9647,11,2,0.252957,0.677929,0.887167
9648,11,2,0.34083,0.763407,0.904173
9649,11,2,0.324052,0.748815,0.931384
9650,11,2,0.555662,0.89433,0.910976
9651,11,2,0.537528,0.886988,0.938187
9652,11,2,0.635533,0.918292,0.955194
9653,11,2,0.618115,0.914278,0.982405
9654,11,2,0.816711,0.906177,0.961996
9655,11,2,0.804195,0.911412,0.989207
9656,11,2,0.908888,0.598364,0.642269
9657,11,2,0.913748,0.616022,0.669479
9658,11,2,0.877932,0.517152,0.686486
9659,11,2,0.886064,0.53536,0.713697
9660,11,2,0.731944,0.305655,0.693289
9661,11,2,0.747043,0.322071,0.7205
9662,11,2,0.65917,0.236593,0.737507
9663,11,2,0.675948,0.251185,0.764718
9664,11,2,0.444338,0.10567,0.744309
9665,11,2,0.462472,0.113012,0.77152
9666,11,2,0.364467,0.081708,0.788527
9667,11,2,0.381885,0.085722,0.815738
9668,11,2,0.183289,0.093823,0.79533
9669,11,2,0.195805,0.088588,0.822541
9670,11,2,0.134427,0.126394,0.839547
9671,11,2,0.144176,0.117914,0.866758
9672,11,2,0.073345,0.275766,0.84635
9673,11,2,0.074273,0.260452,0.873561
9674,11,2,0.078806,0.34933,0.890568
9675,11,2,0.076233,0.332403,0.917779
9676,11,2,0.166962,0.564693,0.897371
9677,11,2,0.155858,0.546606,0.924581
9678,11,2,0.224139,0.644152,0.941588
9679,11,2,0.210473,0.626853,0.968799
9680,11,2,0.419474,0.822754,0.948391
9681,11,2,0.401636,0.810524,0.975602
9682,11,2,0.501088,0.870198,0.992609
9683,11,2,0.710406,0.926827,0.999411
9684,11,2,0.921194,0.65067,0.723901
9685,11,2,0.923767,0.667597,0.751112
9686,11,2,0.833038,0.435307,0.730704
9687,11,2,0.844142,0.453394,0.757915
9688,11,2,0.775861,0.355848,0.774922
9689,11,2,0.789527,0.373147,0.802132
9690,11,2,0.580526,0.177246,0.781724
9691,11,2,0.598364,0.189476,0.808935
9692,11,2,0.498912,0.129802,0.825942
9693,11,2,0.517152,0.139219,0.853153
9694,11,2,0.289594,0.073173,0.832745
9695,11,2,0.305655,0.073712,0.859956
9696,11,2,0.222482,0.080381,0.876962
9697,11,2,0.236593,0.077423,0.904173
9698,11,2,0.099049,0.172743,0.883765
9699,11,2,0.10567,0.161333,0.910976
9700,11,2,0.078458,0.231163,0.927983
9701,11,2,0.081708,0.217242,0.955194
9702,11,2,0.099801,0.42845,0.934786
9703,11,2,0.093823,0.410535,0.961996
9704,11,2,0.135555,0.510209,0.979003
9705,11,2,0.291491,0.718294,0.985806
9706,11,2,0.900199,0.57155,0.768119
9707,11,2,0.906177,0.589465,0.79533
9708,11,2,0.864445,0.489791,0.812337
9709,11,2,0.873606,0.508033,0.839547
9710,11,2,0.708509,0.281706,0.819139
9711,11,2,0.724234,0.297579,0.84635
9712,11,2,0.633468,0.215615,0.863357
9713,11,2,0.65067,0.229476,0.890568
9714,11,2,0.417338,0.096012,0.87016
9715,11,2,0.435307,0.102269,0.897371
9716,11,2,0.338813,0.077122,0.914377
9717,11,2,0.355848,0.079987,0.941588
9718,11,2,0.165605,0.103064,0.92118
9719,11,2,0.177246,0.09672,0.948391
9720,11,2,0.121061,0.140387,0.965398
9721,11,2,0.129802,0.13089,0.992609
9722,11,2,0.073415,0.299497,0.972201
9723,11,2,0.073173,0.283579,0.999411
9724,11,2,0.926585,0.700503,0.805534
9725,11,2,0.915895,0.624773,0.849752
9726,11,2,0.919619,0.642101,0.876962
9727,11,2,0.815248,0.408408,0.856554
9728,11,2,0.827257,0.426305,0.883765
9729,11,2,0.754425,0.330403,0.900772
9730,11,2,0.768837,0.347295,0.927983
9731,11,2,0.553504,0.160012,0.907575
9732,11,2,0.57155,0.17135,0.934786
9733,11,2,0.471566,0.116949,0.951792
9734,11,2,0.489791,0.125346,0.979003
9735,11,2,0.266232,0.073828,0.958595
9736,11,2,0.281706,0.073197,0.985806
9737,11,2,0.889867,0.544442,0.893969
9738,11,2,0.896936,0.562541,0.92118
9739,11,2,0.849459,0.462472,0.938187
9740,11,2,0.859613,0.480674,0.965398
9741,11,2,0.684218,0.258654,0.94499
9742,11,2,0.700503,0.273917,0.972201
9743,11,2,0.607217,0.195805,0.989207
9744,11,2,0.390678,0.088014,0.99601
9745,11,2,0.924763,0.675948,0.931384
9746,11,2,0.926172,0.692404,0.958595
9747,11,2,0.908888,0.598364,0.975602
9748,11,2,0.796163,0.381885,0.982405
9749,12,2,0.893567,0.858083,0.020801
9750,12,2,0.764853,0.931723,0.009173
9751,12,2,0.83366,0.909094,0.040181
9752,12,2,0.823221,0.914266,0.090569
9753,12,2,0.924648,0.795656,0.051809
9754,12,2,0.920851,0.807133,0.102197
9755,12,2,0.935062,0.732679,0.133204
9756,12,2,0.934133,0.745965,0.183592
9757,12,2,0.466631,0.859286,0.016925
9758,12,2,0.450798,0.850063,0.067313
9759,12,2,0.668828,0.931994,0.028553
9760,12,2,0.654057,0.929716,0.078941
9761,12,2,0.73892,0.934701,0.109949
9762,12,2,0.725466,0.93532,0.160336
9763,12,2,0.878922,0.87521,0.121576
9764,12,2,0.870835,0.883028,0.171964
9765,12,2,0.911577,0.828842,0.202972
9766,12,2,0.906113,0.839046,0.253359
9767,12,2,0.119522,0.493108,0.044057
9768,12,2,0.27182,0.707063,0.005297
9769,12,2,0.258428,0.692936,0.055685
9770,12,2,0.342973,0.77319,0.086693
9771,12,2,0.328245,0.760625,0.13708
9772,12,2,0.546041,0.897986,0.098321
9773,12,2,0.530197,0.89127,0.148708
9774,12,2,0.623919,0.923445,0.179716
9775,12,2,0.608592,0.91946,0.230104
9776,12,2,0.801063,0.922946,0.191344
9777,12,2,0.789374,0.926442,0.241731
9778,12,2,0.85319,0.89712,0.272739
9779,12,2,0.843654,0.903376,0.323127
9780,12,2,0.930539,0.771535,0.284367
9781,12,2,0.927879,0.783785,0.334755
9782,12,2,0.935411,0.719082,0.41615
9783,12,2,0.106433,0.141917,0.020801
9784,12,2,0.064822,0.294806,0.032429
9785,12,2,0.078345,0.383216,0.063437
9786,12,2,0.07466,0.367974,0.113824
9787,12,2,0.174657,0.587933,0.075065
9788,12,2,0.164306,0.5723,0.125452
9789,12,2,0.23263,0.663928,0.15646
9790,12,2,0.220257,0.649087,0.206848
9791,12,2,0.41935,0.830229,0.168088
9792,12,2,0.403777,0.819644,0.218476
9793,12,2,0.49841,0.876282,0.249483
9794,12,2,0.482509,0.868029,0.299871
9795,12,2,0.697674,0.934817,0.261111
9796,12,2,0.683373,0.933695,0.311499
9797,12,2,0.764853,0.931723,0.342507
9798,12,2,0.752055,0.933501,0.392894
9799,12,2,0.893567,0.858083,0.354135
9800,12,2,0.886502,0.866891,0.404522
9801,12,2,0.920851,0.807133,0.43553
9802,12,2,0.916492,0.8182,0.485918
9803,12,2,0.235147,0.068277,0.009173
9804,12,2,0.16634,0.090906,0.040181
9805,12,2,0.176779,0.085734,0.090569
9806,12,2,0.075352,0.204344,0.051809
9807,12,2,0.079149,0.192867,0.102197
9808,12,2,0.064938,0.267321,0.133204
9809,12,2,0.065867,0.254035,0.183592
9810,12,2,0.105083,0.461348,0.144832
9811,12,2,0.09865,0.445534,0.19522
9812,12,2,0.14496,0.540765,0.226228
9813,12,2,0.135991,0.524906,0.276615
9814,12,2,0.299498,0.73447,0.237855
9815,12,2,0.285516,0.720913,0.288243
9816,12,2,0.373036,0.79721,0.319251
9817,12,2,0.35791,0.785391,0.369638
9818,12,2,0.577523,0.909816,0.330879
9819,12,2,0.561823,0.904171,0.381266
9820,12,2,0.654057,0.929716,0.412274
9821,12,2,0.639081,0.926865,0.462662
9822,12,2,0.823221,0.914266,0.423902
9823,12,2,0.81235,0.918886,0.47429
9824,12,2,0.870835,0.883028,0.505297
9825,12,2,0.862254,0.890334,0.555685
9826,12,2,0.934133,0.745965,0.516925
9827,12,2,0.932625,0.758922,0.567313
9828,12,2,0.533369,0.140714,0.016925
9829,12,2,0.549202,0.149937,0.067313
9830,12,2,0.331172,0.068006,0.028553
9831,12,2,0.345943,0.070284,0.078941
9832,12,2,0.26108,0.065299,0.109949
9833,12,2,0.274534,0.06468,0.160336
9834,12,2,0.121078,0.12479,0.121576
9835,12,2,0.129165,0.116972,0.171964
9836,12,2,0.088423,0.171158,0.202972
9837,12,2,0.093887,0.160954,0.253359
9838,12,2,0.068998,0.338039,0.2146
9839,12,2,0.067027,0.323386,0.264987
9840,12,2,0.087397,0.414146,0.295995
9841,12,2,0.082592,0.398613,0.346383
9842,12,2,0.196648,0.618827,0.307623
9843,12,2,0.185443,0.603449,0.358011
9844,12,2,0.258428,0.692936,0.389018
9845,12,2,0.245359,0.678551,0.439406
9846,12,2,0.450798,0.850063,0.400646
9847,12,2,0.435031,0.840373,0.451034
9848,12,2,0.530197,0.89127,0.482042
9849,12,2,0.514313,0.884032,0.532429
9850,12,2,0.725466,0.93532,0.493669
9851,12,2,0.711711,0.935359,0.544057
9852,12,2,0.789374,0.926442,0.575065
9853,12,2,0.777298,0.929369,0.625452
9854,12,2,0.906113,0.839046,0.586693
9855,12,2,0.900107,0.848797,0.63708
9856,12,2,0.927879,0.783785,0.668088
9857,12,2,0.924648,0.795656,0.718476
9858,12,2,0.880478,0.506892,0.044057
9859,12,2,0.72818,0.292937,0.005297
9860,12,2,0.741572,0.307064,0.055685
9861,12,2,0.657027,0.22681,0.086693
9862,12,2,0.671755,0.239375,0.13708
9863,12,2,0.453959,0.102014,0.098321
9864,12,2,0.469803,0.10873,0.148708
9865,12,2,0.376081,0.076555,0.179716
9866,12,2,0.391408,0.08054,0.230104
9867,12,2,0.198937,0.077054,0.191344
9868,12,2,0.210626,0.073558,0.241731
9869,12,2,0.14681,0.10288,0.272739
9870,12,2,0.156346,0.096624,0.323127
9871,12,2,0.069461,0.228465,0.284367
9872,12,2,0.072121,0.216215,0.334755
9873,12,2,0.064822,0.294806,0.365762
9874,12,2,0.064589,0.280918,0.41615
9875,12,2,0.119522,0.493108,0.37739
9876,12,2,0.112044,0.477213,0.427778
9877,12,2,0.164306,0.5723,0.458786
9878,12,2,0.154402,0.556571,0.509173
9879,12,2,0.328245,0.760625,0.470414
9880,12,2,0.313747,0.747713,0.520801
9881,12,2,0.403777,0.819644,0.551809
9882,12,2,0.388332,0.808633,0.602197
9883,12,2,0.608592,0.91946,0.563437
9884,12,2,0.593119,0.914915,0.613824
9885,12,2,0.683373,0.933695,0.644832
9886,12,2,0.668828,0.931994,0.69522
9887,12,2,0.843654,0.903376,0.65646
9888,12,2,0.83366,0.909094,0.706848
9889,12,2,0.886502,0.866891,0.737855
9890,12,2,0.878922,0.87521,0.788243
9891,12,2,0.935411,0.719082,0.749483
9892,12,2,0.935062,0.732679,0.799871
9893,12,2,0.935178,0.705194,0.032429
9894,12,2,0.921655,0.616784,0.063437
9895,12,2,0.92534,0.632026,0.113824
9896,12,2,0.825343,0.412067,0.075065
9897,12,2,0.835694,0.4277,0.125452
9898,12,2,0.76737,0.336072,0.15646
9899,12,2,0.779743,0.350913,0.206848
9900,12,2,0.58065,0.169771,0.168088
9901,12,2,0.596223,0.180356,0.218476
9902,12,2,0.50159,0.123718,0.249483
9903,12,2,0.517491,0.131971,0.299871
9904,12,2,0.302326,0.065183,0.261111
9905,12,2,0.316627,0.066305,0.311499
9906,12,2,0.235147,0.068277,0.342507
9907,12,2,0.247945,0.066499,0.392894
9908,12,2,0.106433,0.141917,0.354135
9909,12,2,0.113498,0.133109,0.404522
9910,12,2,0.079149,0.192867,0.43553
9911,12,2,0.083508,0.1818,0.485918
9912,12,2,0.07466,0.367974,0.447158
9913,12,2,0.071543,0.352909,0.497545
9914,12,2,0.09865,0.445534,0.528553
9915,12,2,0.092751,0.429793,0.578941
9916,12,2,0.220257,0.649087,0.540181
9917,12,2,0.208258,0.634046,0.590569
9918,12,2,0.285516,0.720913,0.621576
9919,12,2,0.27182,0.707063,0.671964
9920,12,2,0.482509,0.868029,0.633204
9921,12,2,0.466631,0.859286,0.683592
9922,12,2,0.561823,0.904171,0.7146
9923,12,2,0.546041,0.897986,0.764987
9924,12,2,0.752055,0.933501,0.726228
9925,12,2,0.73892,0.934701,0.776615
9926,12,2,0.81235,0.918886,0.807623
9927,12,2,0.801063,0.922946,0.858011
9928,12,2,0.916492,0.8182,0.819251
9929,12,2,0.911577,0.828842,0.869638
9930,12,2,0.932625,0.758922,0.900646
9931,12,2,0.930539,0.771535,0.951034
9932,12,2,0.894917,0.538652,0.144832
9933,12,2,0.90135,0.554466,0.19522
9934,12,2,0.85504,0.459235,0.226228
9935,12,2,0.864009,0.475094,0.276615
9936,12,2,0.700502,0.26553,0.237855
9937,12,2,0.714484,0.279087,0.288243
9938,12,2,0.626964,0.20279,0.319251
9939,12,2,0.64209,0.214609,0.369638
9940,12,2,0.422477,0.090184,0.330879
9941,12,2,0.438177,0.095829,0.381266
9942,12,2,0.345943,0.070284,0.412274
9943,12,2,0.360919,0.073135,0.462662
9944,12,2,0.176779,0.085734,0.423902
9945,12,2,0.18765,0.081114,0.47429
9946,12,2,0.129165,0.116972,0.505297
9947,12,2,0.137746,0.109666,0.555685
9948,12,2,0.065867,0.254035,0.516925
9949,12,2,0.067375,0.241078,0.567313
9950,12,2,0.067027,0.323386,0.598321
9951,12,2,0.065635,0.308969,0.648708
9952,12,2,0.135991,0.524906,0.609949
9953,12,2,0.127508,0.509013,0.660336
9954,12,2,0.185443,0.603449,0.691344
9955,12,2,0.174657,0.587933,0.741731
9956,12,2,0.35791,0.785391,0.702972
9957,12,2,0.342973,0.77319,0.753359
9958,12,2,0.435031,0.840373,0.784367
9959,12,2,0.41935,0.830229,0.834755
9960,12,2,0.639081,0.926865,0.795995
9961,12,2,0.623919,0.923445,0.846383
9962,12,2,0.711711,0.935359,0.87739
9963,12,2,0.697674,0.934817,0.927778
9964,12,2,0.862254,0.890334,0.889018
9965,12,2,0.85319,0.89712,0.939406
9966,12,2,0.900107,0.848797,0.970414
9967,12,2,0.931002,0.661961,0.2146
9968,12,2,0.932973,0.676614,0.264987
9969,12,2,0.912603,0.585854,0.295995
9970,12,2,0.917408,0.601387,0.346383
9971,12,2,0.803352,0.381173,0.307623
9972,12,2,0.814557,0.396551,0.358011
9973,12,2,0.741572,0.307064,0.389018
9974,12,2,0.754641,0.321449,0.439406
9975,12,2,0.549202,0.149937,0.400646
9976,12,2,0.564969,0.159627,0.451034
9977,12,2,0.469803,0.10873,0.482042
9978,12,2,0.485687,0.115968,0.532429
9979,12,2,0.274534,0.06468,0.493669
9980,12,2,0.288289,0.064641,0.544057
9981,12,2,0.210626,0.073558,0.575065
9982,12,2,0.222702,0.070631,0.625452
9983,12,2,0.093887,0.160954,0.586693
9984,12,2,0.099893,0.151203,0.63708
9985,12,2,0.072121,0.216215,0.668088
9986,12,2,0.075352,0.204344,0.718476
9987,12,2,0.082592,0.398613,0.679716
9988,12,2,0.078345,0.383216,0.730104
9989,12,2,0.112044,0.477213,0.761111
9990,12,2,0.105083,0.461348,0.811499
9991,12,2,0.245359,0.678551,0.772739
9992,12,2,0.23263,0.663928,0.823127
9993,12,2,0.313747,0.747713,0.854135
9994,12,2,0.299498,0.73447,0.904522
9995,12,2,0.514313,0.884032,0.865762
9996,12,2,0.49841,0.876282,0.91615
9997,12,2,0.593119,0.914915,0.947158
9998,12,2,0.577523,0.909816,0.997545
9999,12,2,0.777298,0.929369,0.958786
10000,12,2,0.935178,0.705194,0.365762
10001,12,2,0.880478,0.506892,0.37739
10002,12,2,0.887956,0.522787,0.427778
10003,12,2,0.835694,0.4277,0.458786
10004,12,2,0.845598,0.443429,0.509173
10005,12,2,0.671755,0.239375,0.470414
10006,12,2,0.686253,0.252287,0.520801
10007,12,2,0.596223,0.180356,0.551809
10008,12,2,0.611668,0.191367,0.602197
10009,12,2,0.391408,0.08054,0.563437
10010,12,2,0.406881,0.085085,0.613824
10011,12,2,0.316627,0.066305,0.644832
10012,12,2,0.331172,0.068006,0.69522
10013,12,2,0.156346,0.096624,0.65646
10014,12,2,0.16634,0.090906,0.706848
10015,12,2,0.113498,0.133109,0.737855
10016,12,2,0.121078,0.12479,0.788243
10017,12,2,0.064589,0.280918,0.749483
10018,12,2,0.064938,0.267321,0.799871
10019,12,2,0.071543,0.352909,0.830879
10020,12,2,0.068998,0.338039,0.881266
10021,12,2,0.154402,0.556571,0.842507
10022,12,2,0.14496,0.540765,0.892894
10023,12,2,0.208258,0.634046,0.923902
10024,12,2,0.196648,0.618827,0.97429
10025,12,2,0.388332,0.808633,0.93553
10026,12,2,0.373036,0.79721,0.985918
10027,12,2,0.92534,0.632026,0.447158
10028,12,2,0.928457,0.647091,0.497545
10029,12,2,0.90135,0.554466,0.528553
10030,12,2,0.907249,0.570207,0.578941
10031,12,2,0.779743,0.350913,0.540181
10032,12,2,0.791742,0.365954,0.590569
10033,12,2,0.714484,0.279087,0.621576
10034,12,2,0.72818,0.292937,0.671964
10035,12,2,0.517491,0.131971,0.633204
10036,12,2,0.533369,0.140714,0.683592
10037,12,2,0.438177,0.095829,0.7146
10038,12,2,0.453959,0.102014,0.764987
10039,12,2,0.247945,0.066499,0.726228
10040,12,2,0.26108,0.065299,0.776615
10041,12,2,0.18765,0.081114,0.807623
10042,12,2,0.198937,0.077054,0.858011
10043,12,2,0.083508,0.1818,0.819251
10044,12,2,0.088423,0.171158,0.869638
10045,12,2,0.067375,0.241078,0.900646
10046,12,2,0.069461,0.228465,0.951034
10047,12,2,0.092751,0.429793,0.912274
10048,12,2,0.087397,0.414146,0.962662
10049,12,2,0.127508,0.509013,0.993669
10050,12,2,0.932973,0.676614,0.598321
10051,12,2,0.934365,0.691031,0.648708
10052,12,2,0.864009,0.475094,0.609949
10053,12,2,0.872492,0.490987,0.660336
10054,12,2,0.814557,0.396551,0.691344
10055,12,2,0.825343,0.412067,0.741731
10056,12,2,0.64209,0.214609,0.702972
10057,12,2,0.657027,0.22681,0.753359
10058,12,2,0.564969,0.159627,0.784367
10059,12,2,0.58065,0.169771,0.834755
10060,12,2,0.360919,0.073135,0.795995
10061,12,2,0.376081,0.076555,0.846383
10062,12,2,0.288289,0.064641,0.87739
10063,12,2,0.302326,0.065183,0.927778
10064,12,2,0.137746,0.109666,0.889018
10065,12,2,0.14681,0.10288,0.939406
10066,12,2,0.099893,0.151203,0.970414
10067,12,2,0.065635,0.308969,0.982042
10068,12,2,0.917408,0.601387,0.679716
10069,12,2,0.921655,0.616784,0.730104
10070,12,2,0.887956,0.522787,0.761111
10071,12,2,0.894917,0.538652,0.811499
10072,12,2,0.754641,0.321449,0.772739
10073,12,2,0.76737,0.336072,0.823127
10074,12,2,0.686253,0.252287,0.854135
10075,12,2,0.700502,0.26553,0.904522
10076,12,2,0.485687,0.115968,0.865762
10077,12,2,0.50159,0.123718,0.91615
10078,12,2,0.406881,0.085085,0.947158
10079,12,2,0.422477,0.090184,0.997545
10080,12,2,0.222702,0.070631,0.958786
10081,12,2,0.928457,0.647091,0.830879
10082,12,2,0.931002,0.661961,0.881266
10083,12,2,0.845598,0.443429,0.842507
10084,12,2,0.85504,0.459235,0.892894
10085,12,2,0.791742,0.365954,0.923902
10086,12,2,0.803352,0.381173,0.97429
10087,12,2,0.611668,0.191367,0.93553
10088,12,2,0.626964,0.20279,0.985918
10089,12,2,0.907249,0.570207,0.912274
10090,12,2,0.912603,0.585854,0.962662
10091,12,2,0.872492,0.490987,0.993669
10092,12,2,0.934365,0.691031,0.982042
10093,12,3,0.900821,0.858428,0.023016
10094,12,3,0.843402,0.910487,0.046826
10095,12,3,0.829232,0.917929,0.118254
10096,12,3,0.929028,0.800618,0.070635
10097,12,3,0.923539,0.816286,0.142064
10098,12,3,0.939054,0.749293,0.189683
10099,12,3,0.936795,0.767079,0.261111
10100,12,3,0.476586,0.869149,0.070635
10101,12,3,0.689762,0.939054,0.023016
10102,12,3,0.669716,0.936795,0.094445
10103,12,3,0.746874,0.939273,0.142064
10104,12,3,0.728389,0.940295,0.213492
10105,12,3,0.880662,0.882125,0.165873
10106,12,3,0.869149,0.892563,0.237302
10107,12,3,0.909418,0.845227,0.284921
10108,12,3,0.900821,0.858428,0.35635
10109,12,3,0.141572,0.542393,0.023016
10110,12,3,0.288094,0.728389,0.046826
10111,12,3,0.368793,0.798472,0.094445
10112,12,3,0.348001,0.781959,0.165873
10113,12,3,0.56419,0.909418,0.118254
10114,12,3,0.542393,0.900821,0.189683
10115,12,3,0.62841,0.929028,0.237302
10116,12,3,0.607252,0.923539,0.30873
10117,12,3,0.798472,0.929679,0.261111
10118,12,3,0.781959,0.933959,0.33254
10119,12,3,0.843402,0.910487,0.380159
10120,12,3,0.829232,0.917929,0.451588
10121,12,3,0.929028,0.800618,0.403969
10122,12,3,0.923539,0.816286,0.475397
10123,12,3,0.939054,0.749293,0.523016
10124,12,3,0.936795,0.767079,0.594445
10125,12,3,0.089513,0.432915,0.046826
10126,12,3,0.082071,0.411303,0.118254
10127,12,3,0.199382,0.62841,0.070635
10128,12,3,0.183714,0.607252,0.142064
10129,12,3,0.250707,0.689762,0.189683
10130,12,3,0.232921,0.669716,0.261111
10131,12,3,0.432915,0.843402,0.213492
10132,12,3,0.411303,0.829232,0.284921
10133,12,3,0.498536,0.880662,0.33254
10134,12,3,0.476586,0.869149,0.403969
10135,12,3,0.689762,0.939054,0.35635
10136,12,3,0.669716,0.936795,0.427778
10137,12,3,0.746874,0.939273,0.475397
10138,12,3,0.728389,0.940295,0.546826
10139,12,3,0.880662,0.882125,0.499207
10140,12,3,0.869149,0.892563,0.570635
10141,12,3,0.909418,0.845227,0.618254
10142,12,3,0.900821,0.858428,0.689683
10143,12,3,0.130851,0.107437,0.070635
10144,12,3,0.060946,0.250707,0.023016
10145,12,3,0.063205,0.232921,0.094445
10146,12,3,0.060727,0.307601,0.142064
10147,12,3,0.059705,0.288094,0.213492
10148,12,3,0.117875,0.498536,0.165873
10149,12,3,0.107437,0.476586,0.237302
10150,12,3,0.154773,0.56419,0.284921
10151,12,3,0.141572,0.542393,0.35635
10152,12,3,0.307601,0.746874,0.30873
10153,12,3,0.288094,0.728389,0.380159
10154,12,3,0.368793,0.798472,0.427778
10155,12,3,0.348001,0.781959,0.499207
10156,12,3,0.56419,0.909418,0.451588
10157,12,3,0.542393,0.900821,0.523016
10158,12,3,0.62841,0.929028,0.570635
10159,12,3,0.607252,0.923539,0.642064
10160,12,3,0.798472,0.929679,0.594445
10161,12,3,0.781959,0.933959,0.665873
10162,12,3,0.843402,0.910487,0.713492
10163,12,3,0.829232,0.917929,0.784921
10164,12,3,0.929028,0.800618,0.737302
10165,12,3,0.923539,0.816286,0.80873
10166,12,3,0.939054,0.749293,0.85635
10167,12,3,0.936795,0.767079,0.927778
10168,12,3,0.457607,0.099179,0.023016
10169,12,3,0.271611,0.059705,0.046826
10170,12,3,0.201528,0.070321,0.094445
10171,12,3,0.218041,0.066041,0.165873
10172,12,3,0.090582,0.154773,0.118254
10173,12,3,0.099179,0.141572,0.189683
10174,12,3,0.070972,0.199382,0.237302
10175,12,3,0.076461,0.183714,0.30873
10176,12,3,0.070321,0.368793,0.261111
10177,12,3,0.066041,0.348001,0.33254
10178,12,3,0.089513,0.432915,0.380159
10179,12,3,0.082071,0.411303,0.451588
10180,12,3,0.199382,0.62841,0.403969
10181,12,3,0.183714,0.607252,0.475397
10182,12,3,0.250707,0.689762,0.523016
10183,12,3,0.232921,0.669716,0.594445
10184,12,3,0.432915,0.843402,0.546826
10185,12,3,0.411303,0.829232,0.618254
10186,12,3,0.498536,0.880662,0.665873
10187,12,3,0.476586,0.869149,0.737302
10188,12,3,0.689762,0.939054,0.689683
10189,12,3,0.669716,0.936795,0.761111
10190,12,3,0.746874,0.939273,0.80873
10191,12,3,0.728389,0.940295,0.880159
10192,12,3,0.880662,0.882125,0.83254
10193,12,3,0.869149,0.892563,0.903969
10194,12,3,0.909418,0.845227,0.951588
10195,12,3,0.567085,0.156598,0.046826
10196,12,3,0.588697,0.170768,0.118254
10197,12,3,0.37159,0.070972,0.070635
10198,12,3,0.392748,0.076461,0.142064
10199,12,3,0.310238,0.060946,0.189683
10200,12,3,0.330284,0.063205,0.261111
10201,12,3,0.156598,0.089513,0.213492
10202,12,3,0.170768,0.082071,0.284921
10203,12,3,0.119338,0.117875,0.33254
10204,12,3,0.130851,0.107437,0.403969
10205,12,3,0.060946,0.250707,0.35635
10206,12,3,0.063205,0.232921,0.427778
10207,12,3,0.060727,0.307601,0.475397
10208,12,3,0.059705,0.288094,0.546826
10209,12,3,0.117875,0.498536,0.499207
10210,12,3,0.107437,0.476586,0.570635
10211,12,3,0.154773,0.56419,0.618254
10212,12,3,0.141572,0.542393,0.689683
10213,12,3,0.307601,0.746874,0.642064
10214,12,3,0.288094,0.728389,0.713492
10215,12,3,0.368793,0.798472,0.761111
10216,12,3,0.348001,0.781959,0.83254
10217,12,3,0.56419,0.909418,0.784921
10218,12,3,0.542393,0.900821,0.85635
10219,12,3,0.62841,0.929028,0.903969
10220,12,3,0.607252,0.923539,0.975397
10221,12,3,0.798472,0.929679,0.927778
10222,12,3,0.781959,0.933959,0.999207
10223,12,3,0.892563,0.523414,0.070635
10224,12,3,0.749293,0.310238,0.023016
10225,12,3,0.767079,0.330284,0.094445
10226,12,3,0.692399,0.253126,0.142064
10227,12,3,0.711906,0.271611,0.213492
10228,12,3,0.501464,0.119338,0.165873
10229,12,3,0.523414,0.130851,0.237302
10230,12,3,0.43581,0.090582,0.284921
10231,12,3,0.457607,0.099179,0.35635
10232,12,3,0.253126,0.060727,0.30873
10233,12,3,0.271611,0.059705,0.380159
10234,12,3,0.201528,0.070321,0.427778
10235,12,3,0.218041,0.066041,0.499207
10236,12,3,0.090582,0.154773,0.451588
10237,12,3,0.099179,0.141572,0.523016
10238,12,3,0.070972,0.199382,0.570635
10239,12,3,0.076461,0.183714,0.642064
10240,12,3,0.070321,0.368793,0.594445
10241,12,3,0.066041,0.348001,0.665873
10242,12,3,0.089513,0.432915,0.713492
10243,12,3,0.082071,0.411303,0.784921
10244,12,3,0.199382,0.62841,0.737302
10245,12,3,0.183714,0.607252,0.80873
10246,12,3,0.250707,0.689762,0.85635
10247,12,3,0.232921,0.669716,0.927778
10248,12,3,0.432915,0.843402,0.880159
10249,12,3,0.411303,0.829232,0.951588
10250,12,3,0.498536,0.880662,0.999207
10251,12,3,0.940295,0.711906,0.046826
10252,12,3,0.929679,0.631207,0.094445
10253,12,3,0.933959,0.651999,0.165873
10254,12,3,0.845227,0.43581,0.118254
10255,12,3,0.858428,0.457607,0.189683
10256,12,3,0.800618,0.37159,0.237302
10257,12,3,0.816286,0.392748,0.30873
10258,12,3,0.631207,0.201528,0.261111
10259,12,3,0.651999,0.218041,0.33254
10260,12,3,0.567085,0.156598,0.380159
10261,12,3,0.588697,0.170768,0.451588
10262,12,3,0.37159,0.070972,0.403969
10263,12,3,0.392748,0.076461,0.475397
10264,12,3,0.310238,0.060946,0.523016
10265,12,3,0.330284,0.063205,0.594445
10266,12,3,0.156598,0.089513,0.546826
10267,12,3,0.170768,0.082071,0.618254
10268,12,3,0.119338,0.117875,0.665873
10269,12,3,0.130851,0.107437,0.737302
10270,12,3,0.060946,0.250707,0.689683
10271,12,3,0.063205,0.232921,0.761111
10272,12,3,0.060727,0.307601,0.80873
10273,12,3,0.059705,0.288094,0.880159
10274,12,3,0.117875,0.498536,0.83254
10275,12,3,0.107437,0.476586,0.903969
10276,12,3,0.154773,0.56419,0.951588
10277,12,3,0.307601,0.746874,0.975397
10278,12,3,0.910487,0.567085,0.213492
10279,12,3,0.917929,0.588697,0.284921
10280,12,3,0.882125,0.501464,0.33254
10281,12,3,0.892563,0.523414,0.403969
10282,12,3,0.749293,0.310238,0.35635
10283,12,3,0.767079,0.330284,0.427778
10284,12,3,0.692399,0.253126,0.475397
10285,12,3,0.711906,0.271611,0.546826
10286,12,3,0.501464,0.119338,0.499207
10287,12,3,0.523414,0.130851,0.570635
10288,12,3,0.43581,0.090582,0.618254
10289,12,3,0.457607,0.099179,0.689683
10290,12,3,0.253126,0.060727,0.642064
10291,12,3,0.271611,0.059705,0.713492
10292,12,3,0.201528,0.070321,0.761111
10293,12,3,0.218041,0.066041,0.83254
10294,12,3,0.090582,0.154773,0.784921
10295,12,3,0.099179,0.141572,0.85635
10296,12,3,0.070972,0.199382,0.903969
10297,12,3,0.076461,0.183714,0.975397
10298,12,3,0.070321,0.368793,0.927778
10299,12,3,0.066041,0.348001,0.999207
10300,12,3,0.939273,0.692399,0.30873
10301,12,3,0.940295,0.711906,0.380159
10302,12,3,0.929679,0.631207,0.427778
10303,12,3,0.933959,0.651999,0.499207
10304,12,3,0.845227,0.43581,0.451588
10305,12,3,0.858428,0.457607,0.523016
10306,12,3,0.800618,0.37159,0.570635
10307,12,3,0.816286,0.392748,0.642064
10308,12,3,0.631207,0.201528,0.594445
10309,12,3,0.651999,0.218041,0.665873
10310,12,3,0.567085,0.156598,0.713492
10311,12,3,0.588697,0.170768,0.784921
10312,12,3,0.37159,0.070972,0.737302
10313,12,3,0.392748,0.076461,0.80873
10314,12,3,0.310238,0.060946,0.85635
10315,12,3,0.330284,0.063205,0.927778
10316,12,3,0.156598,0.089513,0.880159
10317,12,3,0.170768,0.082071,0.951588
10318,12,3,0.119338,0.117875,0.999207
10319,12,3,0.910487,0.567085,0.546826
10320,12,3,0.917929,0.588697,0.618254
10321,12,3,0.882125,0.501464,0.665873
10322,12,3,0.892563,0.523414,0.737302
10323,12,3,0.749293,0.310238,0.689683
10324,12,3,0.767079,0.330284,0.761111
10325,12,3,0.692399,0.253126,0.80873
10326,12,3,0.711906,0.271611,0.880159
10327,12,3,0.501464,0.119338,0.83254
10328,12,3,0.523414,0.130851,0.903969
10329,12,3,0.43581,0.090582,0.951588
10330,12,3,0.253126,0.060727,0.975397
10331,12,3,0.939273,0.692399,0.642064
10332,12,3,0.940295,0.711906,0.713492
10333,12,3,0.929679,0.631207,0.761111
10334,12,3,0.933959,0.651999,0.83254
10335,12,3,0.845227,0.43581,0.784921
10336,12,3,0.858428,0.457607,0.85635
10337,12,3,0.800618,0.37159,0.903969
10338,12,3,0.816286,0.392748,0.975397
10339,12,3,0.631207,0.201528,0.927778
10340,12,3,0.651999,0.218041,0.999207
10341,12,3,0.910487,0.567085,0.880159
10342,12,3,0.917929,0.588697,0.951588
10343,12,3,0.882125,0.501464,0.999207
10344,12,3,0.939273,0.692399,0.975397
10345,12,4,0.908283,0.858165,0.021368
10346,12,4,0.853856,0.911094,0.047009
10347,12,4,0.836884,0.920684,0.136753
10348,12,4,0.933653,0.804593,0.08547
10349,12,4,0.926743,0.823653,0.175214
10350,12,4,0.942707,0.763212,0.239317
10351,12,4,0.938981,0.784421,0.32906
10352,12,4,0.505381,0.888336,0.059829
10353,12,4,0.711709,0.945161,0.008547
10354,12,4,0.687666,0.943591,0.098291
10355,12,4,0.757391,0.943428,0.162394
10356,12,4,0.734979,0.945107,0.252137
10357,12,4,0.883868,0.887455,0.200855
10358,12,4,0.869536,0.900004,0.290599
10359,12,4,0.908283,0.858165,0.354701
10360,12,4,0.896799,0.873492,0.444445
10361,12,4,0.944818,0.741042,0.482906
10362,12,4,0.322148,0.764657,0.021368
10363,12,4,0.398656,0.824883,0.08547
10364,12,4,0.372658,0.8059,0.175214
10365,12,4,0.585562,0.92127,0.123932
10366,12,4,0.559018,0.911781,0.213676
10367,12,4,0.637617,0.935606,0.277778
10368,12,4,0.611794,0.929221,0.367522
10369,12,4,0.79932,0.93523,0.31624
10370,12,4,0.778864,0.940132,0.405983
10371,12,4,0.836884,0.920684,0.470086
10372,12,4,0.818684,0.928739,0.559829
10373,12,4,0.926743,0.823653,0.508547
10374,12,4,0.918276,0.841532,0.598291
10375,12,4,0.938981,0.784421,0.662394
10376,12,4,0.933653,0.804593,0.752137
10377,12,4,0.108203,0.487446,0.008547
10378,12,4,0.096135,0.460591,0.098291
10379,12,4,0.229608,0.671252,0.047009
10380,12,4,0.208736,0.646118,0.136753
10381,12,4,0.274232,0.719555,0.200855
10382,12,4,0.251467,0.695761,0.290599
10383,12,4,0.451667,0.859229,0.239317
10384,12,4,0.425025,0.842681,0.32906
10385,12,4,0.505381,0.888336,0.393163
10386,12,4,0.478485,0.874466,0.482906
10387,12,4,0.687666,0.943591,0.431624
10388,12,4,0.662939,0.940402,0.521368
10389,12,4,0.734979,0.945107,0.58547
10390,12,4,0.711709,0.945161,0.675214
10391,12,4,0.869536,0.900004,0.623932
10392,12,4,0.853856,0.911094,0.713676
10393,12,4,0.896799,0.873492,0.777778
10394,12,4,0.883868,0.887455,0.867522
10395,12,4,0.944818,0.741042,0.81624
10396,12,4,0.942707,0.763212,0.905983
10397,12,4,0.091717,0.141835,0.021368
10398,12,4,0.054695,0.282008,0.059829
10399,12,4,0.062959,0.355578,0.123932
10400,12,4,0.05859,0.330406,0.213676
10401,12,4,0.136578,0.541196,0.162394
10402,12,4,0.1217,0.514347,0.252137
10403,12,4,0.170253,0.594345,0.31624
10404,12,4,0.152782,0.567895,0.405983
10405,12,4,0.322148,0.764657,0.354701
10406,12,4,0.297821,0.742549,0.444445
10407,12,4,0.372658,0.8059,0.508547
10408,12,4,0.347124,0.7858,0.598291
10409,12,4,0.559018,0.911781,0.547009
10410,12,4,0.532258,0.90079,0.636753
10411,12,4,0.611794,0.929221,0.700855
10412,12,4,0.585562,0.92127,0.790599
10413,12,4,0.778864,0.940132,0.739317
10414,12,4,0.757391,0.943428,0.82906
10415,12,4,0.818684,0.928739,0.893163
10416,12,4,0.79932,0.93523,0.982906
10417,12,4,0.918276,0.841532,0.931624
10418,12,4,0.146144,0.088906,0.047009
10419,12,4,0.163116,0.079316,0.136753
10420,12,4,0.066347,0.195407,0.08547
10421,12,4,0.073257,0.176347,0.175214
10422,12,4,0.057293,0.236788,0.239317
10423,12,4,0.061019,0.215579,0.32906
10424,12,4,0.076459,0.40741,0.277778
10425,12,4,0.068922,0.381277,0.367522
10426,12,4,0.096135,0.460591,0.431624
10427,12,4,0.085541,0.43388,0.521368
10428,12,4,0.208736,0.646118,0.470086
10429,12,4,0.188927,0.620452,0.559829
10430,12,4,0.251467,0.695761,0.623932
10431,12,4,0.229608,0.671252,0.713676
10432,12,4,0.425025,0.842681,0.662394
10433,12,4,0.398656,0.824883,0.752137
10434,12,4,0.478485,0.874466,0.81624
10435,12,4,0.451667,0.859229,0.905983
10436,12,4,0.662939,0.940402,0.854701
10437,12,4,0.637617,0.935606,0.944445
10438,12,4,0.494619,0.111664,0.059829
10439,12,4,0.288291,0.054839,0.008547
10440,12,4,0.312334,0.056409,0.098291
10441,12,4,0.242609,0.056572,0.162394
10442,12,4,0.265021,0.054893,0.252137
10443,12,4,0.116132,0.112545,0.200855
10444,12,4,0.130464,0.099996,0.290599
10445,12,4,0.091717,0.141835,0.354701
10446,12,4,0.103201,0.126508,0.444445
10447,12,4,0.054695,0.282008,0.393163
10448,12,4,0.055182,0.258958,0.482906
10449,12,4,0.05859,0.330406,0.547009
10450,12,4,0.055832,0.305853,0.636753
10451,12,4,0.1217,0.514347,0.58547
10452,12,4,0.108203,0.487446,0.675214
10453,12,4,0.152782,0.567895,0.739317
10454,12,4,0.136578,0.541196,0.82906
10455,12,4,0.297821,0.742549,0.777778
10456,12,4,0.274232,0.719555,0.867522
10457,12,4,0.347124,0.7858,0.931624
10458,12,4,0.532258,0.90079,0.970086
10459,12,4,0.677852,0.235343,0.021368
10460,12,4,0.601344,0.175117,0.08547
10461,12,4,0.627342,0.1941,0.175214
10462,12,4,0.414438,0.07873,0.123932
10463,12,4,0.440982,0.088219,0.213676
10464,12,4,0.362383,0.064394,0.277778
10465,12,4,0.388206,0.070779,0.367522
10466,12,4,0.20068,0.06477,0.31624
10467,12,4,0.221136,0.059868,0.405983
10468,12,4,0.163116,0.079316,0.470086
10469,12,4,0.181316,0.071261,0.559829
10470,12,4,0.073257,0.176347,0.508547
10471,12,4,0.081724,0.158468,0.598291
10472,12,4,0.061019,0.215579,0.662394
10473,12,4,0.066347,0.195407,0.752137
10474,12,4,0.068922,0.381277,0.700855
10475,12,4,0.062959,0.355578,0.790599
10476,12,4,0.085541,0.43388,0.854701
10477,12,4,0.076459,0.40741,0.944445
10478,12,4,0.188927,0.620452,0.893163
10479,12,4,0.170253,0.594345,0.982906
10480,12,4,0.891797,0.512554,0.008547
10481,12,4,0.903865,0.539409,0.098291
10482,12,4,0.770392,0.328748,0.047009
10483,12,4,0.791264,0.353882,0.136753
10484,12,4,0.725768,0.280445,0.200855
10485,12,4,0.748533,0.304239,0.290599
10486,12,4,0.548333,0.140771,0.239317
10487,12,4,0.574975,0.157319,0.32906
10488,12,4,0.494619,0.111664,0.393163
10489,12,4,0.521515,0.125534,0.482906
10490,12,4,0.312334,0.056409,0.431624
10491,12,4,0.337061,0.059598,0.521368
10492,12,4,0.265021,0.054893,0.58547
10493,12,4,0.288291,0.054839,0.675214
10494,12,4,0.130464,0.099996,0.623932
10495,12,4,0.146144,0.088906,0.713676
10496,12,4,0.103201,0.126508,0.777778
10497,12,4,0.116132,0.112545,0.867522
10498,12,4,0.055182,0.258958,0.81624
10499,12,4,0.057293,0.236788,0.905983
10500,12,4,0.055832,0.305853,0.970086
10501,12,4,0.945305,0.717992,0.059829
10502,12,4,0.937041,0.644422,0.123932
10503,12,4,0.94141,0.669594,0.213676
10504,12,4,0.863422,0.458804,0.162394
10505,12,4,0.8783,0.485653,0.252137
10506,12,4,0.829747,0.405655,0.31624
10507,12,4,0.847218,0.432105,0.405983
10508,12,4,0.677852,0.235343,0.354701
10509,12,4,0.702179,0.257451,0.444445
10510,12,4,0.627342,0.1941,0.508547
10511,12,4,0.652876,0.2142,0.598291
10512,12,4,0.440982,0.088219,0.547009
10513,12,4,0.467742,0.09921,0.636753
10514,12,4,0.388206,0.070779,0.700855
10515,12,4,0.414438,0.07873,0.790599
10516,12,4,0.221136,0.059868,0.739317
10517,12,4,0.242609,0.056572,0.82906
10518,12,4,0.181316,0.071261,0.893163
10519,12,4,0.20068,0.06477,0.982906
10520,12,4,0.081724,0.158468,0.931624
10521,12,4,0.923541,0.59259,0.277778
10522,12,4,0.931078,0.618723,0.367522
10523,12,4,0.903865,0.539409,0.431624
10524,12,4,0.914459,0.56612,0.521368
10525,12,4,0.791264,0.353882,0.470086
10526,12,4,0.811073,0.379548,0.559829
10527,12,4,0.748533,0.304239,0.623932
10528,12,4,0.770392,0.328748,0.713676
10529,12,4,0.574975,0.157319,0.662394
10530,12,4,0.601344,0.175117,0.752137
10531,12,4,0.521515,0.125534,0.81624
10532,12,4,0.548333,0.140771,0.905983
10533,12,4,0.337061,0.059598,0.854701
10534,12,4,0.362383,0.064394,0.944445
10535,12,4,0.945305,0.717992,0.393163
10536,12,4,0.94141,0.669594,0.547009
10537,12,4,0.944168,0.694147,0.636753
10538,12,4,0.8783,0.485653,0.58547
10539,12,4,0.891797,0.512554,0.675214
10540,12,4,0.847218,0.432105,0.739317
10541,12,4,0.863422,0.458804,0.82906
10542,12,4,0.702179,0.257451,0.777778
10543,12,4,0.725768,0.280445,0.867522
10544,12,4,0.652876,0.2142,0.931624
10545,12,4,0.467742,0.09921,0.970086
10546,12,4,0.931078,0.618723,0.700855
10547,12,4,0.937041,0.644422,0.790599
10548,12,4,0.914459,0.56612,0.854701
10549,12,4,0.923541,0.59259,0.944445
10550,12,4,0.811073,0.379548,0.893163
10551,12,4,0.829747,0.405655,0.982906
10552,12,4,0.944168,0.694147,0.970086
10553,12,6,0.922995,0.856324,0.010318
10554,12,6,0.954851,0.728407,0.081747
10555,12,6,0.875177,0.910299,0.034128
10556,12,6,0.85491,0.923823,0.153175
10557,12,6,0.943195,0.810209,0.105556
10558,12,6,0.934309,0.834201,0.224604
10559,12,6,0.949602,0.784482,0.319842
10560,12,6,0.943195,0.810209,0.438889
10561,12,6,0.566671,0.922995,0.010318
10562,12,6,0.726444,0.954851,0.081747
10563,12,6,0.782709,0.94994,0.176985
10564,12,6,0.75529,0.953664,0.296032
10565,12,6,0.893346,0.89448,0.248413
10566,12,6,0.875177,0.910299,0.367461
10567,12,6,0.909315,0.876454,0.462699
10568,12,6,0.893346,0.89448,0.581747
10569,12,6,0.953495,0.757164,0.534128
10570,12,6,0.949602,0.784482,0.653175
10571,12,6,0.954851,0.728407,0.748413
10572,12,6,0.953495,0.757164,0.867461
10573,12,6,0.464878,0.875177,0.034128
10574,12,6,0.431087,0.85491,0.153175
10575,12,6,0.632986,0.943195,0.105556
10576,12,6,0.600109,0.934309,0.224604
10577,12,6,0.665121,0.949602,0.319842
10578,12,6,0.632986,0.943195,0.438889
10579,12,6,0.808546,0.9437,0.39127
10580,12,6,0.782709,0.94994,0.510318
10581,12,6,0.832659,0.934978,0.605556
10582,12,6,0.808546,0.9437,0.724604
10583,12,6,0.922995,0.856324,0.676985
10584,12,6,0.909315,0.876454,0.796032
10585,12,6,0.934309,0.834201,0.89127
10586,12,6,0.143676,0.566671,0.010318
10587,12,6,0.271593,0.726444,0.081747
10588,12,6,0.332769,0.782709,0.176985
10589,12,6,0.301626,0.75529,0.296032
10590,12,6,0.498866,0.893346,0.248413
10591,12,6,0.464878,0.875177,0.367461
10592,12,6,0.532861,0.909315,0.462699
10593,12,6,0.498866,0.893346,0.581747
10594,12,6,0.696331,0.953495,0.534128
10595,12,6,0.665121,0.949602,0.653175
10596,12,6,0.726444,0.954851,0.748413
10597,12,6,0.696331,0.953495,0.867461
10598,12,6,0.85491,0.923823,0.819842
10599,12,6,0.832659,0.934978,0.938889
10600,12,6,0.089701,0.464878,0.034128
10601,12,6,0.076177,0.431087,0.153175
10602,12,6,0.189791,0.632986,0.105556
10603,12,6,0.165799,0.600109,0.224604
10604,12,6,0.215518,0.665121,0.319842
10605,12,6,0.189791,0.632986,0.438889
10606,12,6,0.364847,0.808546,0.39127
10607,12,6,0.332769,0.782709,0.510318
10608,12,6,0.397681,0.832659,0.605556
10609,12,6,0.364847,0.808546,0.724604
10610,12,6,0.566671,0.922995,0.676985
10611,12,6,0.532861,0.909315,0.796032
10612,12,6,0.600109,0.934309,0.89127
10613,12,6,0.75529,0.953664,0.962699
10614,12,6,0.077005,0.143676,0.010318
10615,12,6,0.045149,0.271593,0.081747
10616,12,6,0.05006,0.332769,0.176985
10617,12,6,0.046336,0.301626,0.296032
10618,12,6,0.10552,0.498866,0.248413
10619,12,6,0.089701,0.464878,0.367461
10620,12,6,0.123546,0.532861,0.462699
10621,12,6,0.10552,0.498866,0.581747
10622,12,6,0.242836,0.696331,0.534128
10623,12,6,0.215518,0.665121,0.653175
10624,12,6,0.271593,0.726444,0.748413
10625,12,6,0.242836,0.696331,0.867461
10626,12,6,0.431087,0.85491,0.819842
10627,12,6,0.397681,0.832659,0.938889
10628,12,6,0.124823,0.089701,0.034128
10629,12,6,0.14509,0.076177,0.153175
10630,12,6,0.056805,0.189791,0.105556
10631,12,6,0.065691,0.165799,0.224604
10632,12,6,0.050398,0.215518,0.319842
10633,12,6,0.056805,0.189791,0.438889
10634,12,6,0.0563,0.364847,0.39127
10635,12,6,0.05006,0.332769,0.510318
10636,12,6,0.065022,0.397681,0.605556
10637,12,6,0.0563,0.364847,0.724604
10638,12,6,0.143676,0.566671,0.676985
10639,12,6,0.123546,0.532861,0.796032
10640,12,6,0.165799,0.600109,0.89127
10641,12,6,0.301626,0.75529,0.962699
10642,12,6,0.433329,0.077005,0.010318
10643,12,6,0.273556,0.045149,0.081747
10644,12,6,0.217291,0.05006,0.176985
10645,12,6,0.24471,0.046336,0.296032
10646,12,6,0.106654,0.10552,0.248413
10647,12,6,0.124823,0.089701,0.367461
10648,12,6,0.090685,0.123546,0.462699
10649,12,6,0.106654,0.10552,0.581747
10650,12,6,0.046505,0.242836,0.534128
10651,12,6,0.050398,0.215518,0.653175
10652,12,6,0.045149,0.271593,0.748413
10653,12,6,0.046505,0.242836,0.867461
10654,12,6,0.076177,0.431087,0.819842
10655,12,6,0.065022,0.397681,0.938889
10656,12,6,0.535122,0.124823,0.034128
10657,12,6,0.568913,0.14509,0.153175
10658,12,6,0.367014,0.056805,0.105556
10659,12,6,0.399891,0.065691,0.224604
10660,12,6,0.334879,0.050398,0.319842
10661,12,6,0.367014,0.056805,0.438889
10662,12,6,0.191454,0.0563,0.39127
10663,12,6,0.217291,0.05006,0.510318
10664,12,6,0.167341,0.065022,0.605556
10665,12,6,0.191454,0.0563,0.724604
10666,12,6,0.077005,0.143676,0.676985
10667,12,6,0.090685,0.123546,0.796032
10668,12,6,0.065691,0.165799,0.89127
10669,12,6,0.046336,0.301626,0.962699
10670,12,6,0.856324,0.433329,0.010318
10671,12,6,0.728407,0.273556,0.081747
10672,12,6,0.667231,0.217291,0.176985
10673,12,6,0.698374,0.24471,0.296032
10674,12,6,0.501134,0.106654,0.248413
10675,12,6,0.535122,0.124823,0.367461
10676,12,6,0.467139,0.090685,0.462699
10677,12,6,0.501134,0.106654,0.581747
10678,12,6,0.303669,0.046505,0.534128
10679,12,6,0.334879,0.050398,0.653175
10680,12,6,0.273556,0.045149,0.748413
10681,12,6,0.303669,0.046505,0.867461
10682,12,6,0.14509,0.076177,0.819842
10683,12,6,0.167341,0.065022,0.938889
10684,12,6,0.910299,0.535122,0.034128
10685,12,6,0.923823,0.568913,0.153175
10686,12,6,0.810209,0.367014,0.105556
10687,12,6,0.834201,0.399891,0.224604
10688,12,6,0.784482,0.334879,0.319842
10689,12,6,0.810209,0.367014,0.438889
10690,12,6,0.635153,0.191454,0.39127
10691,12,6,0.667231,0.217291,0.510318
10692,12,6,0.602319,0.167341,0.605556
10693,12,6,0.635153,0.191454,0.724604
10694,12,6,0.433329,0.077005,0.676985
10695,12,6,0.467139,0.090685,0.796032
10696,12,6,0.399891,0.065691,0.89127
10697,12,6,0.24471,0.046336,0.962699
10698,12,6,0.94994,0.667231,0.176985
10699,12,6,0.953664,0.698374,0.296032
10700,12,6,0.89448,0.501134,0.248413
10701,12,6,0.910299,0.535122,0.367461
10702,12,6,0.876454,0.467139,0.462699
10703,12,6,0.89448,0.501134,0.581747
10704,12,6,0.757164,0.303669,0.534128
10705,12,6,0.784482,0.334879,0.653175
10706,12,6,0.728407,0.273556,0.748413
10707,12,6,0.757164,0.303669,0.867461
10708,12,6,0.568913,0.14509,0.819842
10709,12,6,0.602319,0.167341,0.938889
10710,12,6,0.9437,0.635153,0.39127
10711,12,6,0.94994,0.667231,0.510318
10712,12,6,0.934978,0.602319,0.605556
10713,12,6,0.9437,0.635153,0.724604
10714,12,6,0.856324,0.433329,0.676985
10715,12,6,0.876454,0.467139,0.796032
10716,12,6,0.834201,0.399891,0.89127
10717,12,6,0.698374,0.24471,0.962699
10718,12,6,0.923823,0.568913,0.819842
10719,12,6,0.934978,0.602319,0.938889
10720,12,6,0.953664,0.698374,0.962699
