,Calculated atomic coordinates u'
0,0.721039
1,0.738414
2,0.477676
3,0.408823
4,0.303349
5,0.496977
6,0.390878
7,0.750056
8,0.281301
9,0.35086
10,0.229138
11,0.278752
12,0.613415
13,0.521991
14,0.718811
15,0.649178
16,0.680389
17,0.737216
18,0.591153
19,0.697242
20,0.249571
21,0.262916
22,0.320053
23,0.262054
24,0.770521
25,0.50356
26,0.609
27,0.385666
28,0.59912
29,0.222068
30,0.337437
31,0.287789
32,0.754953
33,0.716721
34,0.787393
35,0.775712
36,0.72086
37,0.762097
38,0.293584
39,0.349972
40,0.232016
41,0.259193
42,0.467543
43,0.398427
44,0.599318
45,0.529179
46,0.613188
47,0.674862
48,0.476696
49,0.543931
50,0.22811
51,0.21931
52,0.27914
53,0.237903
54,0.706416
55,0.650028
56,0.767984
57,0.740808
58,0.76046
59,0.777932
60,0.345355
61,0.40088
62,0.245047
63,0.283279
64,0.386812
65,0.325138
66,0.523304
67,0.456069
68,0.78069
69,0.662563
70,0.712211
71,0.532457
72,0.601573
73,0.212606
74,0.224287
75,0.23954
76,0.654645
77,0.77189
78,0.400682
79,0.470821
80,0.636717
81,0.393472
82,0.30593
83,0.753137
84,0.682379
85,0.777945
86,0.720745
87,0.555071
88,0.219019
89,0.19467
90,0.205895
91,0.445071
92,0.348764
93,0.495486
94,0.39409
95,0.797217
96,0.754694
97,0.807952
98,0.780981
99,0.75736
100,0.795642
101,0.402862
102,0.505401
103,0.358686
104,0.458173
105,0.204773
106,0.198094
107,0.219043
108,0.196708
109,0.546758
110,0.444929
111,0.597138
112,0.494599
113,0.794105
114,0.801906
115,0.72519
116,0.781561
117,0.693294
118,0.763292
119,0.318833
120,0.411354
121,0.280845
122,0.363282
123,0.242639
124,0.204358
125,0.27481
126,0.218439
127,0.641314
128,0.541827
129,0.681167
130,0.588646
131,0.653342
132,0.732212
133,0.606528
134,0.69407
135,0.246863
136,0.317621
137,0.222055
138,0.279255
139,0.306706
140,0.236708
141,0.346659
142,0.267788
143,0.719155
144,0.805331
145,0.554928
146,0.651236
147,0.504514
148,0.60591
149,0.202783
150,0.245306
151,0.192048
152,0.795227
153,0.780957
154,0.803292
155,0.453242
156,0.812277
157,0.807185
158,0.198483
159,0.565293
160,0.518262
161,0.690505
162,0.653283
163,0.733703
164,0.347059
165,0.220388
166,0.243065
167,0.298531
168,0.265631
169,0.424498
170,0.38078
171,0.779609
172,0.756305
173,0.812277
174,0.807184
175,0.575221
176,0.619361
177,0.434731
178,0.48176
179,0.18762
180,0.194081
181,0.216119
182,0.198483
183,0.565293
184,0.518261
185,0.690505
186,0.653282
187,0.784977
188,0.80108
189,0.70063
190,0.733703
191,0.309563
192,0.347059
193,0.220388
194,0.243066
195,0.298531
196,0.265631
197,0.424498
198,0.38078
199,0.779608
200,0.756305
201,0.812277
202,0.807185
203,0.575221
204,0.619361
205,0.434732
206,0.48176
207,0.18762
208,0.194081
209,0.216119
210,0.198483
211,0.565293
212,0.518261
213,0.690505
214,0.653282
215,0.784977
216,0.80108
217,0.70063
218,0.733703
219,0.309563
220,0.347059
221,0.220388
222,0.243066
223,0.298531
224,0.265631
225,0.424498
226,0.38078
227,0.779609
228,0.756305
229,0.575221
230,0.619361
231,0.434732
232,0.48176
233,0.18762
234,0.194081
235,0.216119
236,0.784977
237,0.80108
238,0.700631
239,0.309563
240,0.831432
241,0.818275
242,0.225916
243,0.55049
244,0.687882
245,0.62163
246,0.830527
247,0.168569
248,0.181726
249,0.33573
250,0.276086
251,0.40435
252,0.33552
253,0.745029
254,0.688191
255,0.788083
256,0.74462
257,0.774084
258,0.44951
259,0.312118
260,0.37837
261,0.172342
262,0.169473
263,0.191546
264,0.172162
265,0.476946
266,0.403295
267,0.551101
268,0.476291
269,0.818306
270,0.787695
271,0.66427
272,0.723914
273,0.59565
274,0.66448
275,0.254971
276,0.311808
277,0.211917
278,0.25538
279,0.226492
280,0.191633
281,0.276282
282,0.621869
283,0.827658
284,0.808454
285,0.827838
286,0.523054
287,0.596704
288,0.448899
289,0.523709
290,0.181694
291,0.212305
292,0.773508
293,0.808367
294,0.723718
295,0.378131
296,0.846738
297,0.825667
298,0.595007
299,0.701387
300,0.620405
301,0.846657
302,0.831618
303,0.834872
304,0.166966
305,0.145027
306,0.392004
307,0.308327
308,0.41809
309,0.333254
310,0.722773
311,0.647165
312,0.743994
313,0.67623
314,0.843249
315,0.851805
316,0.268328
317,0.19154
318,0.244261
319,0.173905
320,0.147886
321,0.188853
322,0.157101
323,0.446991
324,0.362166
325,0.479099
326,0.393293
327,0.767902
328,0.705207
329,0.790957
330,0.731672
331,0.803688
332,0.455647
333,0.544283
334,0.424521
335,0.512985
336,0.175639
337,0.2251
338,0.166725
339,0.207823
340,0.206572
341,0.16871
342,0.22767
343,0.181227
344,0.512335
345,0.423944
346,0.544353
347,0.455717
348,0.80846
349,0.755739
350,0.824361
351,0.7749
352,0.72853
353,0.786311
354,0.703149
355,0.766225
356,0.39472
357,0.482451
358,0.366307
359,0.45518
360,0.161204
361,0.197336
362,0.156687
363,0.183915
364,0.24782
365,0.196312
366,0.27147
367,0.213689
368,0.575479
369,0.487015
370,0.605281
371,0.517549
372,0.833274
373,0.792177
374,0.838796
375,0.802664
376,0.84059
377,0.677597
378,0.746176
379,0.654284
380,0.730452
381,0.343475
382,0.430586
383,0.320556
384,0.404993
385,0.153262
386,0.174333
387,0.153343
388,0.168382
389,0.296851
390,0.233775
391,0.322403
392,0.253824
393,0.633693
394,0.54482
395,0.656525
396,0.569414
397,0.843313
398,0.816084
399,0.835695
400,0.836068
401,0.632769
402,0.711513
403,0.607996
404,0.691673
405,0.298613
406,0.379595
407,0.277227
408,0.352835
409,0.15941
410,0.165128
411,0.164304
412,0.15675
413,0.345715
414,0.269548
415,0.367231
416,0.288487
417,0.679444
418,0.833034
419,0.854973
420,0.826095
421,0.852113
422,0.58191
423,0.666747
424,0.553009
425,0.637834
426,0.256007
427,0.32377
428,0.232098
429,0.294793
430,0.163932
431,0.148195
432,0.811147
433,0.842899
434,0.793428
435,0.83129
436,0.520901
437,0.606707
438,0.487665
439,0.576057
440,0.209043
441,0.772329
442,0.818773
443,0.752181
444,0.68039
445,0.319948
446,0.483656
447,0.449358
448,0.798133
449,0.780109
450,0.839734
451,0.83339
452,0.243093
453,0.268118
454,0.185882
455,0.175837
456,0.267943
457,0.243481
458,0.61844
459,0.585685
460,0.73483
461,0.707249
462,0.842398
463,0.618792
464,0.449241
465,0.482679
466,0.176197
467,0.18672
468,0.159533
469,0.157636
470,0.383738
471,0.351176
472,0.517421
473,0.482586
474,0.811154
475,0.795806
476,0.839533
477,0.780589
478,0.797129
479,0.679193
480,0.707111
481,0.319468
482,0.349393
483,0.219964
484,0.242806
485,0.203449
486,0.187477
487,0.291865
488,0.264424
489,0.64876
490,0.616262
491,0.756907
492,0.731882
493,0.82272
494,0.83113
495,0.54947
496,0.583376
497,0.414098
498,0.448293
499,0.167525
500,0.175325
501,0.163523
502,0.157602
503,0.414614
504,0.381208
505,0.550759
506,0.517321
507,0.823803
508,0.81328
509,0.75467
510,0.778713
511,0.648797
512,0.680052
513,0.291126
514,0.31961
515,0.201867
516,0.219891
517,0.219411
518,0.202871
519,0.320806
520,0.292889
521,0.680532
522,0.650607
523,0.780036
524,0.757194
525,0.841784
526,0.814118
527,0.824163
528,0.516344
529,0.550642
530,0.38156
531,0.414315
532,0.160266
533,0.16661
534,0.17728
535,0.16887
536,0.45053
537,0.416624
538,0.585902
539,0.551707
540,0.832475
541,0.824675
542,0.732057
543,0.756519
544,0.616262
545,0.648824
546,0.26517
547,0.292751
548,0.188846
549,0.204193
550,0.24533
551,0.221287
552,0.351203
553,0.708874
554,0.840467
555,0.842364
556,0.796551
557,0.812523
558,0.482579
559,0.517414
560,0.35124
561,0.383738
562,0.158216
563,0.160467
564,0.708135
565,0.735577
566,0.836477
567,0.718752
568,0.537723
569,0.480085
570,0.80951
571,0.777756
572,0.840186
573,0.824224
574,0.175776
575,0.233582
576,0.19996
577,0.295534
578,0.251935
579,0.62016
580,0.565441
581,0.697666
582,0.646547
583,0.853659
584,0.847932
585,0.434559
586,0.302334
587,0.353453
588,0.146341
589,0.152068
590,0.154989
591,0.146049
592,0.370413
593,0.318799
594,0.45224
595,0.39672
596,0.76054
597,0.718752
598,0.80951
599,0.777756
600,0.853951
601,0.629587
602,0.681201
603,0.54776
604,0.60328
605,0.23946
606,0.281248
607,0.19049
608,0.222244
609,0.184634
610,0.164454
611,0.233582
612,0.19996
613,0.537723
614,0.480085
615,0.62016
616,0.565441
617,0.840186
618,0.824224
619,0.853659
620,0.847932
621,0.815366
622,0.835546
623,0.766418
624,0.80004
625,0.462277
626,0.519915
627,0.37984
628,0.434559
629,0.159814
630,0.175776
631,0.146341
632,0.152068
633,0.295534
634,0.251936
635,0.370413
636,0.318799
637,0.697666
638,0.646547
639,0.76054
640,0.718752
641,0.704466
642,0.748064
643,0.629587
644,0.681201
645,0.302334
646,0.353453
647,0.23946
648,0.281248
649,0.154989
650,0.146049
651,0.184633
652,0.164454
653,0.45224
654,0.39672
655,0.537723
656,0.480085
657,0.80951
658,0.777756
659,0.840186
660,0.824224
661,0.845011
662,0.853951
663,0.815366
664,0.835546
665,0.54776
666,0.60328
667,0.462277
668,0.519915
669,0.19049
670,0.222244
671,0.159814
672,0.175776
673,0.233582
674,0.19996
675,0.295534
676,0.251935
677,0.62016
678,0.565441
679,0.697666
680,0.646547
681,0.853659
682,0.847932
683,0.766418
684,0.80004
685,0.704466
686,0.748065
687,0.37984
688,0.434559
689,0.302334
690,0.353453
691,0.146341
692,0.152068
693,0.154989
694,0.146049
695,0.370413
696,0.318799
697,0.45224
698,0.39672
699,0.76054
700,0.845011
701,0.853951
702,0.629587
703,0.681201
704,0.54776
705,0.60328
706,0.23946
707,0.281248
708,0.19049
709,0.222244
710,0.184634
711,0.164454
712,0.815366
713,0.835546
714,0.766418
715,0.80004
716,0.462277
717,0.519915
718,0.37984
719,0.159814
720,0.704466
721,0.748064
722,0.845011
723,0.747443
724,0.583652
725,0.513321
726,0.819448
727,0.779151
728,0.838386
729,0.80677
730,0.235562
731,0.330625
732,0.270569
733,0.628325
734,0.561644
735,0.674467
736,0.609959
737,0.850308
738,0.83019
739,0.862314
740,0.852908
741,0.184563
742,0.23067
743,0.141327
744,0.131391
745,0.159543
746,0.142237
747,0.375958
748,0.313834
749,0.424923
750,0.358998
751,0.716745
752,0.65777
753,0.757878
754,0.703355
755,0.869237
756,0.873975
757,0.501583
758,0.386221
759,0.45589
760,0.167407
761,0.203588
762,0.152099
763,0.176994
764,0.183696
765,0.155003
766,0.212741
767,0.175198
768,0.474377
769,0.405921
770,0.52409
771,0.454037
772,0.791642
773,0.740035
774,0.815437
775,0.76933
776,0.864812
777,0.680919
778,0.739342
779,0.6405
780,0.702274
781,0.343503
782,0.408811
783,0.30012
784,0.363046
785,0.137806
786,0.154359
787,0.130547
788,0.139557
789,0.245488
790,0.200548
791,0.283362
792,0.229697
793,0.570388
794,0.498417
795,0.613778
796,0.54411
797,0.832593
798,0.796412
799,0.847901
800,0.823006
801,0.843068
802,0.857283
803,0.821657
804,0.845996
805,0.594743
806,0.659293
807,0.547799
808,0.617603
809,0.261447
810,0.321225
811,0.229501
812,0.285045
813,0.131849
814,0.133693
815,0.143703
816,0.135188
817,0.319081
818,0.260657
819,0.3595
820,0.297725
821,0.656497
822,0.591189
823,0.69988
824,0.636954
825,0.862194
826,0.845641
827,0.869453
828,0.860443
829,0.795602
830,0.830921
831,0.77026
832,0.815945
833,0.502857
834,0.57467
835,0.45964
836,0.532693
837,0.203019
838,0.252557
839,0.180552
840,0.220849
841,0.156933
842,0.142717
843,0.178343
844,0.154004
845,0.405257
846,0.340707
847,0.452201
848,0.382397
849,0.738553
850,0.678775
851,0.770499
852,0.714956
853,0.866307
854,0.871275
855,0.741142
856,0.794478
857,0.708901
858,0.764438
859,0.416348
860,0.486679
861,0.371675
862,0.438356
863,0.161614
864,0.19323
865,0.149692
866,0.16981
867,0.204398
868,0.169078
869,0.22974
870,0.184055
871,0.497143
872,0.42533
873,0.54036
874,0.467307
875,0.796981
876,0.871548
877,0.858673
878,0.868609
879,0.669375
880,0.729431
881,0.624042
882,0.686166
883,0.325533
884,0.390041
885,0.283255
886,0.34223
887,0.137686
888,0.147092
889,0.128725
890,0.130763
891,0.258858
892,0.205522
893,0.291099
894,0.840457
895,0.857763
896,0.816304
897,0.844997
898,0.575077
899,0.641002
900,0.525623
901,0.594079
902,0.242122
903,0.296645
904,0.208358
905,0.259965
906,0.128452
907,0.126025
908,0.787259
909,0.824802
910,0.754512
911,0.799452
912,0.47591
913,0.545963
914,0.429612
915,0.868151
916,0.716637
917,0.770303
918,0.856296
919,0.88206
920,0.640161
921,0.564133
922,0.839015
923,0.795191
924,0.846742
925,0.806493
926,0.300559
927,0.390384
928,0.317695
929,0.657262
930,0.582408
931,0.675489
932,0.602873
933,0.85312
934,0.819294
935,0.860408
936,0.827648
937,0.146627
938,0.177479
939,0.143811
940,0.188267
941,0.150393
942,0.408297
943,0.335426
944,0.429072
945,0.353822
946,0.694648
947,0.622512
948,0.709642
949,0.640207
950,0.866049
951,0.838736
952,0.87269
953,0.847306
954,0.242367
955,0.306104
956,0.122792
957,0.138865
958,0.119209
959,0.130798
960,0.200566
961,0.156814
962,0.213413
963,0.169523
964,0.449231
965,0.373226
966,0.468006
967,0.390561
968,0.726716
969,0.65835
970,0.741883
971,0.676949
972,0.874466
973,0.853373
974,0.877208
975,0.861135
976,0.570259
977,0.4731
978,0.552291
979,0.229197
980,0.290664
981,0.215853
982,0.27544
983,0.11639
984,0.125888
985,0.118893
986,0.1247
987,0.228853
988,0.17945
989,0.24028
990,0.188609
991,0.487319
992,0.410099
993,0.507864
994,0.429741
995,0.757633
996,0.693896
997,0.770804
998,0.709336
999,0.880792
1000,0.869202
1001,0.88361
1002,0.874112
1003,0.729478
1004,0.787362
1005,0.714249
1006,0.775696
1007,0.455382
1008,0.53493
1009,0.436167
1010,0.514272
1011,0.204319
1012,0.259231
1013,0.191349
1014,0.243466
1015,0.121994
1016,0.121158
1017,0.122359
1018,0.119039
1019,0.255544
1020,0.201164
1021,0.270523
1022,0.212638
1023,0.5269
1024,0.447709
1025,0.544618
1026,0.46507
1027,0.784146
1028,0.72456
1029,0.795681
1030,0.740769
1031,0.8753
1032,0.878842
1033,0.87008
1034,0.881602
1035,0.864446
1036,0.877899
1037,0.700511
1038,0.762734
1039,0.682197
1040,0.746411
1041,0.416591
1042,0.494418
1043,0.397575
1044,0.474988
1045,0.181019
1046,0.231402
1047,0.172572
1048,0.216978
1049,0.125181
1050,0.11794
1051,0.12992
1052,0.118397
1053,0.285752
1054,0.224304
1055,0.299489
1056,0.237266
1057,0.563833
1058,0.485728
1059,0.583409
1060,0.505582
1061,0.808652
1062,0.756534
1063,0.818982
1064,0.768598
1065,0.88096
1066,0.856357
1067,0.876077
1068,0.848825
1069,0.87264
1070,0.664107
1071,0.731998
1072,0.646705
1073,0.714742
1074,0.378941
1075,0.455259
1076,0.359839
1077,0.435867
1078,0.160985
1079,0.204809
1080,0.153259
1081,0.193507
1082,0.135553
1083,0.1221
1084,0.143643
1085,0.123923
1086,0.317803
1087,0.253589
1088,0.335893
1089,0.268002
1090,0.602425
1091,0.525012
1092,0.62106
1093,0.544741
1094,0.827428
1095,0.783022
1096,0.84151
1097,0.868501
1098,0.83095
1099,0.862453
1100,0.627976
1101,0.699441
1102,0.609616
1103,0.682305
1104,0.342738
1105,0.417592
1106,0.324511
1107,0.397127
1108,0.14688
1109,0.180706
1110,0.139592
1111,0.172352
1112,0.151175
1113,0.12736
1114,0.158491
1115,0.131499
1116,0.353295
1117,0.285258
1118,0.372023
1119,0.822521
1120,0.856188
1121,0.811733
1122,0.849607
1123,0.591704
1124,0.664573
1125,0.570928
1126,0.646178
1127,0.305352
1128,0.377488
1129,0.290358
1130,0.359793
1131,0.133951
1132,0.161264
1133,0.12731
1134,0.152694
1135,0.16905
1136,0.137547
1137,0.799434
1138,0.843186
1139,0.786588
1140,0.830477
1141,0.550769
1142,0.626774
1143,0.531994
1144,0.609438
1145,0.273284
1146,0.34165
1147,0.258117
1148,0.323051
1149,0.125534
1150,0.881107
1151,0.771147
1152,0.82055
1153,0.75972
1154,0.811391
1155,0.512681
1156,0.589901
1157,0.492136
1158,0.878005
1159,0.87764
1160,0.744456
1161,0.798836
1162,0.874819
1163,0.856622
1164,0.850307
1165,0.300112
1166,0.650396
1167,0.626523
1168,0.758197
1169,0.738304
1170,0.291138
1171,0.144453
1172,0.181816
1173,0.171924
1174,0.446284
1175,0.420553
1176,0.576229
1177,0.549692
1178,0.830911
1179,0.81932
1180,0.858824
1181,0.855156
1182,0.614929
1183,0.459329
1184,0.485137
1185,0.18774
1186,0.201514
1187,0.148543
1188,0.151387
1189,0.261147
1190,0.241432
1191,0.370033
1192,0.343994
1193,0.697498
1194,0.673183
1195,0.789697
1196,0.770878
1197,0.768476
1198,0.786809
1199,0.663335
1200,0.685386
1201,0.334479
1202,0.356995
1203,0.231197
1204,0.245857
1205,0.153524
1206,0.146441
1207,0.205308
1208,0.185772
1209,0.494223
1210,0.464697
1211,0.619326
1212,0.59262
1213,0.844937
1214,0.83442
1215,0.860516
1216,0.862761
1217,0.814181
1218,0.823512
1219,0.535602
1220,0.560318
1221,0.402438
1222,0.426818
1223,0.160623
1224,0.168364
1225,0.131959
1226,0.131289
1227,0.292877
1228,0.269581
1229,0.410525
1230,0.385071
1231,0.730184
1232,0.708862
1233,0.81226
1234,0.798486
1235,0.724936
1236,0.74298
1237,0.607443
1238,0.631099
1239,0.283807
1240,0.304369
1241,0.191389
1242,0.208412
1243,0.158861
1244,0.151677
1245,0.231524
1246,0.213191
1247,0.540671
1248,0.514862
1249,0.665521
1250,0.643005
1251,0.851457
1252,0.848614
1253,0.840724
1254,0.847147
1255,0.777063
1256,0.792638
1257,0.476673
1258,0.503294
1259,0.349604
1260,0.373477
1261,0.143378
1262,0.149693
1263,0.139484
1264,0.137239
1265,0.336665
1266,0.314613
1267,0.464398
1268,0.439682
1269,0.768803
1270,0.754143
1271,0.839376
1272,0.831636
1273,0.854879
1274,0.855547
1275,0.677961
1276,0.699888
1277,0.553716
1278,0.579447
1279,0.241803
1280,0.261696
1281,0.169089
1282,0.18068
1283,0.185819
1284,0.176488
1285,0.275064
1286,0.25702
1287,0.597562
1288,0.573182
1289,0.716193
1290,0.695632
1291,0.868711
1292,0.818184
1293,0.828076
1294,0.738853
1295,0.758568
1296,0.423771
1297,0.450308
1298,0.302502
1299,0.326817
1300,0.141176
1301,0.144844
1302,0.159276
1303,0.152852
1304,0.392557
1305,0.368901
1306,0.523327
1307,0.496706
1308,0.808611
1309,0.791588
1310,0.846476
1311,0.853559
1312,0.629967
1313,0.656007
1314,0.505777
1315,0.535303
1316,0.210303
1317,0.229122
1318,0.155063
1319,0.16558
1320,0.222936
1321,0.207362
1322,0.322039
1323,0.794692
1324,0.814228
1325,0.707123
1326,0.730419
1327,0.380674
1328,0.40738
1329,0.269816
1330,0.145121
1331,0.868041
1332,0.841139
1333,0.848323
1334,0.589475
1335,0.863592
1336,0.852888
1337,0.343848
1338,0.648616
1339,0.760188
1340,0.725637
1341,0.870485
1342,0.206223
1343,0.180794
1344,0.473899
1345,0.429026
1346,0.562921
1347,0.51729
1348,0.814806
1349,0.78824
1350,0.851165
1351,0.835862
1352,0.351384
1353,0.136408
1354,0.147112
1355,0.1283
1356,0.129515
1357,0.268548
1358,0.235427
1359,0.343905
1360,0.303804
1361,0.648116
1362,0.605046
1363,0.725052
1364,0.687126
1365,0.871107
1366,0.86525
1367,0.656152
1368,0.5261
1369,0.570974
1370,0.239812
1371,0.274363
1372,0.185194
1373,0.21176
1374,0.145655
1375,0.135252
1376,0.180993
1377,0.159996
1378,0.428507
1379,0.384106
1380,0.517039
1381,0.47128
1382,0.789476
1383,0.758268
1384,0.835902
1385,0.813482
1386,0.793777
1387,0.819206
1388,0.731452
1389,0.764573
1390,0.437079
1391,0.48271
1392,0.351883
1393,0.394954
1394,0.148835
1395,0.164138
1396,0.128893
1397,0.13475
1398,0.234599
1399,0.203798
1400,0.302778
1401,0.265614
1402,0.604715
1403,0.561196
1404,0.687586
1405,0.8717
1406,0.854345
1407,0.864748
1408,0.656095
1409,0.696196
1410,0.571493
1411,0.615894
1412,0.274948
1413,0.312874
1414,0.210525
1415,0.241732
1416,0.132058
1417,0.126876
1418,0.158391
1419,0.144895
1420,0.384535
1421,0.819007
1422,0.840004
1423,0.765402
1424,0.796202
1425,0.482961
1426,0.52872
1427,0.395285
1428,0.438804
1429,0.164098
1430,0.186518
1431,0.867942
1432,0.873124
1433,0.697222
1434,0.734386
1435,0.615465
1436,0.312415
1437,0.841609
1438,0.855105
1439,0.878514
1440,0.866697
1441,0.415274
1442,0.692383
1443,0.781715
1444,0.738864
1445,0.883057
1446,0.879306
1447,0.882826
1448,0.261883
1449,0.219421
1450,0.529197
1451,0.471431
1452,0.585128
1453,0.52846
1454,0.814912
1455,0.779195
1456,0.842342
1457,0.813682
1458,0.117309
1459,0.134274
1460,0.122402
1461,0.308878
1462,0.261717
1463,0.360479
1464,0.309356
1465,0.639588
1466,0.585126
1467,0.691102
1468,0.640339
1469,0.864281
1470,0.84348
1471,0.360071
1472,0.414826
1473,0.157073
1474,0.185463
1475,0.13528
1476,0.156153
1477,0.157312
1478,0.136152
1479,0.186562
1480,0.157616
1481,0.415086
1482,0.360616
1483,0.471618
1484,0.739749
1485,0.864495
1486,0.690848
1487,0.585056
1488,0.639514
1489,0.308605
1490,0.359636
1491,0.260095
1492,0.307304
1493,0.121637
1494,0.132952
1495,0.11672
1496,0.120604
1497,0.221224
1498,0.185553
1499,0.814016
1500,0.843247
1501,0.779653
1502,0.815245
1503,0.528334
1504,0.58459
1505,0.470684
1506,0.528626
1507,0.217592
1508,0.260486
1509,0.184182
1510,0.121054
1511,0.879533
1512,0.738282
1513,0.781167
1514,0.691423
1515,0.738401
1516,0.414661
1517,0.471105
1518,0.866312
1519,0.878229
1520,0.843516
1521,0.639191
1522,0.888331
1523,0.870236
1524,0.712502
1525,0.787137
1526,0.739235
1527,0.891779
1528,0.881578
1529,0.893543
1530,0.888497
1531,0.256899
1532,0.561462
1533,0.496121
1534,0.593456
1535,0.529478
1536,0.809246
1537,0.765492
1538,0.829406
1539,0.789015
1540,0.891643
1541,0.892854
1542,0.117643
1543,0.153487
1544,0.127993
1545,0.339169
1546,0.282381
1547,0.36937
1548,0.310862
1549,0.625811
1550,0.562306
1551,0.656573
1552,0.594199
1553,0.844239
1554,0.807897
1555,0.857552
1556,0.825986
1557,0.287498
1558,0.11167
1559,0.129764
1560,0.108221
1561,0.118422
1562,0.170117
1563,0.13924
1564,0.189195
1565,0.154531
1566,0.40147
1567,0.340192
1568,0.433326
1569,0.368725
1570,0.685117
1571,0.624646
1572,0.712875
1573,0.656323
1574,0.868501
1575,0.843386
1576,0.881059
1577,0.859667
1578,0.438538
1579,0.503879
1580,0.212863
1581,0.260765
1582,0.190754
1583,0.234508
1584,0.106457
1585,0.111503
1586,0.10865
1587,0.108357
1588,0.210752
1589,0.169332
1590,0.231485
1591,0.188383
1592,0.464332
1593,0.401086
1594,0.498163
1595,0.43398
1596,0.740367
1597,0.686016
1598,0.765162
1599,0.882357
1600,0.743101
1601,0.660831
1602,0.717619
1603,0.406544
1604,0.470522
1605,0.374189
1606,0.437694
1607,0.170594
1608,0.210985
1609,0.155762
1610,0.192103
1611,0.111883
1612,0.107146
1613,0.118393
1614,0.110158
1615,0.258662
1616,0.212876
1617,0.285201
1618,0.232654
1619,0.531004
1620,0.464602
1621,0.846513
1622,0.872007
1623,0.829883
1624,0.86076
1625,0.63063
1626,0.689138
1627,0.59853
1628,0.659808
1629,0.343427
1630,0.405801
1631,0.314883
1632,0.375354
1633,0.142448
1634,0.174014
1635,0.131499
1636,0.156614
1637,0.131453
1638,0.113457
1639,0.13961
1640,0.311309
1641,0.810805
1642,0.84547
1643,0.789248
1644,0.830668
1645,0.566674
1646,0.631275
1647,0.535668
1648,0.598914
1649,0.287125
1650,0.343677
1651,0.259632
1652,0.313985
1653,0.118941
1654,0.140334
1655,0.89135
1656,0.888118
1657,0.768515
1658,0.811617
1659,0.741338
1660,0.787124
1661,0.501837
1662,0.56602
1663,0.468996
1664,0.535397
1665,0.234838
1666,0.881607
1667,0.889842
1668,0.868547
1669,0.886543
1670,0.714799
1671,0.767346
1672,0.688691
1673,0.86039
1674,0.900112
1675,0.882146
1676,0.743998
1677,0.805518
1678,0.754817
1679,0.90053
1680,0.883993
1681,0.900754
1682,0.889895
1683,0.307943
1684,0.607389
1685,0.538775
1686,0.621072
1687,0.552191
1688,0.813303
1689,0.765655
1690,0.823358
1691,0.776789
1692,0.904107
1693,0.895172
1694,0.904416
1695,0.896863
1696,0.190118
1697,0.149777
1698,0.387062
1699,0.321329
1700,0.400184
1701,0.333745
1702,0.633938
1703,0.565973
1704,0.647564
1705,0.580353
1706,0.832311
1707,0.786637
1708,0.838021
1709,0.795244
1710,0.900091
1711,0.901461
1712,0.096808
1713,0.099435
1714,0.095474
1715,0.199704
1716,0.158606
1717,0.210044
1718,0.165695
1719,0.41344
1720,0.346744
1721,0.428328
1722,0.36155
1723,0.660126
1724,0.59359
1725,0.673378
1726,0.608192
1727,0.847273
1728,0.806338
1729,0.854682
1730,0.813864
1731,0.902073
1732,0.903192
1733,0.352833
1734,0.133207
1735,0.167489
1736,0.126033
1737,0.161492
1738,0.102345
1739,0.095167
1740,0.104017
1741,0.096178
1742,0.220071
1743,0.174674
1744,0.23161
1745,0.184472
1746,0.441923
1747,0.373875
1748,0.456098
1749,0.387102
1750,0.685851
1751,0.620391
1752,0.697475
1753,0.633131
1754,0.859156
1755,0.822602
1756,0.866793
1757,0.832511
1758,0.904526
1759,0.502536
1760,0.572349
1761,0.278039
1762,0.340347
1763,0.267026
1764,0.327329
1765,0.123071
1766,0.153364
1767,0.117445
1768,0.146424
1769,0.108401
1770,0.09684
1771,0.112817
1772,0.098932
1773,0.241371
1774,0.190734
1775,0.251014
1776,0.198489
1777,0.468949
1778,0.398875
1779,0.481899
1780,0.412959
1781,0.708884
1782,0.647167
1783,0.721961
1784,0.659653
1785,0.873967
1786,0.838508
1787,0.876929
1788,0.846636
1789,0.896834
1790,0.781255
1791,0.714788
1792,0.769952
1793,0.488956
1794,0.559095
1795,0.475265
1796,0.544925
1797,0.255511
1798,0.315115
1799,0.244484
1800,0.30275
1801,0.115983
1802,0.142631
1803,0.110418
1804,0.133304
1805,0.116225
1806,0.098353
1807,0.119943
1808,0.100974
1809,0.260165
1810,0.208388
1811,0.273055
1812,0.218745
1813,0.497464
1814,0.427651
1815,0.511044
1816,0.440905
1817,0.732974
1818,0.672671
1819,0.744489
1820,0.684885
1821,0.882555
1822,0.853576
1823,0.884017
1824,0.857369
1825,0.868897
1826,0.891186
1827,0.860593
1828,0.886094
1829,0.70276
1830,0.760656
1831,0.691049
1832,0.74903
1833,0.460793
1834,0.531204
1835,0.447752
1836,0.518456
1837,0.234373
1838,0.291007
1839,0.22286
1840,0.27803
1841,0.103992
1842,0.126067
1843,0.101976
1844,0.123181
1845,0.124562
1846,0.103166
1847,0.131103
1848,0.108814
1849,0.285212
1850,0.230048
1851,0.29724
1852,0.239344
1853,0.524735
1854,0.455075
1855,0.539207
1856,0.468796
1857,0.755516
1858,0.69725
1859,0.765627
1860,0.708993
1861,0.889582
1862,0.866696
1863,0.896008
1864,0.873933
1865,0.855412
1866,0.883143
1867,0.848525
1868,0.878845
1869,0.678412
1870,0.739324
1871,0.666796
1872,0.727481
1873,0.434002
1874,0.503339
1875,0.419513
1876,0.489928
1877,0.212502
1878,0.268376
1879,0.205083
1880,0.256002
1881,0.099888
1882,0.117854
1883,0.09947
1884,0.116007
1885,0.139406
1886,0.113906
1887,0.144588
1888,0.116857
1889,0.308951
1890,0.25097
1891,0.321588
1892,0.260676
1893,0.552248
1894,0.481543
1895,0.565998
1896,0.496661
1897,0.77714
1898,0.72197
1899,0.787498
1900,0.731624
1901,0.898024
1902,0.876819
1903,0.842184
1904,0.87499
1905,0.834681
1906,0.868658
1907,0.653307
1908,0.716328
1909,0.640124
1910,0.702996
1911,0.40748
1912,0.476293
1913,0.392611
1914,0.461225
1915,0.194482
1916,0.245183
1917,0.186697
1918,0.234345
1919,0.099246
1920,0.110105
1921,0.095893
1922,0.104828
1923,0.151475
1924,0.121155
1925,0.157816
1926,0.12501
1927,0.333204
1928,0.272519
1929,0.346693
1930,0.283672
1931,0.580487
1932,0.510072
1933,0.592521
1934,0.523707
1935,0.794917
1936,0.905328
1937,0.903872
1938,0.826437
1939,0.861093
1940,0.815995
1941,0.855511
1942,0.627196
1943,0.692057
1944,0.612938
1945,0.678671
1946,0.378928
1947,0.447809
1948,0.366062
1949,0.434027
1950,0.176642
1951,0.223211
1952,0.167689
1953,0.213364
1954,0.095584
1955,0.103137
1956,0.094672
1957,0.099909
1958,0.165319
1959,0.131342
1960,0.173563
1961,0.138907
1962,0.359876
1963,0.297004
1964,0.372804
1965,0.903241
1966,0.900454
1967,0.809882
1968,0.850223
1969,0.800295
1970,0.841394
1971,0.599816
1972,0.666255
1973,0.58656
1974,0.653256
1975,0.352436
1976,0.419647
1977,0.339874
1978,0.40641
1979,0.161979
1980,0.204756
1981,0.152727
1982,0.193662
1983,0.096128
1984,0.098539
1985,0.096759
1986,0.097927
1987,0.184005
1988,0.144489
1989,0.900565
1990,0.897655
1991,0.904833
1992,0.789956
1993,0.834305
1994,0.779929
1995,0.825326
1996,0.571672
1997,0.638451
1998,0.558077
1999,0.626124
2000,0.326622
2001,0.391808
2002,0.314149
2003,0.379609
2004,0.145318
2005,0.186136
2006,0.140844
2007,0.177398
2008,0.099547
2009,0.895983
2010,0.903822
2011,0.891599
2012,0.90316
2013,0.76839
2014,0.815528
2015,0.758629
2016,0.809266
2017,0.543902
2018,0.612898
2019,0.531051
2020,0.601125
2021,0.302525
2022,0.366869
2023,0.291116
2024,0.887183
2025,0.901068
2026,0.883775
2027,0.901647
2028,0.748986
2029,0.801511
2030,0.739835
2031,0.791612
2032,0.518101
2033,0.587041
2034,0.880057
2035,0.899026
2036,0.875438
2037,0.726945
2038,0.735933
2039,0.875235
2040,0.442529
2041,0.587463
2042,0.56669
2043,0.827723
2044,0.817722
2045,0.871927
2046,0.867939
2047,0.126008
2048,0.125068
2049,0.289365
2050,0.271955
2051,0.402232
2052,0.381787
2053,0.701874
2054,0.683605
2055,0.794321
2056,0.780923
2057,0.49476
2058,0.20554
2059,0.218693
2060,0.145083
2061,0.152552
2062,0.166916
2063,0.157068
2064,0.240472
2065,0.225985
2066,0.525861
2067,0.505306
2068,0.647407
2069,0.627398
2070,0.854777
2071,0.847175
2072,0.876351
2073,0.875332
2074,0.774251
2075,0.655365
2076,0.674988
2077,0.352264
2078,0.372379
2079,0.247357
2080,0.263855
2081,0.123834
2082,0.124626
2083,0.141244
2084,0.134711
2085,0.344611
2086,0.324969
2087,0.463766
2088,0.443462
2089,0.752294
2090,0.736355
2091,0.82787
2092,0.817906
2093,0.858671
2094,0.865295
2095,0.800815
2096,0.814121
2097,0.536257
2098,0.557139
2099,0.412074
2100,0.432676
2101,0.171969
2102,0.182005
2103,0.128174
2104,0.132383
2105,0.199532
2106,0.186855
2107,0.29046
2108,0.272986
2109,0.588633
2110,0.567638
2111,0.702765
2112,0.684376
2113,0.871658
2114,0.867598
2115,0.874
2116,0.875088
2117,0.710214
2118,0.727346
2119,0.597185
2120,0.617462
2121,0.297407
2122,0.315647
2123,0.205314
2124,0.218873
2125,0.126447
2126,0.124837
2127,0.167048
2128,0.156798
2129,0.402997
2130,0.382425
2131,0.526533
2132,0.506176
2133,0.795134
2134,0.781612
2135,0.855238
2136,0.84724
2137,0.832814
2138,0.842726
2139,0.758673
2140,0.77309
2141,0.47343
2142,0.494178
2143,0.3525
2144,0.372478
2145,0.145046
2146,0.152892
2147,0.123496
2148,0.124668
2149,0.241343
2150,0.227403
2151,0.345379
2152,0.325525
2153,0.647845
2154,0.627739
2155,0.752833
2156,0.736265
2157,0.876415
2158,0.875183
2159,0.858262
2160,0.864813
2161,0.654945
2162,0.674714
2163,0.536118
2164,0.556251
2165,0.24756
2166,0.263493
2167,0.172362
2168,0.182361
2169,0.142133
2170,0.135545
2171,0.200532
2172,0.187516
2173,0.463816
2174,0.443288
2175,0.588414
2176,0.566651
2177,0.827237
2178,0.817218
2179,0.871642
2180,0.868177
2181,0.799764
2182,0.812466
2183,0.709306
2184,0.727412
2185,0.411019
2186,0.432669
2187,0.297767
2188,0.316391
2189,0.128341
2190,0.132084
2191,0.126653
2192,0.12503
2193,0.290236
2194,0.271835
2195,0.402002
2196,0.38088
2197,0.701417
2198,0.682952
2199,0.794899
2200,0.781781
2201,0.873324
2202,0.875181
2203,0.833401
2204,0.84383
2205,0.597425
2206,0.618567
2207,0.474269
2208,0.494083
2209,0.204768
2210,0.218119
2211,0.144783
2212,0.152631
2213,0.166431
2214,0.156251
2215,0.239774
2216,0.226126
2217,0.525171
2218,0.505538
2219,0.647995
2220,0.627884
2221,0.855058
2222,0.847471
2223,0.875979
2224,0.759686
2225,0.773338
2226,0.654804
2227,0.674445
2228,0.35197
2229,0.37206
2230,0.246828
2231,0.263994
2232,0.123916
2233,0.124925
2234,0.141978
2235,0.135387
2236,0.344942
2237,0.325349
2238,0.463795
2239,0.753058
2240,0.85781
2241,0.864305
2242,0.799698
2243,0.813218
2244,0.536194
2245,0.557255
2246,0.412313
2247,0.433641
2248,0.172727
2249,0.182746
2250,0.128236
2251,0.131761
2252,0.199695
2253,0.185865
2254,0.873594
2255,0.874781
2256,0.710385
2257,0.728446
2258,0.598163
2259,0.618962
2260,0.298725
2261,0.317038
2262,0.833415
2263,0.84343
2264,0.760224
2265,0.474789
2266,0.760422
2267,0.886352
2268,0.6202
2269,0.584947
2270,0.838347
2271,0.817526
2272,0.869871
2273,0.860539
2274,0.129104
2275,0.30523
2276,0.423187
2277,0.387421
2278,0.702319
2279,0.670072
2280,0.772784
2281,0.747487
2282,0.889097
2283,0.88729
2284,0.153643
2285,0.114612
2286,0.120095
2287,0.185111
2288,0.164039
2289,0.245317
2290,0.220164
2291,0.513125
2292,0.477649
2293,0.60409
2294,0.568926
2295,0.831455
2296,0.810789
2297,0.868632
2298,0.855456
2299,0.521812
2300,0.559105
2301,0.252514
2302,0.281987
2303,0.189409
2304,0.213346
2305,0.112311
2306,0.112666
2307,0.136732
2308,0.125864
2309,0.321359
2310,0.290778
2311,0.407813
2312,0.373424
2313,0.689008
2314,0.657194
2315,0.7632
2316,0.734646
2317,0.886098
2318,0.882521
2319,0.804251
2320,0.710952
2321,0.740168
2322,0.432739
2323,0.468144
2324,0.344153
2325,0.378127
2326,0.14468
2327,0.160495
2328,0.118102
2329,0.127206
2330,0.177807
2331,0.160185
2332,0.236645
2333,0.210959
2334,0.498261
2335,0.461288
2336,0.587206
2337,0.550357
2338,0.819874
2339,0.797083
2340,0.860839
2341,0.846008
2342,0.876763
2343,0.882578
2344,0.84339
2345,0.858958
2346,0.628781
2347,0.661662
2348,0.539309
2349,0.575827
2350,0.265395
2351,0.296583
2352,0.202866
2353,0.228775
2354,0.114349
2355,0.113833
2356,0.130956
2357,0.120783
2358,0.307771
2359,0.275708
2360,0.388934
2361,0.354933
2362,0.671416
2363,0.638268
2364,0.747467
2365,0.718029
2366,0.885245
2367,0.87955
2368,0.7904
2369,0.813925
2370,0.724137
2371,0.753922
2372,0.449853
2373,0.487152
2374,0.36294
2375,0.397117
2376,0.155696
2377,0.172049
2378,0.123011
2379,0.13282
2380,0.166048
2381,0.14969
2382,0.221209
2383,0.19613
2384,0.478619
2385,0.441137
2386,0.567714
2387,0.532246
2388,0.810069
2389,0.786291
2390,0.855005
2391,0.838991
2392,0.882638
2393,0.887418
2394,0.851103
2395,0.863484
2396,0.646324
2397,0.679115
2398,0.558555
2399,0.593703
2400,0.282422
2401,0.312869
2402,0.213781
2403,0.239492
2404,0.113022
2405,0.114095
2406,0.123789
2407,0.11693
2408,0.289558
2409,0.260345
2410,0.371952
2411,0.338402
2412,0.65569
2413,0.621424
2414,0.733997
2415,0.702183
2416,0.880419
2417,0.869893
2418,0.886208
2419,0.802413
2420,0.823783
2421,0.739084
2422,0.76699
2423,0.467854
2424,0.50492
2425,0.37957
2426,0.415014
2427,0.161913
2428,0.182349
2429,0.128421
2430,0.138021
2431,0.156374
2432,0.140558
2433,0.209557
2434,0.186225
2435,0.460132
2436,0.423093
2437,0.548868
2438,0.511768
2439,0.794698
2440,0.768636
2441,0.843138
2442,0.827666
2443,0.883474
2444,0.887257
2445,0.85888
2446,0.87095
2447,0.662625
2448,0.694764
2449,0.57663
2450,0.612238
2451,0.297592
2452,0.329402
2453,0.225812
2454,0.251942
2455,0.11049
2456,0.112903
2457,0.117974
2458,0.112924
2459,0.274664
2460,0.244316
2461,0.35254
2462,0.320434
2463,0.635568
2464,0.602201
2465,0.717141
2466,0.687184
2467,0.877434
2468,0.867435
2469,0.815181
2470,0.836145
2471,0.754311
2472,0.780275
2473,0.486436
2474,0.522344
2475,0.396311
2476,0.431701
2477,0.168303
2478,0.188954
2479,0.131715
2480,0.145271
2481,0.148736
2482,0.137334
2483,0.197974
2484,0.17712
2485,0.440886
2486,0.406503
2487,0.532327
2488,0.494949
2489,0.786158
2490,0.887449
2491,0.887278
2492,0.864241
2493,0.874504
2494,0.678757
2495,0.709876
2496,0.593001
2497,0.627547
2498,0.311399
2499,0.343207
2500,0.237544
2501,0.266431
2502,0.114998
2503,0.11839
2504,0.117283
2505,0.112947
2506,0.261255
2507,0.233242
2508,0.822797
2509,0.839454
2510,0.76376
2511,0.789335
2512,0.502366
2513,0.539334
2514,0.413973
2515,0.450877
2516,0.181846
2517,0.203989
2518,0.139337
2519,0.140679
2520,0.884573
2521,0.86974
2522,0.880368
2523,0.692714
2524,0.725168
2525,0.612017
2526,0.645585
2527,0.32984
2528,0.362332
2529,0.834859
2530,0.851172
2531,0.77947
2532,0.887294
2533,0.894923
2534,0.657135
2535,0.612291
2536,0.849657
2537,0.824502
2538,0.874366
2539,0.85774
2540,0.154806
2541,0.349774
2542,0.456924
2543,0.409254
2544,0.711982
2545,0.669484
2546,0.76241
2547,0.725743
2548,0.89185
2549,0.881428
2550,0.896491
2551,0.890924
2552,0.105421
2553,0.102488
2554,0.219634
2555,0.187566
2556,0.266987
2557,0.231112
2558,0.518459
2559,0.472187
2560,0.582766
2561,0.535866
2562,0.807689
2563,0.774458
2564,0.840387
2565,0.814656
2566,0.417733
2567,0.19381
2568,0.137504
2569,0.159096
2570,0.116643
2571,0.108044
2572,0.139527
2573,0.122632
2574,0.32197
2575,0.281401
2576,0.38077
2577,0.336452
2578,0.642894
2579,0.597663
2580,0.699955
2581,0.65747
2582,0.868482
2583,0.850197
2584,0.888292
2585,0.87514
2586,0.57425
2587,0.620934
2588,0.314336
2589,0.358262
2590,0.261801
2591,0.300168
2592,0.115096
2593,0.129835
2594,0.105889
2595,0.113604
2596,0.169622
2597,0.146217
2598,0.209576
2599,0.1801
2600,0.44164
2601,0.394833
2602,0.504593
2603,0.457012
2604,0.751535
2605,0.712505
2606,0.796536
2607,0.763455
2608,0.896163
2609,0.891202
2610,0.897512
2611,0.831918
2612,0.758505
2613,0.792431
2614,0.512218
2615,0.558953
2616,0.448311
2617,0.495514
2618,0.213331
2619,0.248956
2620,0.175098
2621,0.205529
2622,0.105773
2623,0.10452
2624,0.113998
2625,0.10533
2626,0.256495
2627,0.21971
2628,0.30816
2629,0.2675
2630,0.566301
2631,0.519197
2632,0.628466
2633,0.582267
2634,0.835278
2635,0.80619
2636,0.862496
2637,0.840904
2638,0.890573
2639,0.895952
2640,0.873155
2641,0.88649
2642,0.705939
2643,0.743383
2644,0.648288
2645,0.69153
2646,0.387098
2647,0.434288
2648,0.329656
2649,0.372357
2650,0.143082
2651,0.16517
2652,0.119321
2653,0.136665
2654,0.132888
2655,0.117434
2656,0.162206
2657,0.139759
2658,0.365122
2659,0.32133
2660,0.42575
2661,0.379066
2662,0.685664
2663,0.641738
2664,0.738199
2665,0.699832
2666,0.884904
2667,0.870165
2668,0.894111
2669,0.886396
2670,0.845009
2671,0.865573
2672,0.809507
2673,0.83637
2674,0.589975
2675,0.635066
2676,0.527185
2677,0.574352
2678,0.27349
2679,0.314158
2680,0.22482
2681,0.261239
2682,0.107074
2683,0.114664
2684,0.1034
2685,0.105077
2686,0.198338
2687,0.168082
2688,0.241495
2689,0.207569
2690,0.487782
2691,0.441047
2692,0.551689
2693,0.504486
2694,0.786669
2695,0.751044
2696,0.824902
2697,0.794471
2698,0.89548
2699,0.889643
2700,0.895276
2701,0.767703
2702,0.801393
2703,0.71872
2704,0.757399
2705,0.463995
2706,0.511478
2707,0.402242
2708,0.449463
2709,0.183313
2710,0.214247
2711,0.150343
2712,0.175498
2713,0.109427
2714,0.104048
2715,0.126844
2716,0.11351
2717,0.294061
2718,0.256617
2719,0.351712
2720,0.30847
2721,0.612902
2722,0.565712
2723,0.670344
2724,0.627643
2725,0.856918
2726,0.83483
2727,0.880679
2728,0.863335
2729,0.878149
2730,0.89077
2731,0.854778
2732,0.872002
2733,0.663731
2734,0.706272
2735,0.605542
2736,0.650226
2737,0.342865
2738,0.387709
2739,0.288018
2740,0.330516
2741,0.125634
2742,0.14226
2743,0.10815
2744,0.118572
2745,0.154991
2746,0.134427
2747,0.190493
2748,0.16363
2749,0.410025
2750,0.364934
2751,0.472815
2752,0.425648
2753,0.726509
2754,0.685842
2755,0.77518
2756,0.738761
2757,0.892926
2758,0.885336
2759,0.819571
2760,0.845194
2761,0.780366
2762,0.812434
2763,0.543076
2764,0.590746
2765,0.481541
2766,0.527813
2767,0.23759
2768,0.274257
2769,0.192311
2770,0.225542
2771,0.103509
2772,0.109076
2773,0.110357
2774,0.104724
2775,0.232297
2776,0.198607
2777,0.28128
2778,0.242601
2779,0.536005
2780,0.488522
2781,0.597758
2782,0.550537
2783,0.816687
2784,0.785753
2785,0.894579
2786,0.883357
2787,0.891956
2788,0.733013
2789,0.768888
2790,0.67803
2791,0.718599
2792,0.417234
2793,0.464134
2794,0.357106
2795,0.402337
2796,0.159612
2797,0.185344
2798,0.131518
2799,0.149803
2800,0.121851
2801,0.10923
2802,0.145222
2803,0.127998
2804,0.336269
2805,0.293728
2806,0.394458
2807,0.860473
2808,0.877369
2809,0.830378
2810,0.853783
2811,0.61923
2812,0.663549
2813,0.55836
2814,0.605167
2815,0.300045
2816,0.342531
2817,0.248465
2818,0.287495
2819,0.111708
2820,0.12486
2821,0.103837
2822,0.108798
2823,0.180429
2824,0.894227
2825,0.790424
2826,0.8199
2827,0.743505
2828,0.78029
2829,0.495407
2830,0.542988
2831,0.433699
2832,0.480803
2833,0.203465
2834,0.236545
2835,0.164722
2836,0.886002
2837,0.89467
2838,0.867112
2839,0.882566
2840,0.69184
2841,0.7325
2842,0.634878
2843,0.67867
2844,0.371534
2845,0.837794
2846,0.860241
2847,0.801662
2848,0.8966
2849,0.901379
2850,0.643659
2851,0.859735
2852,0.832982
2853,0.87894
2854,0.857486
2855,0.401896
2856,0.496889
2857,0.441686
2858,0.727641
2859,0.681052
2860,0.76286
2861,0.718019
2862,0.893792
2863,0.875814
2864,0.901387
2865,0.887823
2866,0.101927
2867,0.264758
2868,0.222104
2869,0.299377
2870,0.252806
2871,0.537802
2872,0.482314
2873,0.578456
2874,0.523717
2875,0.792342
2876,0.750561
2877,0.81834
2878,0.781876
2879,0.90443
2880,0.897305
2881,0.902404
2882,0.125223
2883,0.099514
2884,0.113029
2885,0.133252
2886,0.114173
2887,0.153266
2888,0.129079
2889,0.33601
2890,0.287112
2891,0.375501
2892,0.324002
2893,0.618413
2894,0.564914
2895,0.6575
2896,0.606144
2897,0.841336
2898,0.809082
2899,0.86085
2900,0.834049
2901,0.476455
2902,0.207724
2903,0.248976
2904,0.181316
2905,0.216888
2906,0.095745
2907,0.102695
2908,0.096424
2909,0.097862
2910,0.177837
2911,0.147541
2912,0.204499
2913,0.170202
2914,0.415327
2915,0.363053
2916,0.456713
2917,0.402058
2918,0.694673
2919,0.644288
2920,0.728786
2921,0.681725
2922,0.87919
2923,0.857439
2924,0.893278
2925,0.874777
2926,0.624578
2927,0.675944
2928,0.381354
2929,0.434625
2930,0.341667
2931,0.392838
2932,0.157969
2933,0.19039
2934,0.139272
2935,0.166317
2936,0.098695
2937,0.094519
2938,0.107254
2939,0.097623
2940,0.2341
2941,0.193785
2942,0.265057
2943,0.222162
2944,0.49736
2945,0.441792
2946,0.537838
2947,0.482454
2948,0.763402
2949,0.718222
2950,0.792276
2951,0.751024
2952,0.900486
2953,0.886971
2954,0.904255
2955,0.897305
2956,0.82298
2957,0.852816
2958,0.795626
2959,0.829928
2960,0.584296
2961,0.636269
2962,0.542408
2963,0.596954
2964,0.304502
2965,0.355198
2966,0.2714
2967,0.318599
2968,0.121019
2969,0.14262
2970,0.106892
2971,0.124588
2972,0.118999
2973,0.101483
2974,0.132734
2975,0.112703
2976,0.299425
2977,0.252416
2978,0.336069
2979,0.287048
2980,0.578434
2981,0.523545
2982,0.618646
2983,0.565375
2984,0.818684
2985,0.783113
2986,0.842031
2987,0.80961
2988,0.902138
2989,0.901147
2990,0.905718
2991,0.89335
2992,0.902506
2993,0.765248
2994,0.805031
2995,0.733473
2996,0.775792
2997,0.502043
2998,0.557637
2999,0.462074
3000,0.517708
3001,0.236671
3002,0.281792
3003,0.207559
3004,0.249054
3005,0.098501
3006,0.111884
3007,0.094862
3008,0.102928
3009,0.151081
3010,0.127923
3011,0.17702
3012,0.147184
3013,0.375422
3014,0.324056
3015,0.415704
3016,0.363731
3017,0.658333
3018,0.607162
3019,0.695498
3020,0.644802
3021,0.860728
3022,0.833683
3023,0.878981
3024,0.857379
3025,0.880539
3026,0.897149
3027,0.864329
3028,0.884946
3029,0.699787
3030,0.746719
3031,0.664072
3032,0.713195
3033,0.421521
3034,0.476245
3035,0.381529
3036,0.434875
3037,0.181109
3038,0.217258
3039,0.158369
3040,0.191234
3041,0.09705
3042,0.098621
3043,0.098853
3044,0.094282
3045,0.204374
3046,0.170072
3047,0.234752
3048,0.194969
3049,0.457592
3050,0.403046
3051,0.497957
3052,0.442363
3053,0.7286
3054,0.681401
3055,0.763329
3056,0.718208
3057,0.893107
3058,0.875412
3059,0.901499
3060,0.888116
3061,0.846204
3062,0.870995
3063,0.822851
3064,0.852802
3065,0.624397
3066,0.67566
3067,0.584415
3068,0.636739
3069,0.342134
3070,0.393579
3071,0.305517
3072,0.356341
3073,0.140265
3074,0.167018
3075,0.12106
3076,0.142514
3077,0.10665
3078,0.097494
3079,0.119461
3080,0.102851
3081,0.266527
3082,0.224208
3083,0.300212
3084,0.253281
3085,0.537926
3086,0.482292
3087,0.578479
3088,0.523755
3089,0.792441
3090,0.750946
3091,0.818891
3092,0.782742
3093,0.905138
3094,0.897072
3095,0.903533
3096,0.901448
3097,0.905684
3098,0.795353
3099,0.829708
3100,0.765819
3101,0.806411
3102,0.543104
3103,0.598104
3104,0.503111
3105,0.558314
3106,0.272359
3107,0.318948
3108,0.23714
3109,0.281982
3110,0.106208
3111,0.124186
3112,0.098613
3113,0.112177
3114,0.135671
3115,0.115054
3116,0.153795
3117,0.129005
3118,0.335928
3119,0.286805
3120,0.375603
3121,0.32434
3122,0.618471
3123,0.565125
3124,0.657866
3125,0.606421
3126,0.841631
3127,0.808766
3128,0.893232
3129,0.90291
3130,0.881438
3131,0.898073
3132,0.735242
3133,0.777896
3134,0.700623
3135,0.747194
3136,0.462198
3137,0.517686
3138,0.421544
3139,0.476283
3140,0.207658
3141,0.249439
3142,0.18166
3143,0.218124
3144,0.09557
3145,0.102695
3146,0.096467
3147,0.097596
3148,0.177149
3149,0.147198
3150,0.204647
3151,0.170292
3152,0.415585
3153,0.363261
3154,0.456896
3155,0.694483
3156,0.866748
3157,0.885827
3158,0.846734
3159,0.870921
3160,0.66399
3161,0.712888
3162,0.624499
3163,0.675998
3164,0.381587
3165,0.435086
3166,0.3425
3167,0.393856
3168,0.158664
3169,0.190918
3170,0.139151
3171,0.165951
3172,0.098552
3173,0.094316
3174,0.106768
3175,0.09709
3176,0.234181
3177,0.193589
3178,0.903576
3179,0.822163
3180,0.852458
3181,0.795501
3182,0.829798
3183,0.584673
3184,0.636947
3185,0.543287
3186,0.597942
3187,0.305327
3188,0.355712
3189,0.271214
3190,0.318275
3191,0.12081
3192,0.142561
3193,0.106722
3194,0.118562
3195,0.901305
3196,0.905481
3197,0.892746
3198,0.902377
3199,0.7659
3200,0.806215
3201,0.734943
3202,0.777838
3203,0.50264
3204,0.558208
3205,0.462162
3206,0.517546
3207,0.236599
3208,0.281778
3209,0.881001
3210,0.898517
3211,0.867266
3212,0.887297
3213,0.700575
3214,0.747584
3215,0.663931
3216,0.712952
3217,0.421566
3218,0.848919
3219,0.872077
3220,0.90295
3221,0.915842
3222,0.911922
3223,0.680198
3224,0.878679
3225,0.848689
3226,0.884819
3227,0.858318
3228,0.541305
3229,0.481301
3230,0.752245
3231,0.70124
3232,0.769911
3233,0.721444
3234,0.892157
3235,0.870506
3236,0.898488
3237,0.878087
3238,0.121247
3239,0.32104
3240,0.269128
3241,0.342346
3242,0.288264
3243,0.564482
3244,0.503931
3245,0.587366
3246,0.527095
3247,0.787162
3248,0.739887
3249,0.801229
3250,0.7557
3251,0.903184
3252,0.886732
3253,0.910715
3254,0.898667
3255,0.081187
3256,0.080718
3257,0.166469
3258,0.133484
3259,0.17973
3260,0.143549
3261,0.363659
3262,0.308416
3263,0.385472
3264,0.32811
3265,0.60918
3266,0.548916
3267,0.629968
3268,0.570797
3269,0.813991
3270,0.772857
3271,0.831642
3272,0.792666
3273,0.918035
3274,0.908876
3275,0.921212
3276,0.914129
3277,0.16042
3278,0.117575
3279,0.146236
3280,0.084528
3281,0.078994
3282,0.087614
3283,0.078946
3284,0.195483
3285,0.157022
3286,0.210116
3287,0.16738
3288,0.406815
3289,0.348028
3290,0.428331
3291,0.369695
3292,0.65163
3293,0.594312
3294,0.67392
3295,0.61708
3296,0.848839
3297,0.809989
3298,0.859968
3299,0.824707
3300,0.917621
3301,0.919282
3302,0.534175
3303,0.262973
3304,0.313679
3305,0.241615
3306,0.289407
3307,0.106772
3308,0.132049
3309,0.09741
3310,0.119432
3311,0.093628
3312,0.079588
3313,0.098071
3314,0.081913
3315,0.22541
3316,0.182188
3317,0.243379
3318,0.198479
3319,0.451804
3320,0.392122
3321,0.475225
3322,0.415257
3323,0.695062
3324,0.639705
3325,0.715879
3326,0.662652
3327,0.872012
3328,0.83958
3329,0.882425
3330,0.853764
3331,0.921006
3332,0.74594
3333,0.67263
3334,0.723585
3335,0.44958
3336,0.507687
3337,0.422729
3338,0.481108
3339,0.220816
3340,0.267154
3341,0.202291
3342,0.24671
3343,0.089052
3344,0.10782
3345,0.083422
3346,0.099591
3347,0.106307
3348,0.08869
3349,0.117044
3350,0.094728
3351,0.261922
3352,0.213956
3353,0.281542
3354,0.23292
3355,0.499384
3356,0.439755
3357,0.524104
3358,0.465825
3359,0.737027
3360,0.686321
3361,0.758385
3362,0.710593
3363,0.893228
3364,0.867951
3365,0.90259
3366,0.880568
3367,0.843242
3368,0.871077
3369,0.827166
3370,0.856771
3371,0.647908
3372,0.700318
3373,0.622782
3374,0.677513
3375,0.397685
3376,0.45653
3377,0.374273
3378,0.432765
3379,0.184295
3380,0.227195
3381,0.1684
3382,0.209815
3383,0.080473
3384,0.093181
3385,0.077244
3386,0.085548
3387,0.126811
3388,0.102198
3389,0.140592
3390,0.11498
3391,0.303507
3392,0.25406
3393,0.32737
3394,0.276415
3395,0.55042
3396,0.492313
3397,0.577271
3398,0.518892
3399,0.779184
3400,0.732846
3401,0.797709
3402,0.75329
3403,0.910948
3404,0.89218
3405,0.916578
3406,0.900409
3407,0.911225
3408,0.904266
3409,0.910738
3410,0.809085
3411,0.844872
3412,0.792569
3413,0.832392
3414,0.598328
3415,0.655365
3416,0.575205
3417,0.633306
3418,0.351042
3419,0.409214
3420,0.329162
3421,0.386594
3422,0.155489
3423,0.19249
3424,0.14076
3425,0.176379
3426,0.076606
3427,0.08249
3428,0.080095
3429,0.084158
3430,0.156758
3431,0.128923
3432,0.172834
3433,0.143229
3434,0.352092
3435,0.299683
3436,0.377218
3437,0.322487
3438,0.602315
3439,0.54347
3440,0.625727
3441,0.567235
3442,0.815705
3443,0.772805
3444,0.8316
3445,0.790185
3446,0.919527
3447,0.906819
3448,0.922756
3449,0.914452
3450,0.900665
3451,0.910724
3452,0.896447
3453,0.910078
3454,0.776037
3455,0.818608
3456,0.758304
3457,0.802128
3458,0.551934
3459,0.61079
3460,0.528461
3461,0.587975
3462,0.307814
3463,0.363738
3464,0.286757
3465,0.341389
3466,0.129709
3467,0.163213
3468,0.121321
3469,0.151311
3470,0.088775
3471,0.088078
3472,0.095734
3473,0.089262
3474,0.190915
3475,0.155128
3476,0.207431
3477,0.167608
3478,0.401672
3479,0.344635
3480,0.424795
3481,0.366694
3482,0.648958
3483,0.590786
3484,0.670838
3485,0.613406
3486,0.844511
3487,0.80751
3488,0.85924
3489,0.823621
3490,0.923394
3491,0.91751
3492,0.891202
3493,0.907912
3494,0.881373
3495,0.903238
3496,0.739313
3497,0.786423
3498,0.719758
3499,0.768267
3500,0.505363
3501,0.565208
3502,0.481678
3503,0.542087
3504,0.266811
3505,0.319802
3506,0.247755
3507,0.29876
3508,0.115181
3509,0.141682
3510,0.107843
3511,0.129494
3512,0.099335
3513,0.089276
3514,0.103553
3515,0.089922
3516,0.223963
3517,0.181392
3518,0.241696
3519,0.197872
3520,0.448066
3521,0.38921
3522,0.471539
3523,0.412025
3524,0.692186
3525,0.636262
3526,0.713243
3527,0.658611
3528,0.870291
3529,0.836787
3530,0.872502
3531,0.897439
3532,0.860249
3533,0.888214
3534,0.699661
3535,0.750539
3536,0.67896
3537,0.730872
3538,0.458695
3539,0.518699
3540,0.435518
3541,0.496069
3542,0.230089
3543,0.278556
3544,0.212838
3545,0.260113
3546,0.101512
3547,0.121913
3548,0.096816
3549,0.113268
3550,0.108798
3551,0.092088
3552,0.118627
3553,0.096762
3554,0.260687
3555,0.213577
3556,0.280242
3557,0.231733
3558,0.494637
3559,0.434792
3560,0.518322
3561,0.457913
3562,0.733189
3563,0.920982
3564,0.848461
3565,0.878753
3566,0.833531
3567,0.866516
3568,0.657654
3569,0.711736
3570,0.636341
3571,0.691584
3572,0.412634
3573,0.472905
3574,0.39082
3575,0.451084
3576,0.198771
3577,0.2443
3578,0.186009
3579,0.227143
3580,0.089285
3581,0.101333
3582,0.081965
3583,0.091124
3584,0.127498
3585,0.102561
3586,0.139751
3587,0.111786
3588,0.300339
3589,0.249461
3590,0.918813
3591,0.915472
3592,0.82027
3593,0.856451
3594,0.804517
3595,0.842978
3596,0.614528
3597,0.67189
3598,0.593185
3599,0.651972
3600,0.370032
3601,0.429203
3602,0.34837
3603,0.405688
3604,0.168358
3605,0.207334
3606,0.151161
3607,0.190011
3608,0.078788
3609,0.085871
3610,0.079018
3611,0.082379
3612,0.151539
3613,0.912386
3614,0.921054
3615,0.906372
3616,0.920412
3617,0.789884
3618,0.83262
3619,0.77459
3620,0.817812
3621,0.571669
3622,0.630305
3623,0.548196
3624,0.607878
3625,0.32608
3626,0.38292
3627,0.304938
3628,0.360295
3629,0.140032
3630,0.175293
3631,0.127988
3632,0.901929
3633,0.918087
3634,0.893693
3635,0.91131
3636,0.756621
3637,0.801521
3638,0.738078
3639,0.786044
3640,0.524775
3641,0.584743
3642,0.500616
3643,0.560245
3644,0.284121
3645,0.337348
3646,0.882956
3647,0.905272
3648,0.873189
3649,0.897802
3650,0.718458
3651,0.76708
3652,0.696493
3653,0.475896
3654,0.859408
3655,0.88502
3656,0.919905
3657,0.924008
3658,0.923626
3659,0.709527
3660,0.887923
3661,0.857473
3662,0.889673
3663,0.8614
3664,0.923758
3665,0.924869
3666,0.58173
3667,0.51871
3668,0.769533
3669,0.718011
3670,0.776798
3671,0.726184
3672,0.893191
3673,0.867225
3674,0.899509
3675,0.874227
3676,0.315767
3677,0.384415
3678,0.32527
3679,0.591816
3680,0.529247
3681,0.601411
3682,0.539111
3683,0.783483
3684,0.734968
3685,0.792004
3686,0.743198
3687,0.903534
3688,0.878615
3689,0.904977
3690,0.881918
3691,0.075977
3692,0.204645
3693,0.162723
3694,0.213696
3695,0.171268
3696,0.394436
3697,0.33496
3698,0.404232
3699,0.343091
3700,0.611178
3701,0.548788
3702,0.620579
3703,0.559169
3704,0.800134
3705,0.75314
3706,0.806957
3707,0.76148
3708,0.907988
3709,0.885928
3710,0.908152
3711,0.887647
3712,0.077598
3713,0.094442
3714,0.095118
3715,0.079088
3716,0.102454
3717,0.085659
3718,0.221083
3719,0.176599
3720,0.226761
3721,0.18173
3722,0.413273
3723,0.352401
3724,0.423919
3725,0.363543
3726,0.631479
3727,0.570513
3728,0.641989
3729,0.581492
3730,0.814729
3731,0.770353
3732,0.820697
3733,0.776784
3734,0.910878
3735,0.892392
3736,0.917061
3737,0.900498
3738,0.389619
3739,0.210006
3740,0.159788
3741,0.200545
3742,0.077152
3743,0.093244
3744,0.077714
3745,0.090456
3746,0.108478
3747,0.088872
3748,0.110661
3749,0.089554
3750,0.234861
3751,0.189542
3752,0.24346
3753,0.196544
3754,0.435198
3755,0.374033
3756,0.446119
3757,0.384266
3758,0.653078
3759,0.591935
3760,0.661533
3761,0.601113
3762,0.824794
3763,0.782366
3764,0.831462
3765,0.789994
3766,0.922402
3767,0.905558
3768,0.922848
3769,0.906756
3770,0.524487
3771,0.587322
3772,0.320974
3773,0.379373
3774,0.310299
3775,0.368976
3776,0.154019
3777,0.193619
3778,0.147435
3779,0.185797
3780,0.078043
3781,0.088659
3782,0.076919
3783,0.087385
3784,0.1148
3785,0.092175
3786,0.118198
3787,0.093292
3788,0.252387
3789,0.203188
3790,0.261142
3791,0.212668
3792,0.456377
3793,0.39417
3794,0.466232
3795,0.403522
3796,0.669966
3797,0.610381
3798,0.679025
3799,0.620627
3800,0.840212
3801,0.799455
3802,0.845981
3803,0.806381
3804,0.922286
3805,0.909544
3806,0.921957
3807,0.911341
3808,0.773848
3809,0.714492
3810,0.765968
3811,0.513594
3812,0.576242
3813,0.502919
3814,0.566176
3815,0.301574
3816,0.359417
3817,0.291354
3818,0.348059
3819,0.141372
3820,0.179092
3821,0.138032
3822,0.174759
3823,0.076172
3824,0.08397
3825,0.074564
3826,0.080053
3827,0.120676
3828,0.095589
3829,0.128625
3830,0.102482
3831,0.270465
3832,0.220222
3833,0.27821
3834,0.226152
3835,0.475513
3836,0.412678
3837,0.486406
3838,0.423758
3839,0.689701
3840,0.631024
3841,0.698426
3842,0.640583
3843,0.852565
3844,0.814203
3845,0.858628
3846,0.820908
3847,0.923081
3848,0.912615
3849,0.923828
3850,0.91603
3851,0.861434
3852,0.89059
3853,0.856113
3854,0.886658
3855,0.704299
3856,0.758327
3857,0.695713
3858,0.748941
3859,0.492556
3860,0.554925
3861,0.481482
3862,0.544972
3863,0.282404
3864,0.339255
3865,0.274393
3866,0.329522
3867,0.133278
3868,0.16824
3869,0.126494
3870,0.159595
3871,0.072607
3872,0.078428
3873,0.074715
3874,0.076092
3875,0.134372
3876,0.105554
3877,0.138566
3878,0.10941
3879,0.285508
3880,0.234032
3881,0.295701
3882,0.241673
3883,0.497081
3884,0.433824
3885,0.507444
3886,0.445074
3887,0.708646
3888,0.651941
3889,0.717596
3890,0.660745
3891,0.861968
3892,0.825241
3893,0.866722
3894,0.83176
3895,0.925436
3896,0.919947
3897,0.921572
3898,0.923832
3899,0.922894
3900,0.850859
3901,0.882454
3902,0.844678
3903,0.878504
3904,0.685122
3905,0.74012
3906,0.675914
3907,0.730585
3908,0.471136
3909,0.534068
3910,0.460913
3911,0.524577
3912,0.26514
3913,0.319866
3914,0.255549
3915,0.308465
3916,0.120111
3917,0.152261
3918,0.115373
3919,0.146609
3920,0.073275
3921,0.075992
3922,0.076168
3923,0.076374
3924,0.143887
3925,0.113341
3926,0.149141
3927,0.117546
3928,0.304287
3929,0.251059
3930,0.314878
3931,0.25988
3932,0.518518
3933,0.455028
3934,0.528864
3935,0.465932
3936,0.725607
3937,0.670478
3938,0.73486
3939,0.680134
3940,0.873506
3941,0.840405
3942,0.879889
3943,0.847739
3944,0.923908
3945,0.921207
3946,0.921378
3947,0.9259
3948,0.8377
3949,0.870483
3950,0.829096
3951,0.864663
3952,0.665737
3953,0.722231
3954,0.657127
3955,0.714064
3956,0.450487
3957,0.512767
3958,0.438996
3959,0.501835
3960,0.245376
3961,0.299517
3962,0.238097
3963,0.290473
3964,0.112077
3965,0.142527
3966,0.110327
3967,0.1386
3968,0.077106
3969,0.076242
3970,0.078793
3971,0.075131
3972,0.155322
3973,0.121496
3974,0.1623
3975,0.129517
3976,0.324086
3977,0.269415
3978,0.334263
3979,0.277769
3980,0.539087
3981,0.475423
3982,0.549513
3983,0.487233
3984,0.744451
3985,0.691535
3986,0.754624
3987,0.700483
3988,0.884627
3989,0.853391
3990,0.917208
3991,0.922874
3992,0.913687
3993,0.923244
3994,0.823868
3995,0.860592
3996,0.81789
3997,0.855129
3998,0.646149
3999,0.702586
4000,0.635139
4001,0.693821
4002,0.428447
4003,0.491407
4004,0.41827
4005,0.48129
4006,0.230467
4007,0.281989
4008,0.223202
4009,0.273816
4010,0.106809
4011,0.132775
4012,0.100492
4013,0.125773
4014,0.078623
4015,0.0741
4016,0.082792
4017,0.077126
4018,0.170904
4019,0.135337
4020,0.176132
4021,0.139408
4022,0.342873
4023,0.285935
4024,0.353851
4025,0.297414
4026,0.561004
4027,0.498165
4028,0.571553
4029,0.508593
4030,0.761903
4031,0.911712
4032,0.921094
4033,0.910126
4034,0.921412
4035,0.809103
4036,0.849048
4037,0.802618
4038,0.843939
4039,0.62546
4040,0.684233
4041,0.615585
4042,0.67473
4043,0.408183
4044,0.470753
4045,0.398589
4046,0.460889
4047,0.216517
4048,0.265032
4049,0.207996
4050,0.256802
4051,0.096466
4052,0.121385
4053,0.095023
4054,0.118082
4055,0.086313
4056,0.076756
4057,0.088288
4058,0.078906
4059,0.18211
4060,0.144871
4061,0.190897
4062,0.150952
4063,0.364861
4064,0.306179
4065,0.37454
4066,0.908175
4067,0.922756
4068,0.907697
4069,0.924023
4070,0.795355
4071,0.837277
4072,0.786304
4073,0.828732
4074,0.605564
4075,0.66504
4076,0.595768
4077,0.656909
4078,0.388822
4079,0.451212
4080,0.379421
4081,0.440831
4082,0.199866
4083,0.24686
4084,0.193043
4085,0.23852
4086,0.092012
4087,0.114072
4088,0.091848
4089,0.112353
4090,0.089874
4091,0.078588
4092,0.091825
4093,0.077244
4094,0.197382
4095,0.156061
4096,0.904882
4097,0.920912
4098,0.897546
4099,0.914341
4100,0.778917
4101,0.823401
4102,0.773239
4103,0.81827
4104,0.586727
4105,0.647599
4106,0.576082
4107,0.636457
4108,0.368521
4109,0.429487
4110,0.358011
4111,0.418508
4112,0.185271
4113,0.229646
4114,0.179303
4115,0.223216
4116,0.089122
4117,0.107608
4118,0.082939
4119,0.099502
4120,0.092303
4121,0.891522
4122,0.911127
4123,0.889339
4124,0.910446
4125,0.76514
4126,0.810459
4127,0.75654
4128,0.803456
4129,0.564802
4130,0.625967
4131,0.553881
4132,0.615734
4133,0.346922
4134,0.408065
4135,0.338467
4136,0.398887
4137,0.175206
4138,0.217634
4139,0.8852
4140,0.907825
4141,0.881802
4142,0.906708
4143,0.747613
4144,0.796812
4145,0.738859
4146,0.787332
4147,0.543623
4148,0.60583
4149,0.533768
4150,0.596478
4151,0.330034
4152,0.879324
4153,0.904411
4154,0.871376
4155,0.897518
4156,0.729535
4157,0.779778
4158,0.72179
4159,0.927393
4160,0.925285
4161,0.865628
4162,0.894446
4163,0.926725
4164,0.871737
4165,0.865321
4166,0.404487
4167,0.682255
4168,0.787952
4169,0.777564
4170,0.889283
4171,0.890056
4172,0.111824
4173,0.174585
4174,0.267719
4175,0.255091
4176,0.538307
4177,0.521656
4178,0.653285
4179,0.637927
4180,0.854589
4181,0.847488
4182,0.888724
4183,0.887605
4184,0.246577
4185,0.161505
4186,0.169538
4187,0.115208
4188,0.112947
4189,0.158564
4190,0.150962
4191,0.372558
4192,0.357757
4193,0.489079
4194,0.471358
4195,0.754171
4196,0.740134
4197,0.831349
4198,0.821057
4199,0.65844
4200,0.67261
4201,0.378045
4202,0.393671
4203,0.27267
4204,0.287296
4205,0.11732
4206,0.121325
4207,0.109716
4208,0.107921
4209,0.230921
4210,0.217618
4211,0.32626
4212,0.311237
4213,0.605233
4214,0.588053
4215,0.711507
4216,0.696146
4217,0.878406
4218,0.872076
4219,0.889651
4220,0.856848
4221,0.863055
4222,0.791382
4223,0.803318
4224,0.543882
4225,0.561485
4226,0.427667
4227,0.444205
4228,0.188047
4229,0.198903
4230,0.131788
4231,0.138041
4232,0.135337
4233,0.130274
4234,0.195561
4235,0.184196
4236,0.437702
4237,0.420331
4238,0.554362
4239,0.537478
4240,0.798809
4241,0.787816
4242,0.86112
4243,0.855084
4244,0.874424
4245,0.880269
4246,0.702814
4247,0.716881
4248,0.59447
4249,0.611827
4250,0.316376
4251,0.332508
4252,0.221966
4253,0.234738
4254,0.108443
4255,0.109219
4256,0.118504
4257,0.114631
4258,0.281677
4259,0.26694
4260,0.387392
4261,0.371829
4262,0.666815
4263,0.652583
4264,0.766131
4265,0.753423
4266,0.8899
4267,0.888176
4268,0.824151
4269,0.834059
4270,0.745059
4271,0.759632
4272,0.478956
4273,0.495719
4274,0.363469
4275,0.379492
4276,0.15359
4277,0.162053
4278,0.113422
4279,0.117069
4280,0.165644
4281,0.15787
4282,0.241442
4283,0.229932
4284,0.505214
4285,0.488706
4286,0.621955
4287,0.606329
4288,0.838495
4289,0.830462
4290,0.88268
4291,0.878675
4292,0.888544
4293,0.890883
4294,0.851846
4295,0.858171
4296,0.644117
4297,0.659469
4298,0.529195
4299,0.545214
4300,0.260938
4301,0.274211
4302,0.178813
4303,0.189198
4304,0.110618
4305,0.110441
4306,0.143152
4307,0.136945
4308,0.34156
4309,0.32739
4310,0.456118
4311,0.438515
4312,0.72733
4313,0.712704
4314,0.811953
4315,0.801097
4316,0.891277
4317,0.781998
4318,0.791363
4319,0.688026
4320,0.704114
4321,0.411819
4322,0.429322
4323,0.303466
4324,0.317745
4325,0.128263
4326,0.13468
4327,0.110718
4328,0.109944
4329,0.208618
4330,0.196682
4331,0.297186
4332,0.283119
4333,0.572333
4334,0.555795
4335,0.683624
4336,0.667492
4337,0.868212
4338,0.861959
4339,0.891557
4340,0.890781
4341,0.86705
4342,0.87422
4343,0.815398
4344,0.825415
4345,0.579496
4346,0.595513
4347,0.461693
4348,0.478344
4349,0.212048
4350,0.222436
4351,0.145411
4352,0.152512
4353,0.125576
4354,0.119731
4355,0.175849
4356,0.165941
4357,0.40553
4358,0.388173
4359,0.521044
4360,0.504281
4361,0.778034
4362,0.765262
4363,0.84641
4364,0.837947
4365,0.884792
4366,0.887053
4367,0.732281
4368,0.744909
4369,0.627442
4370,0.642243
4371,0.346715
4372,0.362073
4373,0.245829
4374,0.259866
4375,0.111276
4376,0.112395
4377,0.111456
4378,0.109117
4379,0.254941
4380,0.240368
4381,0.355883
4382,0.340531
4383,0.636531
4384,0.620508
4385,0.739062
4386,0.725789
4387,0.886578
4388,0.882931
4389,0.841435
4390,0.849038
4391,0.769079
4392,0.782382
4393,0.510921
4394,0.528642
4395,0.394767
4396,0.411947
4397,0.16865
4398,0.178943
4399,0.121594
4400,0.127924
4401,0.148154
4402,0.141829
4403,0.218002
4404,0.208637
4405,0.470805
4406,0.454786
4407,0.588181
4408,0.570678
4409,0.821187
4410,0.810803
4411,0.890284
4412,0.892079
4413,0.864663
4414,0.869727
4415,0.67374
4416,0.688763
4417,0.562298
4418,0.579669
4419,0.288493
4420,0.303854
4421,0.201191
4422,0.212184
4423,0.108723
4424,0.110349
4425,0.13295
4426,0.12578
4427,0.311974
4428,0.295886
4429,0.420504
4430,0.696534
4431,0.804439
4432,0.815804
4433,0.718323
4434,0.73306
4435,0.445638
4436,0.462522
4437,0.333185
4438,0.347417
4439,0.13888
4440,0.144916
4441,0.1101
4442,0.184601
4443,0.881496
4444,0.885369
4445,0.834356
4446,0.84213
4447,0.612608
4448,0.628171
4449,0.494786
4450,0.511294
4451,0.233869
4452,0.889382
4453,0.889559
4454,0.758558
4455,0.770068
4456,0.880048
4457,0.457075
4458,0.716241
4459,0.807586
4460,0.785561
4461,0.899966
4462,0.897013
4463,0.315573
4464,0.289194
4465,0.57746
4466,0.546573
4467,0.662649
4468,0.633578
4469,0.855278
4470,0.84073
4471,0.887783
4472,0.880048
4473,0.119952
4474,0.135235
4475,0.123892
4476,0.180679
4477,0.162102
4478,0.398522
4479,0.369049
4480,0.486423
4481,0.457075
4482,0.740541
4483,0.716242
4484,0.807586
4485,0.785561
4486,0.899966
4487,0.897013
4488,0.542926
4489,0.283759
4490,0.192414
4491,0.214439
4492,0.100034
4493,0.102987
4494,0.107708
4495,0.103251
4496,0.24051
4497,0.21882
4498,0.315573
4499,0.289194
4500,0.57746
4501,0.546574
4502,0.66265
4503,0.633578
4504,0.855278
4505,0.84073
4506,0.887783
4507,0.880048
4508,0.684427
4509,0.710806
4510,0.42254
4511,0.453427
4512,0.33735
4513,0.366422
4514,0.144722
4515,0.15927
4516,0.112217
4517,0.119952
4518,0.135235
4519,0.123892
4520,0.180679
4521,0.162102
4522,0.398523
4523,0.369049
4524,0.486423
4525,0.457075
4526,0.740541
4527,0.716242
4528,0.807586
4529,0.785561
4530,0.899966
4531,0.897013
4532,0.864765
4533,0.876108
4534,0.819321
4535,0.837898
4536,0.601478
4537,0.630951
4538,0.513577
4539,0.542925
4540,0.259459
4541,0.283758
4542,0.192414
4543,0.214439
4544,0.100034
4545,0.102987
4546,0.107708
4547,0.103251
4548,0.24051
4549,0.21882
4550,0.315573
4551,0.289194
4552,0.57746
4553,0.546574
4554,0.66265
4555,0.633578
4556,0.855278
4557,0.84073
4558,0.887783
4559,0.892292
4560,0.896749
4561,0.75949
4562,0.78118
4563,0.684427
4564,0.710806
4565,0.42254
4566,0.453426
4567,0.33735
4568,0.366422
4569,0.144722
4570,0.15927
4571,0.112217
4572,0.119952
4573,0.135235
4574,0.123892
4575,0.180679
4576,0.162102
4577,0.398522
4578,0.369049
4579,0.486423
4580,0.740541
4581,0.864765
4582,0.876108
4583,0.819321
4584,0.837898
4585,0.601477
4586,0.630951
4587,0.513577
4588,0.542925
4589,0.259459
4590,0.283759
4591,0.192414
4592,0.214439
4593,0.100034
4594,0.102987
4595,0.107708
4596,0.103251
4597,0.24051
4598,0.21882
4599,0.892292
4600,0.896749
4601,0.75949
4602,0.78118
4603,0.684427
4604,0.710806
4605,0.42254
4606,0.453427
4607,0.33735
4608,0.366422
4609,0.144722
4610,0.15927
4611,0.112217
4612,0.864765
4613,0.876108
4614,0.819321
4615,0.837899
4616,0.601478
4617,0.630951
4618,0.513577
4619,0.259459
4620,0.892292
4621,0.896749
4622,0.75949
4623,0.78118
4624,0.879583
4625,0.72562
4626,0.805163
4627,0.778165
4628,0.905807
4629,0.899418
4630,0.907419
4631,0.346133
4632,0.310085
4633,0.593506
4634,0.554538
4635,0.656658
4636,0.619406
4637,0.845045
4638,0.82324
4639,0.876498
4640,0.858411
4641,0.098297
4642,0.137893
4643,0.196088
4644,0.169646
4645,0.410173
4646,0.37144
4647,0.475961
4648,0.436707
4649,0.71632
4650,0.68152
4651,0.769504
4652,0.739326
4653,0.896791
4654,0.885476
4655,0.90834
4656,0.903885
4657,0.143906
4658,0.164547
4659,0.096439
4660,0.092273
4661,0.105826
4662,0.097272
4663,0.242764
4664,0.212945
4665,0.299273
4666,0.266442
4667,0.543395
4668,0.504492
4669,0.609789
4670,0.571325
4671,0.815193
4672,0.790251
4673,0.854616
4674,0.833042
4675,0.909433
4676,0.604029
4677,0.320762
4678,0.356861
4679,0.263704
4680,0.296613
4681,0.115867
4682,0.129791
4683,0.0974
4684,0.106336
4685,0.129889
4686,0.117063
4687,0.165831
4688,0.146124
4689,0.361761
4690,0.325425
4691,0.427065
4692,0.388687
4693,0.67273
4694,0.636082
4695,0.730332
4696,0.695897
4697,0.880776
4698,0.864057
4699,0.899192
4700,0.888902
4701,0.81303
4702,0.73591
4703,0.766889
4704,0.498752
4705,0.538344
4706,0.432371
4707,0.470787
4708,0.211947
4709,0.241032
4710,0.16884
4711,0.193489
4712,0.092867
4713,0.095045
4714,0.098754
4715,0.094891
4716,0.209067
4717,0.184612
4718,0.25929
4719,0.228968
4720,0.493657
4721,0.453219
4722,0.55826
4723,0.516523
4724,0.780176
4725,0.748191
4726,0.821942
4727,0.794862
4728,0.906779
4729,0.901703
4730,0.883551
4731,0.896415
4732,0.856629
4733,0.874185
4734,0.677988
4735,0.711939
4736,0.614497
4737,0.651099
4738,0.366576
4739,0.404032
4740,0.305545
4741,0.342234
4742,0.135367
4743,0.154729
4744,0.11046
4745,0.122827
4746,0.116239
4747,0.103324
4748,0.140276
4749,0.121855
4750,0.314886
4751,0.278224
4752,0.372788
4753,0.333936
4754,0.619655
4755,0.579766
4756,0.679238
4757,0.643139
4758,0.856094
4759,0.835453
4760,0.884133
4761,0.870209
4762,0.907502
4763,0.818799
4764,0.840134
4765,0.77193
4766,0.801382
4767,0.548138
4768,0.588022
4769,0.482721
4770,0.522932
4771,0.251395
4772,0.282864
4773,0.200747
4774,0.229663
4775,0.095291
4776,0.101714
4777,0.092104
4778,0.094851
4779,0.172495
4780,0.149246
4781,0.213725
4782,0.18697
4783,0.435191
4784,0.395971
4785,0.501248
4786,0.461656
4787,0.736296
4788,0.703387
4789,0.788053
4790,0.758968
4791,0.9026
4792,0.893664
4793,0.907133
4794,0.904955
4795,0.896903
4796,0.904115
4797,0.878538
4798,0.893825
4799,0.722047
4800,0.756099
4801,0.664381
4802,0.699855
4803,0.417075
4804,0.456144
4805,0.353206
4806,0.391342
4807,0.16141
4808,0.185967
4809,0.130081
4810,0.148362
4811,0.099379
4812,0.093887
4813,0.116449
4814,0.103585
4815,0.26409
4816,0.233111
4817,0.322012
4818,0.288061
4819,0.567629
4820,0.529213
4821,0.633424
4822,0.595968
4823,0.83116
4824,0.806511
4825,0.864633
4826,0.845271
4827,0.852604
4828,0.871687
4829,0.812291
4830,0.835232
4831,0.600419
4832,0.638587
4833,0.535617
4834,0.575823
4835,0.295094
4836,0.330649
4837,0.241527
4838,0.27438
4839,0.107379
4840,0.120417
4841,0.094193
4842,0.100582
4843,0.143371
4844,0.125815
4845,0.181201
4846,0.159866
4847,0.385503
4848,0.348901
4849,0.451862
4850,0.411978
4851,0.694455
4852,0.657766
4853,0.748605
4854,0.717136
4855,0.88954
4856,0.877173
4857,0.904709
4858,0.898286
4859,0.908722
4860,0.897071
4861,0.904081
4862,0.763844
4863,0.792539
4864,0.711032
4865,0.745264
4866,0.470772
4867,0.511641
4868,0.406494
4869,0.445462
4870,0.194837
4871,0.221835
4872,0.154955
4873,0.17676
4874,0.092498
4875,0.092581
4876,0.103097
4877,0.095885
4878,0.22807
4879,0.198618
4880,0.277953
4881,0.243901
4882,0.517279
4883,0.477068
4884,0.582925
4885,0.543856
4886,0.799253
4887,0.770337
4888,0.83859
4889,0.814033
4890,0.905149
4891,0.873372
4892,0.886845
4893,0.842088
4894,0.862107
4895,0.653867
4896,0.689915
4897,0.589827
4898,0.62856
4899,0.343342
4900,0.380595
4901,0.28368
4902,0.31848
4903,0.123502
4904,0.141589
4905,0.103209
4906,0.114524
4907,0.121462
4908,0.106175
4909,0.147396
4910,0.128313
4911,0.335619
4912,0.300145
4913,0.399581
4914,0.361413
4915,0.646794
4916,0.608658
4917,0.704906
4918,0.669351
4919,0.869919
4920,0.851638
4921,0.892621
4922,0.903561
4923,0.907727
4924,0.803911
4925,0.830354
4926,0.757236
4927,0.787055
4928,0.524039
4929,0.563293
4930,0.456605
4931,0.495508
4932,0.230496
4933,0.260674
4934,0.184807
4935,0.209749
4936,0.09166
4937,0.096115
4938,0.091278
4939,0.090567
4940,0.187709
4941,0.164768
4942,0.236156
4943,0.207461
4944,0.464383
4945,0.424176
4946,0.529228
4947,0.488359
4948,0.758473
4949,0.894173
4950,0.902728
4951,0.870111
4952,0.882937
4953,0.700727
4954,0.733558
4955,0.638239
4956,0.674575
4957,0.390211
4958,0.428674
4959,0.32727
4960,0.363918
4961,0.145384
4962,0.166958
4963,0.119224
4964,0.135943
4965,0.102929
4966,0.095919
4967,0.126628
4968,0.113155
4969,0.288968
4970,0.254736
4971,0.834169
4972,0.853876
4973,0.790933
4974,0.815388
4975,0.572935
4976,0.611313
4977,0.506343
4978,0.546781
4979,0.269668
4980,0.304103
4981,0.219824
4982,0.251809
4983,0.100808
4984,0.111098
4985,0.093221
4986,0.157912
4987,0.901246
4988,0.905109
4989,0.883761
4990,0.896676
4991,0.74071
4992,0.771032
4993,0.685114
4994,0.721776
4995,0.44174
4996,0.483477
4997,0.380345
4998,0.420234
4999,0.178058
5000,0.205138
5001,0.859724
5002,0.878145
5003,0.827505
5004,0.850754
5005,0.627212
5006,0.666064
5007,0.564809
5008,0.907896
5009,0.900621
5010,0.906113
5011,0.786275
5012,0.892882
5013,0.756116
5014,0.822917
5015,0.791675
5016,0.916912
5017,0.9074
5018,0.921787
5019,0.919029
5020,0.357197
5021,0.632064
5022,0.587113
5023,0.676969
5024,0.633376
5025,0.851955
5026,0.825071
5027,0.876213
5028,0.852797
5029,0.922367
5030,0.169593
5031,0.236444
5032,0.202831
5033,0.447673
5034,0.402256
5035,0.494493
5036,0.447956
5037,0.719487
5038,0.67785
5039,0.758778
5040,0.718727
5041,0.895224
5042,0.874931
5043,0.906924
5044,0.107119
5045,0.100805
5046,0.088452
5047,0.120671
5048,0.101548
5049,0.275398
5050,0.236629
5051,0.315676
5052,0.274892
5053,0.541576
5054,0.494096
5055,0.587225
5056,0.540218
5057,0.791819
5058,0.243884
5059,0.177083
5060,0.208325
5061,0.083088
5062,0.0926
5063,0.078213
5064,0.080971
5065,0.142933
5066,0.120434
5067,0.170609
5068,0.142215
5069,0.357719
5070,0.314904
5071,0.402
5072,0.642803
5073,0.367936
5074,0.412887
5075,0.323031
5076,0.366623
5077,0.148045
5078,0.174929
5079,0.123788
5080,0.147203
5081,0.080045
5082,0.077633
5083,0.087248
5084,0.080561
5085,0.201957
5086,0.830407
5087,0.763556
5088,0.797169
5089,0.552327
5090,0.597744
5091,0.505507
5092,0.552044
5093,0.280513
5094,0.32215
5095,0.241222
5096,0.281273
5097,0.104777
5098,0.125069
5099,0.093076
5100,0.899195
5101,0.911548
5102,0.879329
5103,0.898452
5104,0.724602
5105,0.763371
5106,0.684324
5107,0.725108
5108,0.458424
5109,0.505904
5110,0.412774
5111,0.459782
5112,0.208181
5113,0.857067
5114,0.879566
5115,0.829391
5116,0.857785
5117,0.642281
5118,0.685096
5119,0.598
5120,0.919956
5121,0.912752
5122,0.91944
5123,0.798043
5124,0.898876
5125,0.779137
5126,0.834491
5127,0.800236
5128,0.920684
5129,0.908266
5130,0.923832
5131,0.916727
5132,0.401124
5133,0.665337
5134,0.615744
5135,0.693416
5136,0.645115
5137,0.851826
5138,0.820734
5139,0.867485
5140,0.839543
5141,0.927534
5142,0.924218
5143,0.927639
5144,0.277936
5145,0.234041
5146,0.482758
5147,0.430111
5148,0.512842
5149,0.461099
5150,0.719464
5151,0.673356
5152,0.744575
5153,0.700731
5154,0.88373
5155,0.859773
5156,0.896722
5157,0.873643
5158,0.075782
5159,0.104893
5160,0.143559
5161,0.117555
5162,0.303104
5163,0.258424
5164,0.331064
5165,0.284652
5166,0.543956
5167,0.49206
5168,0.574374
5169,0.522976
5170,0.77107
5171,0.728967
5172,0.793698
5173,0.754651
5174,0.905153
5175,0.886425
5176,0.912948
5177,0.898876
5178,0.11627
5179,0.140227
5180,0.072517
5181,0.072361
5182,0.076652
5183,0.074178
5184,0.162445
5185,0.134816
5186,0.182971
5187,0.151497
5188,0.360066
5189,0.312253
5190,0.389848
5191,0.340372
5192,0.605476
5193,0.554083
5194,0.635551
5195,0.585764
5196,0.815462
5197,0.779137
5198,0.834491
5199,0.800236
5200,0.920684
5201,0.908266
5202,0.923832
5203,0.916727
5204,0.299269
5205,0.22893
5206,0.271033
5207,0.103279
5208,0.126357
5209,0.094847
5210,0.113575
5211,0.085116
5212,0.076867
5213,0.092739
5214,0.079195
5215,0.20405
5216,0.168759
5217,0.225408
5218,0.189712
5219,0.420597
5220,0.370929
5221,0.452009
5222,0.401124
5223,0.665337
5224,0.615744
5225,0.693416
5226,0.645115
5227,0.851826
5228,0.820734
5229,0.867485
5230,0.839543
5231,0.927534
5232,0.924218
5233,0.927639
5234,0.639934
5235,0.687747
5236,0.425626
5237,0.477024
5238,0.394524
5239,0.445917
5240,0.206302
5241,0.245349
5242,0.184538
5243,0.220863
5244,0.087052
5245,0.101124
5246,0.079316
5247,0.091734
5248,0.102007
5249,0.086837
5250,0.115388
5251,0.094937
5252,0.252424
5253,0.213282
5254,0.277936
5255,0.234041
5256,0.482758
5257,0.430111
5258,0.512842
5259,0.461099
5260,0.719464
5261,0.673356
5262,0.744575
5263,0.700731
5264,0.88373
5265,0.859773
5266,0.896722
5267,0.873643
5268,0.848503
5269,0.79595
5270,0.83124
5271,0.610152
5272,0.659628
5273,0.579403
5274,0.629071
5275,0.364449
5276,0.414236
5277,0.334663
5278,0.384256
5279,0.165509
5280,0.199764
5281,0.148174
5282,0.179266
5283,0.076168
5284,0.083273
5285,0.072466
5286,0.075782
5287,0.129547
5288,0.104893
5289,0.143559
5290,0.117555
5291,0.303104
5292,0.258424
5293,0.331064
5294,0.284652
5295,0.543956
5296,0.49206
5297,0.574374
5298,0.522976
5299,0.77107
5300,0.728967
5301,0.793698
5302,0.754651
5303,0.905153
5304,0.886425
5305,0.912948
5306,0.898876
5307,0.907261
5308,0.920805
5309,0.897993
5310,0.913163
5311,0.774592
5312,0.810289
5313,0.747577
5314,0.786718
5315,0.547991
5316,0.598876
5317,0.517242
5318,0.569889
5319,0.306583
5320,0.354885
5321,0.280535
5322,0.326644
5323,0.132515
5324,0.160457
5325,0.11627
5326,0.140227
5327,0.072517
5328,0.072361
5329,0.076652
5330,0.074178
5331,0.162445
5332,0.134816
5333,0.182971
5334,0.151497
5335,0.360066
5336,0.312253
5337,0.389848
5338,0.340372
5339,0.605476
5340,0.554083
5341,0.635551
5342,0.585764
5343,0.815462
5344,0.779137
5345,0.834491
5346,0.800236
5347,0.920684
5348,0.908266
5349,0.923832
5350,0.916727
5351,0.884612
5352,0.905063
5353,0.870453
5354,0.895107
5355,0.722064
5356,0.765959
5357,0.696896
5358,0.741576
5359,0.487158
5360,0.538901
5361,0.456043
5362,0.50794
5363,0.255425
5364,0.299269
5365,0.22893
5366,0.271033
5367,0.103278
5368,0.126357
5369,0.094847
5370,0.113575
5371,0.085116
5372,0.076867
5373,0.092739
5374,0.079195
5375,0.20405
5376,0.168759
5377,0.225408
5378,0.189711
5379,0.420597
5380,0.370929
5381,0.452009
5382,0.401124
5383,0.665337
5384,0.615744
5385,0.693416
5386,0.645115
5387,0.851826
5388,0.820734
5389,0.867485
5390,0.839543
5391,0.927534
5392,0.924218
5393,0.927639
5394,0.927483
5395,0.856441
5396,0.882445
5397,0.837555
5398,0.865184
5399,0.668936
5400,0.715348
5401,0.639934
5402,0.687746
5403,0.425626
5404,0.477024
5405,0.394524
5406,0.445917
5407,0.206302
5408,0.245349
5409,0.184538
5410,0.220863
5411,0.087052
5412,0.101124
5413,0.079316
5414,0.091734
5415,0.102007
5416,0.086837
5417,0.115388
5418,0.094937
5419,0.252423
5420,0.213282
5421,0.277936
5422,0.234041
5423,0.482758
5424,0.430111
5425,0.512842
5426,0.461099
5427,0.719465
5428,0.673356
5429,0.744575
5430,0.700731
5431,0.88373
5432,0.859773
5433,0.896721
5434,0.873643
5435,0.923348
5436,0.925822
5437,0.914884
5438,0.923133
5439,0.817029
5440,0.848503
5441,0.79595
5442,0.83124
5443,0.610152
5444,0.659628
5445,0.579403
5446,0.629071
5447,0.364449
5448,0.414236
5449,0.334663
5450,0.384256
5451,0.165509
5452,0.199764
5453,0.148174
5454,0.179266
5455,0.076168
5456,0.083273
5457,0.072466
5458,0.075782
5459,0.129547
5460,0.104893
5461,0.143559
5462,0.117555
5463,0.303104
5464,0.258424
5465,0.331064
5466,0.284652
5467,0.543957
5468,0.49206
5469,0.574374
5470,0.522976
5471,0.77107
5472,0.728967
5473,0.793698
5474,0.754651
5475,0.905153
5476,0.886425
5477,0.912948
5478,0.907261
5479,0.920805
5480,0.897993
5481,0.913163
5482,0.774592
5483,0.810288
5484,0.747576
5485,0.786718
5486,0.547991
5487,0.598876
5488,0.517242
5489,0.569889
5490,0.306583
5491,0.354885
5492,0.280535
5493,0.326644
5494,0.132515
5495,0.160457
5496,0.11627
5497,0.140227
5498,0.072517
5499,0.072361
5500,0.076652
5501,0.074178
5502,0.162445
5503,0.134816
5504,0.182971
5505,0.151497
5506,0.360066
5507,0.312253
5508,0.389848
5509,0.340372
5510,0.605476
5511,0.554083
5512,0.635551
5513,0.585764
5514,0.815462
5515,0.884612
5516,0.905063
5517,0.870453
5518,0.895107
5519,0.722064
5520,0.765959
5521,0.696896
5522,0.741576
5523,0.487158
5524,0.538901
5525,0.456043
5526,0.50794
5527,0.255425
5528,0.299269
5529,0.22893
5530,0.271032
5531,0.103278
5532,0.126357
5533,0.094847
5534,0.113575
5535,0.085117
5536,0.076867
5537,0.09274
5538,0.079195
5539,0.20405
5540,0.16876
5541,0.225408
5542,0.189712
5543,0.420597
5544,0.370929
5545,0.452009
5546,0.927483
5547,0.856441
5548,0.882445
5549,0.837555
5550,0.865184
5551,0.668936
5552,0.715348
5553,0.639934
5554,0.687747
5555,0.425626
5556,0.477024
5557,0.394524
5558,0.445917
5559,0.206302
5560,0.245348
5561,0.184538
5562,0.220863
5563,0.087052
5564,0.101124
5565,0.079316
5566,0.091734
5567,0.102007
5568,0.086837
5569,0.115389
5570,0.094937
5571,0.252424
5572,0.213282
5573,0.923348
5574,0.925822
5575,0.914884
5576,0.923133
5577,0.817029
5578,0.848503
5579,0.79595
5580,0.831241
5581,0.610152
5582,0.659628
5583,0.579403
5584,0.629071
5585,0.364449
5586,0.414235
5587,0.334663
5588,0.384255
5589,0.165509
5590,0.199764
5591,0.148174
5592,0.179266
5593,0.076168
5594,0.083273
5595,0.072467
5596,0.129547
5597,0.907261
5598,0.920805
5599,0.897993
5600,0.913163
5601,0.774592
5602,0.810289
5603,0.747576
5604,0.786718
5605,0.547991
5606,0.598876
5607,0.517242
5608,0.569889
5609,0.306583
5610,0.354885
5611,0.280535
5612,0.326644
5613,0.132515
5614,0.160457
5615,0.884612
5616,0.905063
5617,0.870453
5618,0.895107
5619,0.722064
5620,0.765959
5621,0.696896
5622,0.741576
5623,0.487158
5624,0.538901
5625,0.456044
5626,0.50794
5627,0.255425
5628,0.927483
5629,0.856441
5630,0.882445
5631,0.837555
5632,0.865184
5633,0.668936
5634,0.715348
5635,0.923348
5636,0.925822
5637,0.914884
5638,0.923133
5639,0.817029
5640,0.908331
5641,0.848019
5642,0.813203
5643,0.927035
5644,0.913054
5645,0.930176
5646,0.920014
5647,0.448882
5648,0.697538
5649,0.647625
5650,0.714136
5651,0.664824
5652,0.858857
5653,0.826242
5654,0.868996
5655,0.836524
5656,0.932876
5657,0.924441
5658,0.932964
5659,0.926649
5660,0.325556
5661,0.276046
5662,0.522011
5663,0.466926
5664,0.540296
5665,0.485245
5666,0.729753
5667,0.681124
5668,0.744385
5669,0.697005
5670,0.87755
5671,0.847536
5672,0.885972
5673,0.857868
5674,0.929365
5675,0.931991
5676,0.132626
5677,0.177794
5678,0.14501
5679,0.342272
5680,0.292193
5681,0.359566
5682,0.309078
5683,0.558267
5684,0.503107
5685,0.575985
5686,0.520727
5687,0.758948
5688,0.712495
5689,0.773237
5690,0.729043
5691,0.893295
5692,0.868245
5693,0.900923
5694,0.877894
5695,0.933821
5696,0.091669
5697,0.080818
5698,0.069881
5699,0.088062
5700,0.073645
5701,0.191867
5702,0.156311
5703,0.205053
5704,0.167507
5705,0.376807
5706,0.325337
5707,0.39388
5708,0.340927
5709,0.592959
5710,0.538362
5711,0.610629
5712,0.556343
5713,0.788333
5714,0.745214
5715,0.801565
5716,0.759806
5717,0.908904
5718,0.886746
5719,0.913389
5720,0.893357
5721,0.151981
5722,0.186797
5723,0.072965
5724,0.086946
5725,0.069824
5726,0.079986
5727,0.093938
5728,0.078317
5729,0.102492
5730,0.083763
5731,0.217582
5732,0.177943
5733,0.23026
5734,0.189346
5735,0.411067
5736,0.357906
5737,0.428798
5738,0.375327
5739,0.62902
5740,0.575467
5741,0.646826
5742,0.593921
5743,0.813341
5744,0.774129
5745,0.82639
5746,0.788782
5747,0.918025
5748,0.900952
5749,0.924146
5750,0.551118
5751,0.302462
5752,0.352375
5753,0.285864
5754,0.335176
5755,0.141143
5756,0.173758
5757,0.131004
5758,0.163476
5759,0.067124
5760,0.075559
5761,0.067036
5762,0.073351
5763,0.108389
5764,0.08662
5765,0.113371
5766,0.091172
5767,0.245357
5768,0.202909
5769,0.259676
5770,0.214753
5771,0.447889
5772,0.393629
5773,0.466474
5774,0.411632
5775,0.664562
5776,0.611863
5777,0.681588
5778,0.630068
5779,0.837359
5780,0.800921
5781,0.674444
5782,0.723954
5783,0.477989
5784,0.533074
5785,0.459704
5786,0.514755
5787,0.270246
5788,0.318876
5789,0.255615
5790,0.302995
5791,0.12245
5792,0.152465
5793,0.114028
5794,0.142132
5795,0.067436
5796,0.070636
5797,0.067022
5798,0.068009
5799,0.1226
5800,0.098198
5801,0.131698
5802,0.106745
5803,0.27484
5804,0.229951
5805,0.291714
5806,0.245821
5807,0.484681
5808,0.430063
5809,0.503784
5810,0.867374
5811,0.822206
5812,0.85499
5813,0.657728
5814,0.707807
5815,0.640434
5816,0.690922
5817,0.441733
5818,0.496893
5819,0.424015
5820,0.479273
5821,0.241052
5822,0.287505
5823,0.226763
5824,0.270957
5825,0.106705
5826,0.131755
5827,0.099077
5828,0.122106
5829,0.067656
5830,0.066179
5831,0.069344
5832,0.066455
5833,0.144019
5834,0.115789
5835,0.155151
5836,0.124023
5837,0.308888
5838,0.260972
5839,0.919182
5840,0.930119
5841,0.911939
5842,0.926355
5843,0.808133
5844,0.843689
5845,0.794947
5846,0.832493
5847,0.623193
5848,0.674663
5849,0.60612
5850,0.659073
5851,0.407041
5852,0.461638
5853,0.389371
5854,0.443657
5855,0.211667
5856,0.254786
5857,0.198435
5858,0.240194
5859,0.091096
5860,0.113254
5861,0.086611
5862,0.106643
5863,0.073079
5864,0.067877
5865,0.076613
5866,0.06762
5867,0.165368
5868,0.906062
5869,0.921683
5870,0.897508
5871,0.916237
5872,0.782418
5873,0.822057
5874,0.76974
5875,0.810654
5876,0.588933
5877,0.642094
5878,0.571202
5879,0.624673
5880,0.37098
5881,0.424533
5882,0.353174
5883,0.406079
5884,0.186659
5885,0.225871
5886,0.17361
5887,0.211218
5888,0.081975
5889,0.099048
5890,0.075854
5891,0.891611
5892,0.91338
5893,0.886629
5894,0.908828
5895,0.754643
5896,0.797091
5897,0.740324
5898,0.785247
5899,0.552111
5900,0.606371
5901,0.533526
5902,0.588368
5903,0.335438
5904,0.388137
5905,0.318412
5906,0.369932
5907,0.162641
5908,0.199079
5909,0.932565
5910,0.932978
5911,0.8774
5912,0.901802
5913,0.868302
5914,0.893255
5915,0.72516
5916,0.770049
5917,0.708286
5918,0.754179
5919,0.515319
5920,0.569937
5921,0.496216
5922,0.932344
5923,0.930656
5924,0.933545
5925,0.855981
5926,0.884211
5927,0.844849
5928,0.875977
5929,0.691112
5930,0.739028
5931,0.926921
5932,0.932123
5933,0.923387
5934,0.93238
5935,0.834632
5936,0.766428
5937,0.895939
5938,0.646953
5939,0.633355
5940,0.8458
5941,0.837066
5942,0.888805
5943,0.883599
5944,0.172357
5945,0.163269
5946,0.385827
5947,0.372008
5948,0.495834
5949,0.480215
5950,0.743257
5951,0.730537
5952,0.82012
5953,0.810988
5954,0.90156
5955,0.193243
5956,0.093756
5957,0.104563
5958,0.099972
5959,0.248566
5960,0.236076
5961,0.343549
5962,0.329924
5963,0.604385
5964,0.590208
5965,0.706174
5966,0.694623
5967,0.873941
5968,0.868632
5969,0.900249
5970,0.90029
5971,0.677572
5972,0.418261
5973,0.300203
5974,0.311258
5975,0.124732
5976,0.129032
5977,0.093793
5978,0.096056
5979,0.146591
5980,0.141034
5981,0.215677
5982,0.206204
5983,0.451886
5984,0.437738
5985,0.563786
5986,0.550621
5987,0.792682
5988,0.784412
5989,0.858076
5990,0.853314
5991,0.859847
5992,0.788983
5993,0.798578
5994,0.556842
5995,0.569556
5996,0.443518
5997,0.45642
5998,0.208588
5999,0.217536
6000,0.14097
6001,0.148192
6002,0.09681
6003,0.095788
6004,0.129534
6005,0.124804
6006,0.304913
6007,0.293815
6008,0.411634
6009,0.398626
6010,0.671617
6011,0.658946
6012,0.76553
6013,0.753985
6014,0.898438
6015,0.894541
6016,0.900397
6017,0.90304
6018,0.873014
6019,0.876735
6020,0.700742
6021,0.711709
6022,0.595025
6023,0.608768
6024,0.334567
6025,0.3477
6026,0.239415
6027,0.251657
6028,0.101531
6029,0.106537
6030,0.095614
6031,0.095203
6032,0.188953
6033,0.181014
6034,0.271293
6035,0.259461
6036,0.523729
6037,0.509848
6038,0.633326
6039,0.619924
6040,0.836279
6041,0.827362
6042,0.882495
6043,0.879939
6044,0.902685
6045,0.814005
6046,0.82252
6047,0.73464
6048,0.745072
6049,0.484167
6050,0.498577
6051,0.374909
6052,0.3894
6053,0.165335
6054,0.174638
6055,0.117507
6056,0.123731
6057,0.116421
6058,0.112597
6059,0.165637
6060,0.158689
6061,0.371658
6062,0.358787
6063,0.482415
6064,0.469412
6065,0.731072
6066,0.720851
6067,0.813446
6068,0.806757
6069,0.904131
6070,0.906244
6071,0.883887
6072,0.887422
6073,0.836988
6074,0.845757
6075,0.635532
6076,0.649911
6077,0.528299
6078,0.543688
6079,0.276497
6080,0.289867
6081,0.195625
6082,0.207164
6083,0.097501
6084,0.100662
6085,0.107562
6086,0.104335
6087,0.23855
6088,0.229692
6089,0.334488
6090,0.322427
6091,0.594195
6092,0.581739
6093,0.699797
6094,0.688742
6095,0.875268
6096,0.870968
6097,0.906207
6098,0.903944
6099,0.897478
6100,0.901425
6101,0.767617
6102,0.779676
6103,0.678465
6104,0.692383
6105,0.419363
6106,0.434338
6107,0.316339
6108,0.328016
6109,0.138059
6110,0.143493
6111,0.102887
6112,0.104061
6113,0.146445
6114,0.140153
6115,0.211017
6116,0.201422
6117,0.443158
6118,0.430445
6119,0.556482
6120,0.54358
6121,0.791412
6122,0.782464
6123,0.85903
6124,0.851808
6125,0.862472
6126,0.869184
6127,0.8018
6128,0.811574
6129,0.5735
6130,0.587566
6131,0.461867
6132,0.476085
6133,0.224353
6134,0.233572
6135,0.1542
6136,0.162934
6137,0.099603
6138,0.09696
6139,0.126986
6140,0.123265
6141,0.299258
6142,0.288291
6143,0.404975
6144,0.391232
6145,0.665433
6146,0.6523
6147,0.760585
6148,0.748343
6149,0.898469
6150,0.893463
6151,0.904128
6152,0.9031
6153,0.879448
6154,0.883622
6155,0.717472
6156,0.728714
6157,0.614173
6158,0.627992
6159,0.353047
6160,0.366645
6161,0.256743
6162,0.269463
6163,0.111195
6164,0.116401
6165,0.097315
6166,0.09844
6167,0.185995
6168,0.17748
6169,0.26536
6170,0.254928
6171,0.515833
6172,0.501423
6173,0.625091
6174,0.6106
6175,0.834665
6176,0.825362
6177,0.882493
6178,0.876269
6179,0.827643
6180,0.836731
6181,0.751434
6182,0.763924
6183,0.504166
6184,0.519785
6185,0.395615
6186,0.409792
6187,0.17988
6188,0.189012
6189,0.126059
6190,0.131368
6191,0.116113
6192,0.112578
6193,0.163012
6194,0.154243
6195,0.364468
6196,0.350089
6197,0.471701
6198,0.456312
6199,0.723503
6200,0.710133
6201,0.804375
6202,0.792836
6203,0.902499
6204,0.899338
6205,0.895437
6206,0.900028
6207,0.853409
6208,0.858966
6209,0.656451
6210,0.670076
6211,0.548114
6212,0.562262
6213,0.293826
6214,0.305377
6215,0.207318
6216,0.215587
6217,0.099751
6218,0.09971
6219,0.102522
6220,0.098575
6221,0.232383
6222,0.220324
6223,0.321535
6224,0.307617
6225,0.580637
6226,0.565662
6227,0.683661
6228,0.671984
6229,0.861941
6230,0.856507
6231,0.897113
6232,0.90319
6233,0.904212
6234,0.784323
6235,0.793796
6236,0.695087
6237,0.706185
6238,0.436214
6239,0.449379
6240,0.328383
6241,0.341054
6242,0.141924
6243,0.146686
6244,0.101562
6245,0.105459
6246,0.137528
6247,0.130816
6248,0.1982
6249,0.188426
6250,0.4265
6251,0.412434
6252,0.538133
6253,0.523915
6254,0.775647
6255,0.870466
6256,0.875196
6257,0.811047
6258,0.818986
6259,0.588366
6260,0.601374
6261,0.476271
6262,0.490152
6263,0.23447
6264,0.246015
6265,0.163721
6266,0.172638
6267,0.095872
6268,0.0969
6269,0.120552
6270,0.116378
6271,0.282528
6272,0.271286
6273,0.904386
6274,0.904797
6275,0.883579
6276,0.887403
6277,0.728707
6278,0.74054
6279,0.628342
6280,0.641213
6281,0.366674
6282,0.380076
6283,0.268928
6284,0.279149
6285,0.117505
6286,0.120061
6287,0.095869
6288,0.834363
6289,0.841311
6290,0.76145
6291,0.770308
6292,0.517585
6293,0.530588
6294,0.405806
6295,0.186554
6296,0.892438
6297,0.895665
6298,0.853555
6299,0.665512
6300,0.904945
6301,0.676179
6302,0.652838
6303,0.856633
6304,0.842041
6305,0.890288
6306,0.880049
6307,0.194602
6308,0.406707
6309,0.518584
6310,0.491847
6311,0.749709
6312,0.728134
6313,0.810529
6314,0.792525
6315,0.906261
6316,0.902566
6317,0.094891
6318,0.123112
6319,0.113603
6320,0.279763
6321,0.258018
6322,0.356425
6323,0.331468
6324,0.602954
6325,0.576831
6326,0.682581
6327,0.659633
6328,0.857468
6329,0.845637
6330,0.893767
6331,0.887536
6332,0.224134
6333,0.24277
6334,0.100821
6335,0.105217
6336,0.088112
6337,0.08684
6338,0.16323
6339,0.146309
6340,0.216612
6341,0.199603
6342,0.439285
6343,0.414706
6344,0.527023
6345,0.502648
6346,0.756143
6347,0.737752
6348,0.82025
6349,0.805633
6350,0.913124
6351,0.910575
6352,0.713178
6353,0.447892
6354,0.472932
6355,0.362418
6356,0.385228
6357,0.165217
6358,0.180029
6359,0.12008
6360,0.129684
6361,0.094489
6362,0.090194
6363,0.123459
6364,0.115882
6365,0.287118
6366,0.266192
6367,0.366951
6368,0.344843
6369,0.614999
6370,0.592181
6371,0.698365
6372,0.675991
6373,0.869154
6374,0.856638
6375,0.900257
6376,0.892958
6377,0.87636
6378,0.816296
6379,0.832007
6380,0.609427
6381,0.633053
6382,0.521286
6383,0.545064
6384,0.281756
6385,0.302229
6386,0.210846
6387,0.229922
6388,0.093467
6389,0.100438
6390,0.089174
6391,0.090842
6392,0.168844
6393,0.155414
6394,0.228679
6395,0.211279
6396,0.455267
6397,0.430923
6398,0.543963
6399,0.51876
6400,0.769519
6401,0.750192
6402,0.829199
6403,0.81218
6404,0.910903
6405,0.907888
6406,0.910704
6407,0.911162
6408,0.893082
6409,0.898423
6410,0.754083
6411,0.772249
6412,0.677236
6413,0.698574
6414,0.432192
6415,0.45642
6416,0.346689
6417,0.370869
6418,0.156651
6419,0.17241
6420,0.11966
6421,0.128731
6422,0.102072
6423,0.09752
6424,0.132005
6425,0.122512
6426,0.301377
6427,0.280243
6428,0.382222
6429,0.356546
6430,0.629173
6431,0.603611
6432,0.707037
6433,0.683495
6434,0.871421
6435,0.859346
6436,0.899179
6437,0.894783
6438,0.857074
6439,0.868332
6440,0.805696
6441,0.822734
6442,0.593061
6443,0.618134
6444,0.506868
6445,0.533611
6446,0.270532
6447,0.293103
6448,0.205231
6449,0.223809
6450,0.096081
6451,0.099707
6452,0.089341
6453,0.086561
6454,0.179816
6455,0.162802
6456,0.236712
6457,0.216135
6458,0.466329
6459,0.439834
6460,0.552108
6461,0.527068
6462,0.775866
6463,0.75723
6464,0.834783
6465,0.819971
6466,0.911888
6467,0.91316
6468,0.906433
6469,0.910383
6470,0.89077
6471,0.899588
6472,0.742072
6473,0.76382
6474,0.667088
6475,0.689998
6476,0.422029
6477,0.447346
6478,0.339467
6479,0.36184
6480,0.151845
6481,0.164548
6482,0.110571
6483,0.118697
6484,0.101004
6485,0.094276
6486,0.133883
6487,0.12364
6488,0.308714
6489,0.286822
6490,0.390573
6491,0.366947
6492,0.637582
6493,0.614772
6494,0.718244
6495,0.697771
6496,0.87992
6497,0.870316
6498,0.906533
6499,0.899562
6500,0.854077
6501,0.864676
6502,0.7984
6503,0.815141
6504,0.584158
6505,0.608239
6506,0.496156
6507,0.520643
6508,0.260634
6509,0.280225
6510,0.192092
6511,0.210585
6512,0.089257
6513,0.095055
6514,0.089296
6515,0.088838
6516,0.183704
6517,0.167993
6518,0.245917
6519,0.227751
6520,0.478714
6521,0.454936
6522,0.567808
6523,0.54358
6524,0.789154
6525,0.770078
6526,0.843349
6527,0.82759
6528,0.909158
6529,0.908904
6530,0.911
6531,0.884072
6532,0.892071
6533,0.732833
6534,0.753017
6535,0.655164
6536,0.677287
6537,0.407733
6538,0.432352
6539,0.323821
6540,0.347162
6541,0.143367
6542,0.157959
6543,0.109712
6544,0.119951
6545,0.106918
6546,0.101577
6547,0.142926
6548,0.131668
6549,0.322764
6550,0.301426
6551,0.406939
6552,0.381866
6553,0.653311
6554,0.629131
6555,0.729468
6556,0.706897
6557,0.88034
6558,0.871269
6559,0.903919
6560,0.900293
6561,0.844315
6562,0.855947
6563,0.788641
6564,0.805399
6565,0.569236
6566,0.593293
6567,0.481416
6568,0.508153
6569,0.250291
6570,0.271866
6571,0.189471
6572,0.207475
6573,0.093738
6574,0.097434
6575,0.093566
6576,0.089617
6577,0.194304
6578,0.177266
6579,0.257929
6580,0.23618
6581,0.493132
6582,0.466389
6583,0.577971
6584,0.552654
6585,0.794769
6586,0.776191
6587,0.848155
6588,0.835452
6589,0.913439
6590,0.901723
6591,0.905109
6592,0.876888
6593,0.886397
6594,0.720237
6595,0.741982
6596,0.643575
6597,0.668532
6598,0.397046
6599,0.423169
6600,0.317419
6601,0.340367
6602,0.142532
6603,0.154363
6604,0.106233
6605,0.112464
6606,0.10923
6607,0.100412
6608,0.145923
6609,0.135324
6610,0.332912
6611,0.310002
6612,0.415842
6613,0.391761
6614,0.660533
6615,0.63816
6616,0.739366
6617,0.719775
6618,0.889429
6619,0.881303
6620,0.910743
6621,0.83677
6622,0.853691
6623,0.783388
6624,0.800397
6625,0.560715
6626,0.585294
6627,0.472977
6628,0.497351
6629,0.243856
6630,0.262247
6631,0.17975
6632,0.194367
6633,0.086876
6634,0.089425
6635,0.091096
6636,0.089
6637,0.2016
6638,0.184859
6639,0.267167
6640,0.246983
6641,0.503844
6642,0.479357
6643,0.592267
6644,0.567648
6645,0.807908
6646,0.789415
6647,0.905511
6648,0.909806
6649,0.876541
6650,0.884118
6651,0.712882
6652,0.733808
6653,0.633049
6654,0.655157
6655,0.385001
6656,0.407819
6657,0.301635
6658,0.324009
6659,0.130846
6660,0.143362
6661,0.099743
6662,0.107042
6663,0.115928
6664,0.107929
6665,0.155684
6666,0.144053
6667,0.344836
6668,0.322713
6669,0.430764
6670,0.910826
6671,0.831156
6672,0.844586
6673,0.771321
6674,0.788721
6675,0.544733
6676,0.569077
6677,0.456037
6678,0.48124
6679,0.230481
6680,0.249808
6681,0.170801
6682,0.18782
6683,0.089097
6684,0.092112
6685,0.098278
6686,0.211359
6687,0.897928
6688,0.90248
6689,0.867995
6690,0.877488
6691,0.698623
6692,0.719757
6693,0.617778
6694,0.643454
6695,0.370827
6696,0.396389
6697,0.292963
6698,0.316505
6699,0.128579
6700,0.140654
6701,0.910659
6702,0.820184
6703,0.837198
6704,0.763288
6705,0.783865
6706,0.533671
6707,0.560166
6708,0.898996
6709,0.905724
6710,0.866117
6711,0.691286
6712,0.913575
6713,0.919677
6714,0.676848
6715,0.86941
6716,0.8521
6717,0.895701
6718,0.881511
6719,0.23311
6720,0.445442
6721,0.546886
6722,0.512594
6723,0.76362
6724,0.735169
6725,0.809996
6726,0.786285
6727,0.91142
6728,0.903003
6729,0.920419
6730,0.918359
6731,0.144147
6732,0.126841
6733,0.318254
6734,0.288257
6735,0.380285
6736,0.348071
6737,0.613178
6738,0.579456
6739,0.67641
6740,0.644529
6741,0.84954
6742,0.829745
6743,0.880663
6744,0.866065
6745,0.170255
6746,0.081641
6747,0.084074
6748,0.081632
6749,0.185787
6750,0.164674
6751,0.234517
6752,0.210064
6753,0.445622
6754,0.412056
6755,0.512875
6756,0.478973
6757,0.734702
6758,0.706041
6759,0.787341
6760,0.76324
6761,0.903597
6762,0.895431
6763,0.91782
6764,0.355471
6765,0.265298
6766,0.293959
6767,0.119337
6768,0.133935
6769,0.096403
6770,0.104569
6771,0.101921
6772,0.093796
6773,0.131601
6774,0.11725
6775,0.289139
6776,0.260657
6777,0.348805
6778,0.317892
6779,0.580333
6780,0.546321
6781,0.646022
6782,0.612788
6783,0.833153
6784,0.81116
6785,0.739343
6786,0.487125
6787,0.521027
6788,0.419667
6789,0.453679
6790,0.212659
6791,0.23676
6792,0.166847
6793,0.18884
6794,0.08218
6795,0.086425
6796,0.082543
6797,0.080323
6798,0.166939
6799,0.146555
6800,0.209846
6801,0.18621
6802,0.412779
6803,0.379668
6804,0.479284
6805,0.707113
6806,0.88275
6807,0.833061
6808,0.853445
6809,0.651195
6810,0.682108
6811,0.587221
6812,0.620332
6813,0.353978
6814,0.387212
6815,0.292887
6816,0.323152
6817,0.13059
6818,0.1479
6819,0.104299
6820,0.118489
6821,0.093567
6822,0.086533
6823,0.114902
6824,0.100625
6825,0.260302
6826,0.917457
6827,0.906433
6828,0.913467
6829,0.790154
6830,0.81379
6831,0.739698
6832,0.76689
6833,0.520716
6834,0.554558
6835,0.453114
6836,0.487406
6837,0.23638
6838,0.264831
6839,0.190004
6840,0.213715
6841,0.08858
6842,0.096997
6843,0.079581
6844,0.885098
6845,0.899375
6846,0.855853
6847,0.873159
6848,0.681746
6849,0.711743
6850,0.619715
6851,0.651929
6852,0.386822
6853,0.420544
6854,0.32359
6855,0.15046
6856,0.915926
6857,0.918368
6858,0.814213
6859,0.835326
6860,0.765483
6861,0.789936
6862,0.554378
6863,0.587944
6864,0.898079
6865,0.906204
6866,0.868399
6867,0.710861
6868,0.925586
6869,0.932816
6870,0.702836
6871,0.883877
6872,0.864588
6873,0.905371
6874,0.889205
6875,0.489523
6876,0.579498
6877,0.539342
6878,0.778967
6879,0.746736
6880,0.815323
6881,0.785411
6882,0.920645
6883,0.907751
6884,0.930558
6885,0.922708
6886,0.156361
6887,0.361736
6888,0.324261
6889,0.409502
6890,0.370585
6891,0.628747
6892,0.589145
6893,0.6753
6894,0.635942
6895,0.844847
6896,0.818367
6897,0.871175
6898,0.847684
6899,0.931906
6900,0.927318
6901,0.078616
6902,0.096548
6903,0.085954
6904,0.216925
6905,0.188369
6906,0.255116
6907,0.222795
6908,0.458738
6909,0.417457
6910,0.507036
6911,0.465555
6912,0.717698
6913,0.680626
6914,0.757975
6915,0.72403
6916,0.891882
6917,0.873369
6918,0.907142
6919,0.893602
6920,0.185661
6921,0.215337
6922,0.086687
6923,0.096202
6924,0.077243
6925,0.083899
6926,0.115937
6927,0.100153
6928,0.139098
6929,0.118026
6930,0.295168
6931,0.259171
6932,0.338612
6933,0.301218
6934,0.554902
6935,0.51415
6936,0.603963
6937,0.563831
6938,0.795097
6939,0.764663
6940,0.827803
6941,0.80082
6942,0.919609
6943,0.910105
6944,0.925019
6945,0.919682
6946,0.409689
6947,0.324318
6948,0.362852
6949,0.155759
6950,0.1812
6951,0.130509
6952,0.152188
6953,0.075663
6954,0.07715
6955,0.078437
6956,0.073415
6957,0.165093
6958,0.140557
6959,0.196903
6960,0.169411
6961,0.385058
6962,0.34594
6963,0.43332
6964,0.393769
6965,0.651665
6966,0.613132
6967,0.697252
6968,0.659792
6969,0.855927
6970,0.831314
6971,0.879212
6972,0.860424
6973,0.92254
6974,0.745744
6975,0.779426
6976,0.539879
6977,0.580943
6978,0.490973
6979,0.531467
6980,0.280369
6981,0.315788
6982,0.238623
6983,0.269543
6984,0.109502
6985,0.123259
6986,0.088067
6987,0.098219
6988,0.086782
6989,0.077658
6990,0.103433
6991,0.091547
6992,0.233164
6993,0.203394
6994,0.274071
6995,0.240076
6996,0.483675
6997,0.442813
6998,0.532805
6999,0.49229
7000,0.739015
7001,0.705146
7002,0.77901
7003,0.747356
7004,0.899056
7005,0.884334
7006,0.913313
7007,0.903798
7008,0.904396
7009,0.865884
7010,0.887242
7011,0.704151
7012,0.739771
7013,0.658944
7014,0.695331
7015,0.44062
7016,0.479897
7017,0.388909
7018,0.426453
7019,0.198138
7020,0.224704
7021,0.160534
7022,0.187662
7023,0.076009
7024,0.084727
7025,0.073982
7026,0.076978
7027,0.125912
7028,0.107599
7029,0.150978
7030,0.128502
7031,0.317395
7032,0.280934
7033,0.363992
7034,0.325374
7035,0.582409
7036,0.541449
7037,0.630345
7038,0.590311
7039,0.814339
7040,0.784663
7041,0.844241
7042,0.8188
7043,0.922757
7044,0.916101
7045,0.92285
7046,0.932006
7047,0.92862
7048,0.932741
7049,0.836855
7050,0.860736
7051,0.800875
7052,0.827202
7053,0.609426
7054,0.646189
7055,0.556469
7056,0.595009
7057,0.337848
7058,0.375417
7059,0.290308
7060,0.325942
7061,0.134188
7062,0.157006
7063,0.113444
7064,0.131201
7065,0.074757
7066,0.071657
7067,0.080391
7068,0.072318
7069,0.179909
7070,0.154458
7071,0.215946
7072,0.186947
7073,0.411181
7074,0.371556
7075,0.460121
7076,0.419057
7077,0.675682
7078,0.637148
7079,0.719631
7080,0.684212
7081,0.869491
7082,0.847813
7083,0.890498
7084,0.876741
7085,0.916614
7086,0.92627
7087,0.896942
7088,0.909706
7089,0.760232
7090,0.788995
7091,0.716389
7092,0.749236
7093,0.504551
7094,0.543931
7095,0.452551
7096,0.492076
7097,0.24714
7098,0.280794
7099,0.208525
7100,0.238251
7101,0.093352
7102,0.106263
7103,0.077806
7104,0.087373
7105,0.09272
7106,0.081918
7107,0.113414
7108,0.095604
7109,0.254256
7110,0.220574
7111,0.295849
7112,0.260229
7113,0.509027
7114,0.468533
7115,0.55938
7116,0.520103
7117,0.761377
7118,0.730457
7119,0.801862
7120,0.775296
7121,0.911933
7122,0.901781
7123,0.923991
7124,0.915273
7125,0.869578
7126,0.887993
7127,0.841073
7128,0.86267
7129,0.669956
7130,0.704446
7131,0.62043
7132,0.658279
7133,0.402287
7134,0.441555
7135,0.352304
7136,0.390268
7137,0.173432
7138,0.198994
7139,0.141719
7140,0.165662
7141,0.071165
7142,0.074414
7143,0.067994
7144,0.067184
7145,0.134116
7146,0.112758
7147,0.163145
7148,0.139264
7149,0.341056
7150,0.304669
7151,0.390574
7152,0.353811
7153,0.611091
7154,0.573547
7155,0.662151
7156,0.624583
7157,0.839465
7158,0.812338
7159,0.865812
7160,0.842994
7161,0.926018
7162,0.923022
7163,0.928343
7164,0.925507
7165,0.926227
7166,0.913671
7167,0.921793
7168,0.806619
7169,0.832943
7170,0.76968
7171,0.798779
7172,0.57159
7173,0.609989
7174,0.52038
7175,0.560501
7176,0.305036
7177,0.342362
7178,0.261942
7179,0.297164
7180,0.116123
7181,0.135412
7182,0.094629
7183,0.110795
7184,0.07138
7185,0.067259
7186,0.083386
7187,0.07373
7188,0.199125
7189,0.172798
7190,0.239768
7191,0.211005
7192,0.443531
7193,0.404991
7194,0.495449
7195,0.456069
7196,0.709692
7197,0.674058
7198,0.75286
7199,0.719206
7200,0.886556
7201,0.868799
7202,0.906648
7203,0.893737
7204,0.898498
7205,0.910297
7206,0.875319
7207,0.891325
7208,0.728427
7209,0.761274
7210,0.684394
7211,0.719953
7212,0.470067
7213,0.510477
7214,0.420502
7215,0.460658
7216,0.221033
7217,0.253264
7218,0.184677
7219,0.214589
7220,0.079355
7221,0.092249
7222,0.069442
7223,0.077292
7224,0.103058
7225,0.090294
7226,0.130422
7227,0.112007
7228,0.283611
7229,0.250764
7230,0.330044
7231,0.295554
7232,0.547449
7233,0.507924
7234,0.597713
7235,0.558445
7236,0.791475
7237,0.761749
7238,0.826568
7239,0.801006
7240,0.922194
7241,0.912627
7242,0.928835
7243,0.922138
7244,0.848627
7245,0.869611
7246,0.818461
7247,0.843639
7248,0.638264
7249,0.675739
7250,0.590497
7251,0.629415
7252,0.371253
7253,0.410855
7254,0.3247
7255,0.364058
7256,0.155153
7257,0.181633
7258,0.128825
7259,0.152316
7260,0.068094
7261,0.072682
7262,0.074493
7263,0.073773
7264,0.158927
7265,0.13733
7266,0.193381
7267,0.167058
7268,0.37957
7269,0.341721
7270,0.42841
7271,0.390011
7272,0.647696
7273,0.609733
7274,0.694964
7275,0.657638
7276,0.858281
7277,0.834338
7278,0.914527
7279,0.921384
7280,0.903452
7281,0.914046
7282,0.783075
7283,0.811631
7284,0.744884
7285,0.777205
7286,0.541262
7287,0.582542
7288,0.492964
7289,0.534445
7290,0.282302
7291,0.319374
7292,0.242025
7293,0.27597
7294,0.108118
7295,0.126631
7296,0.092857
7297,0.106398
7298,0.086329
7299,0.078207
7300,0.101503
7301,0.089704
7302,0.230321
7303,0.201221
7304,0.271573
7305,0.238726
7306,0.47962
7307,0.439499
7308,0.529933
7309,0.738058
7310,0.884063
7311,0.899847
7312,0.860902
7313,0.881974
7314,0.704832
7315,0.740829
7316,0.661388
7317,0.698782
7318,0.445098
7319,0.48585
7320,0.396037
7321,0.436169
7322,0.204903
7323,0.235337
7324,0.172197
7325,0.19918
7326,0.080391
7327,0.089895
7328,0.074981
7329,0.080319
7330,0.124681
7331,0.108675
7332,0.151373
7333,0.130389
7334,0.315605
7335,0.280047
7336,0.924337
7337,0.921563
7338,0.926585
7339,0.834907
7340,0.859443
7341,0.803097
7342,0.830589
7343,0.614942
7344,0.65406
7345,0.56668
7346,0.60623
7347,0.348335
7348,0.386867
7349,0.302748
7350,0.340207
7351,0.144073
7352,0.168686
7353,0.120788
7354,0.139576
7355,0.077862
7356,0.07746
7357,0.085473
7358,0.181539
7359,0.913218
7360,0.922342
7361,0.896567
7362,0.908453
7363,0.766836
7364,0.796606
7365,0.725929
7366,0.759924
7367,0.516325
7368,0.557187
7369,0.467195
7370,0.50771
7371,0.260985
7372,0.294854
7373,0.22099
7374,0.252644
7375,0.100944
7376,0.115666
7377,0.874088
7378,0.892401
7379,0.849022
7380,0.871498
7381,0.682605
7382,0.719066
7383,0.636008
7384,0.674626
7385,0.417591
7386,0.458551
7387,0.369655
7388,0.925243
7389,0.919609
7390,0.927682
7391,0.820091
7392,0.845542
7393,0.784054
7394,0.813053
7395,0.588819
7396,0.628445
7397,0.90728
7398,0.918082
7399,0.886586
7400,0.939785
7401,0.749291
7402,0.898652
7403,0.878838
7404,0.912894
7405,0.894583
7406,0.941976
7407,0.641588
7408,0.594489
7409,0.805622
7410,0.769705
7411,0.824262
7412,0.789704
7413,0.922856
7414,0.905941
7415,0.93053
7416,0.914005
7417,0.402405
7418,0.474346
7419,0.426257
7420,0.664508
7421,0.618498
7422,0.687452
7423,0.641941
7424,0.841731
7425,0.807861
7426,0.854985
7427,0.822165
7428,0.932884
7429,0.918057
7430,0.933888
7431,0.922554
7432,0.146611
7433,0.119266
7434,0.289909
7435,0.248609
7436,0.311212
7437,0.268206
7438,0.499225
7439,0.450684
7440,0.523405
7441,0.473617
7442,0.709191
7443,0.663653
7444,0.728876
7445,0.685848
7446,0.865127
7447,0.835634
7448,0.875536
7449,0.847981
7450,0.937229
7451,0.928631
7452,0.939595
7453,0.05987
7454,0.072844
7455,0.063808
7456,0.160238
7457,0.131452
7458,0.175287
7459,0.143062
7460,0.333243
7461,0.287934
7462,0.355177
7463,0.309703
7464,0.546419
7465,0.497943
7466,0.570804
7467,0.523146
7468,0.748576
7469,0.707985
7470,0.76765
7471,0.729101
7472,0.88563
7473,0.862358
7474,0.177835
7475,0.067116
7476,0.081943
7477,0.066112
7478,0.077446
7479,0.079483
7480,0.066684
7481,0.085308
7482,0.071101
7483,0.190257
7484,0.157384
7485,0.209062
7486,0.176214
7487,0.379
7488,0.333917
7489,0.403229
7490,0.356833
7491,0.595457
7492,0.547369
7493,0.619217
7494,0.571045
7495,0.786742
7496,0.271124
7497,0.314152
7498,0.134874
7499,0.164366
7500,0.124464
7501,0.152019
7502,0.062771
7503,0.071369
7504,0.060405
7505,0.066085
7506,0.095297
7507,0.079244
7508,0.107773
7509,0.088102
7510,0.2307
7511,0.195008
7512,0.2504
7513,0.211517
7514,0.427087
7515,0.379423
7516,0.450766
7517,0.690297
7518,0.453582
7519,0.502057
7520,0.429196
7521,0.476854
7522,0.251424
7523,0.292015
7524,0.23235
7525,0.270899
7526,0.11437
7527,0.137642
7528,0.101348
7529,0.121162
7530,0.059455
7531,0.060215
7532,0.060241
7533,0.058024
7534,0.120665
7535,0.09843
7536,0.133549
7537,0.10819
7538,0.269561
7539,0.790938
7540,0.823786
7541,0.621
7542,0.666084
7543,0.596771
7544,0.643167
7545,0.404543
7546,0.452631
7547,0.380783
7548,0.428955
7549,0.213258
7550,0.250709
7551,0.194378
7552,0.230295
7553,0.087106
7554,0.105417
7555,0.077144
7556,0.094059
7557,0.06278
7558,0.057111
7559,0.066372
7560,0.920756
7561,0.892227
7562,0.911898
7563,0.7693
7564,0.804992
7565,0.7496
7566,0.788483
7567,0.572913
7568,0.620577
7569,0.549234
7570,0.597594
7571,0.358412
7572,0.405511
7573,0.335492
7574,0.381502
7575,0.175738
7576,0.210296
7577,0.158269
7578,0.192139
7579,0.06947
7580,0.085995
7581,0.940545
7582,0.939759
7583,0.879335
7584,0.90157
7585,0.866451
7586,0.89181
7587,0.730439
7588,0.77041
7589,0.710091
7590,0.751391
7591,0.525654
7592,0.573743
7593,0.500775
7594,0.549316
7595,0.312548
7596,0.358059
7597,0.290809
7598,0.145015
7599,0.93722
7600,0.942889
7601,0.933628
7602,0.94013
7603,0.853389
7604,0.880734
7605,0.839762
7606,0.868548
7607,0.688788
7608,0.731794
7609,0.666757
7610,0.712066
7611,0.476595
7612,0.526383
7613,0.927156
7614,0.936192
7615,0.920517
7616,0.933316
7617,0.824713
7618,0.856938
7619,0.809742
7620,0.842616
7621,0.644823
7622,0.914692
7623,0.928899
7624,0.904703
7625,0.882374
7626,0.48879
7627,0.724753
7628,0.813871
7629,0.807135
7630,0.916854
7631,0.916437
7632,0.106718
7633,0.257936
7634,0.362072
7635,0.351306
7636,0.605803
7637,0.594557
7638,0.705632
7639,0.696085
7640,0.875478
7641,0.86997
7642,0.912316
7643,0.909325
7644,0.090675
7645,0.079559
7646,0.081519
7647,0.16591
7648,0.160416
7649,0.239583
7650,0.231294
7651,0.46604
7652,0.454925
7653,0.572763
7654,0.561797
7655,0.792531
7656,0.784476
7657,0.858452
7658,0.851314
7659,0.323769
7660,0.335495
7661,0.141547
7662,0.148686
7663,0.100072
7664,0.10532
7665,0.10169
7666,0.097935
7667,0.146942
7668,0.141144
7669,0.330726
7670,0.320844
7671,0.432633
7672,0.421006
7673,0.676231
7674,0.664505
7675,0.765739
7676,0.754325
7677,0.899929
7678,0.89468
7679,0.917519
7680,0.918142
7681,0.785026
7682,0.793117
7683,0.567367
7684,0.578994
7685,0.462118
7686,0.475224
7687,0.234261
7688,0.245675
7689,0.165199
7690,0.171619
7691,0.082481
7692,0.081858
7693,0.090852
7694,0.086923
7695,0.214975
7696,0.206884
7697,0.300527
7698,0.289224
7699,0.537882
7700,0.524776
7701,0.640133
7702,0.628648
7703,0.834802
7704,0.828381
7705,0.887255
7706,0.882374
7707,0.913077
7708,0.871879
7709,0.878205
7710,0.699473
7711,0.710775
7712,0.60336
7713,0.615057
7714,0.359867
7715,0.371352
7716,0.264971
7717,0.275247
7718,0.112745
7719,0.117626
7720,0.083145
7721,0.083563
7722,0.128121
7723,0.121795
7724,0.18918
7725,0.180741
7726,0.396639
7727,0.384943
7728,0.500538
7729,0.488791
7730,0.735029
7731,0.724753
7732,0.813871
7733,0.807135
7734,0.916855
7735,0.916437
7736,0.91826
7737,0.919949
7738,0.81082
7739,0.819259
7740,0.732072
7741,0.742064
7742,0.499462
7743,0.51121
7744,0.394198
7745,0.405443
7746,0.186129
7747,0.192865
7748,0.124522
7749,0.13003
7750,0.08174
7751,0.080051
7752,0.111628
7753,0.106718
7754,0.267928
7755,0.257936
7756,0.362072
7757,0.351307
7758,0.605803
7759,0.594557
7760,0.705632
7761,0.696085
7762,0.875478
7763,0.86997
7764,0.912316
7765,0.909325
7766,0.888372
7767,0.893282
7768,0.83409
7769,0.839584
7770,0.637928
7771,0.648693
7772,0.53396
7773,0.545075
7774,0.294368
7775,0.303915
7776,0.207469
7777,0.215524
7778,0.087684
7779,0.090675
7780,0.079559
7781,0.081519
7782,0.16591
7783,0.160416
7784,0.239583
7785,0.231294
7786,0.46604
7787,0.454925
7788,0.572763
7789,0.561797
7790,0.792531
7791,0.784476
7792,0.858452
7793,0.851314
7794,0.920441
7795,0.918481
7796,0.89831
7797,0.902065
7798,0.760417
7799,0.768706
7800,0.669273
7801,0.679156
7802,0.427237
7803,0.438203
7804,0.323769
7805,0.335495
7806,0.141547
7807,0.148686
7808,0.100072
7809,0.10532
7810,0.10169
7811,0.097935
7812,0.146942
7813,0.141144
7814,0.330727
7815,0.320844
7816,0.432633
7817,0.421006
7818,0.676231
7819,0.664505
7820,0.765739
7821,0.754325
7822,0.899928
7823,0.89468
7824,0.917519
7825,0.918142
7826,0.853058
7827,0.858856
7828,0.785025
7829,0.793117
7830,0.567367
7831,0.578994
7832,0.462118
7833,0.475224
7834,0.234261
7835,0.245675
7836,0.165199
7837,0.171619
7838,0.082481
7839,0.081858
7840,0.090852
7841,0.086923
7842,0.214974
7843,0.206883
7844,0.300527
7845,0.289225
7846,0.537882
7847,0.524776
7848,0.640133
7849,0.628648
7850,0.834801
7851,0.828381
7852,0.887255
7853,0.882374
7854,0.909148
7855,0.913077
7856,0.871879
7857,0.878205
7858,0.699473
7859,0.710776
7860,0.603361
7861,0.615057
7862,0.359867
7863,0.371352
7864,0.264971
7865,0.275247
7866,0.112745
7867,0.117626
7868,0.083145
7869,0.083563
7870,0.128121
7871,0.121795
7872,0.18918
7873,0.180741
7874,0.39664
7875,0.384943
7876,0.500538
7877,0.48879
7878,0.735029
7879,0.724753
7880,0.813871
7881,0.807135
7882,0.916854
7883,0.916437
7884,0.91826
7885,0.919949
7886,0.81082
7887,0.819259
7888,0.732072
7889,0.742064
7890,0.499462
7891,0.51121
7892,0.394198
7893,0.405443
7894,0.186129
7895,0.192865
7896,0.124522
7897,0.13003
7898,0.08174
7899,0.080051
7900,0.111628
7901,0.106718
7902,0.267928
7903,0.257936
7904,0.362072
7905,0.351307
7906,0.605802
7907,0.594557
7908,0.705632
7909,0.696085
7910,0.875478
7911,0.86997
7912,0.912316
7913,0.909325
7914,0.888372
7915,0.893282
7916,0.83409
7917,0.839584
7918,0.637928
7919,0.648693
7920,0.53396
7921,0.545075
7922,0.294368
7923,0.303915
7924,0.207469
7925,0.215524
7926,0.087684
7927,0.090675
7928,0.079559
7929,0.081519
7930,0.16591
7931,0.160416
7932,0.239583
7933,0.231294
7934,0.46604
7935,0.454925
7936,0.572763
7937,0.561797
7938,0.792531
7939,0.784476
7940,0.858453
7941,0.851314
7942,0.920441
7943,0.918481
7944,0.89831
7945,0.902065
7946,0.760417
7947,0.768706
7948,0.669273
7949,0.679156
7950,0.427237
7951,0.438203
7952,0.323769
7953,0.335495
7954,0.141548
7955,0.148686
7956,0.100072
7957,0.10532
7958,0.10169
7959,0.097935
7960,0.146942
7961,0.141144
7962,0.330727
7963,0.320844
7964,0.432633
7965,0.421006
7966,0.676231
7967,0.664505
7968,0.765739
7969,0.754325
7970,0.899928
7971,0.89468
7972,0.917519
7973,0.918142
7974,0.853058
7975,0.858856
7976,0.785025
7977,0.793116
7978,0.567367
7979,0.578994
7980,0.462118
7981,0.475224
7982,0.234261
7983,0.245675
7984,0.165198
7985,0.171619
7986,0.082481
7987,0.081858
7988,0.090852
7989,0.086923
7990,0.214975
7991,0.206884
7992,0.300527
7993,0.289225
7994,0.537882
7995,0.524776
7996,0.640133
7997,0.628648
7998,0.834802
7999,0.828381
8000,0.887255
8001,0.909148
8002,0.913077
8003,0.871879
8004,0.878205
8005,0.699473
8006,0.710775
8007,0.603361
8008,0.615057
8009,0.359867
8010,0.371352
8011,0.264971
8012,0.275247
8013,0.112745
8014,0.117626
8015,0.083146
8016,0.083563
8017,0.128121
8018,0.121795
8019,0.18918
8020,0.180741
8021,0.39664
8022,0.384943
8023,0.500538
8024,0.735029
8025,0.91826
8026,0.919949
8027,0.81082
8028,0.819259
8029,0.732072
8030,0.742064
8031,0.499462
8032,0.51121
8033,0.394197
8034,0.405443
8035,0.186129
8036,0.192865
8037,0.124522
8038,0.13003
8039,0.08174
8040,0.080051
8041,0.111628
8042,0.267928
8043,0.888372
8044,0.893282
8045,0.83409
8046,0.839584
8047,0.637928
8048,0.648693
8049,0.53396
8050,0.545074
8051,0.294368
8052,0.303915
8053,0.207469
8054,0.215523
8055,0.087684
8056,0.920441
8057,0.918481
8058,0.89831
8059,0.902065
8060,0.760417
8061,0.768706
8062,0.669273
8063,0.679156
8064,0.427237
8065,0.438203
8066,0.853058
8067,0.858856
8068,0.909148
8069,0.893897
8070,0.52913
8071,0.749542
8072,0.827247
8073,0.813285
8074,0.924455
8075,0.921043
8076,0.929111
8077,0.402112
8078,0.381426
8079,0.634454
8080,0.613696
8081,0.714132
8082,0.695241
8083,0.875025
8084,0.863718
8085,0.907963
8086,0.90118
8087,0.076618
8088,0.199457
8089,0.184313
8090,0.266313
8091,0.248859
8092,0.486194
8093,0.46505
8094,0.572177
8095,0.550663
8096,0.783458
8097,0.766869
8098,0.84032
8099,0.827534
8100,0.926136
8101,0.924251
8102,0.250458
8103,0.106103
8104,0.075546
8105,0.078957
8106,0.110699
8107,0.101651
8108,0.156236
8109,0.14441
8110,0.342
8111,0.322554
8112,0.423384
8113,0.402328
8114,0.655675
8115,0.635223
8116,0.733079
8117,0.715017
8118,0.88479
8119,0.876316
8120,0.91719
8121,0.910817
8122,0.47087
8123,0.365546
8124,0.386304
8125,0.172753
8126,0.186715
8127,0.124975
8128,0.136282
8129,0.070631
8130,0.070889
8131,0.088175
8132,0.082998
8133,0.215872
8134,0.199605
8135,0.284827
8136,0.2666
8137,0.508198
8138,0.48679
8139,0.593577
8140,0.572183
8141,0.800251
8142,0.784348
8143,0.854454
8144,0.841752
8145,0.930279
8146,0.928434
8147,0.800543
8148,0.815687
8149,0.597888
8150,0.618574
8151,0.513806
8152,0.53495
8153,0.285868
8154,0.304759
8155,0.216542
8156,0.233132
8157,0.092038
8158,0.098821
8159,0.073865
8160,0.075749
8161,0.121736
8162,0.111149
8163,0.170929
8164,0.156563
8165,0.362124
8166,0.342492
8167,0.444858
8168,0.424025
8169,0.676032
8170,0.656393
8171,0.751382
8172,0.733424
8173,0.895348
8174,0.88641
8175,0.921242
8176,0.916312
8177,0.923381
8178,0.8893
8179,0.898348
8180,0.733686
8181,0.75114
8182,0.658
8183,0.677446
8184,0.427823
8185,0.449337
8186,0.344325
8187,0.364777
8188,0.15968
8189,0.172466
8190,0.11521
8191,0.123685
8192,0.072789
8193,0.069967
8194,0.093175
8195,0.087074
8196,0.23272
8197,0.216177
8198,0.304077
8199,0.285586
8200,0.530416
8201,0.508432
8202,0.614724
8203,0.593793
8204,0.815176
8205,0.800204
8206,0.86519
8207,0.852236
8208,0.929605
8209,0.929225
8210,0.929368
8211,0.843763
8212,0.85559
8213,0.784128
8214,0.800395
8215,0.576616
8216,0.597672
8217,0.491802
8218,0.51321
8219,0.266921
8220,0.284983
8221,0.19975
8222,0.215652
8223,0.08281
8224,0.089183
8225,0.069721
8226,0.071567
8227,0.133067
8228,0.122823
8229,0.187155
8230,0.173455
8231,0.382662
8232,0.3629
8233,0.465908
8234,0.444597
8235,0.695955
8236,0.675842
8237,0.766945
8238,0.901993
8239,0.911825
8240,0.917002
8241,0.878264
8242,0.88885
8243,0.715173
8244,0.7334
8245,0.637876
8246,0.657509
8247,0.406423
8248,0.427817
8249,0.323968
8250,0.343607
8251,0.145546
8252,0.158248
8253,0.104652
8254,0.11359
8255,0.077371
8256,0.074596
8257,0.104891
8258,0.096348
8259,0.251655
8260,0.234136
8261,0.323415
8262,0.3032
8263,0.551012
8264,0.927211
8265,0.930033
8266,0.829071
8267,0.843437
8268,0.76728
8269,0.783823
8270,0.555142
8271,0.575975
8272,0.469584
8273,0.491568
8274,0.248618
8275,0.266576
8276,0.184824
8277,0.199796
8278,0.078758
8279,0.083688
8280,0.070395
8281,0.070775
8282,0.146858
8283,0.132914
8284,0.906825
8285,0.912926
8286,0.866933
8287,0.877177
8288,0.695923
8289,0.714414
8290,0.617338
8291,0.6371
8292,0.385276
8293,0.406207
8294,0.304045
8295,0.324158
8296,0.134809
8297,0.147764
8298,0.098007
8299,0.081713
8300,0.92263
8301,0.925404
8302,0.812845
8303,0.826545
8304,0.748345
8305,0.765864
8306,0.534092
8307,0.555403
8308,0.448988
8309,0.233056
8310,0.895109
8311,0.903652
8312,0.853142
8313,0.867086
8314,0.676585
8315,0.6968
8316,0.918288
8317,0.904059
8318,0.782245
8319,0.842351
8320,0.818098
8321,0.929037
8322,0.919736
8323,0.934605
8324,0.930733
8325,0.439321
8326,0.679428
8327,0.646963
8328,0.725395
8329,0.69403
8330,0.869672
8331,0.85067
8332,0.894545
8333,0.878771
8334,0.935769
8335,0.246694
8336,0.322837
8337,0.290781
8338,0.527007
8339,0.491287
8340,0.578339
8341,0.543516
8342,0.7681
8343,0.740201
8344,0.807538
8345,0.782245
8346,0.914525
8347,0.904059
8348,0.929037
8349,0.919736
8350,0.069784
8351,0.06608
8352,0.157999
8353,0.138513
8354,0.193587
8355,0.16925
8356,0.370649
8357,0.336939
8358,0.421748
8359,0.387394
8360,0.629686
8361,0.595508
8362,0.679428
8363,0.646963
8364,0.842351
8365,0.818098
8366,0.869672
8367,0.85067
8368,0.934605
8369,0.930733
8370,0.935769
8371,0.217755
8372,0.095941
8373,0.070963
8374,0.080264
8375,0.085095
8376,0.075908
8377,0.104401
8378,0.090178
8379,0.231182
8380,0.204305
8381,0.275026
8382,0.246694
8383,0.473813
8384,0.439321
8385,0.527007
8386,0.491287
8387,0.725394
8388,0.69403
8389,0.7681
8390,0.740201
8391,0.894545
8392,0.878771
8393,0.914525
8394,0.904059
8395,0.320572
8396,0.353037
8397,0.157649
8398,0.181902
8399,0.130328
8400,0.14933
8401,0.065395
8402,0.069267
8403,0.06507
8404,0.064231
8405,0.127319
8406,0.109489
8407,0.157999
8408,0.138513
8409,0.322837
8410,0.290781
8411,0.370649
8412,0.336939
8413,0.578339
8414,0.543516
8415,0.629686
8416,0.595508
8417,0.807538
8418,0.782245
8419,0.842351
8420,0.818098
8421,0.929037
8422,0.919736
8423,0.934605
8424,0.930733
8425,0.753306
8426,0.560679
8427,0.472993
8428,0.508713
8429,0.274605
8430,0.30597
8431,0.2319
8432,0.259799
8433,0.105455
8434,0.121229
8435,0.085475
8436,0.095941
8437,0.069784
8438,0.06608
8439,0.085095
8440,0.075909
8441,0.193587
8442,0.16925
8443,0.231182
8444,0.204305
8445,0.421748
8446,0.387394
8447,0.473813
8448,0.439321
8449,0.679427
8450,0.646963
8451,0.725394
8452,0.69403
8453,0.869672
8454,0.85067
8455,0.894545
8456,0.878771
8457,0.935769
8458,0.842001
8459,0.861487
8460,0.677163
8461,0.709219
8462,0.629351
8463,0.663061
8464,0.421661
8465,0.456484
8466,0.370314
8467,0.404492
8468,0.192462
8469,0.217755
8470,0.157649
8471,0.181902
8472,0.070963
8473,0.080264
8474,0.065395
8475,0.069267
8476,0.104401
8477,0.090178
8478,0.127319
8479,0.109489
8480,0.275026
8481,0.246694
8482,0.322837
8483,0.290781
8484,0.527007
8485,0.491287
8486,0.578339
8487,0.543516
8488,0.7681
8489,0.740201
8490,0.807538
8491,0.914525
8492,0.930216
8493,0.933921
8494,0.914905
8495,0.924091
8496,0.806413
8497,0.83075
8498,0.768818
8499,0.795695
8500,0.578252
8501,0.612606
8502,0.526187
8503,0.560679
8504,0.320572
8505,0.353037
8506,0.274606
8507,0.30597
8508,0.130328
8509,0.14933
8510,0.105455
8511,0.121229
8512,0.06507
8513,0.064231
8514,0.069784
8515,0.06608
8516,0.157999
8517,0.138513
8518,0.193587
8519,0.16925
8520,0.370649
8521,0.336939
8522,0.421748
8523,0.387394
8524,0.629686
8525,0.595508
8526,0.895599
8527,0.909822
8528,0.872681
8529,0.890511
8530,0.724974
8531,0.753306
8532,0.677163
8533,0.709219
8534,0.472993
8535,0.508713
8536,0.421661
8537,0.456484
8538,0.2319
8539,0.259799
8540,0.192462
8541,0.217755
8542,0.085475
8543,0.095941
8544,0.070963
8545,0.080264
8546,0.085095
8547,0.075909
8548,0.104401
8549,0.090178
8550,0.231182
8551,0.204305
8552,0.275026
8553,0.473813
8554,0.93493
8555,0.930216
8556,0.93392
8557,0.842001
8558,0.861487
8559,0.806413
8560,0.83075
8561,0.629351
8562,0.663061
8563,0.578252
8564,0.612606
8565,0.370314
8566,0.404492
8567,0.320573
8568,0.353037
8569,0.157649
8570,0.181902
8571,0.130328
8572,0.14933
8573,0.065395
8574,0.069267
8575,0.06507
8576,0.064231
8577,0.127319
8578,0.109489
8579,0.914905
8580,0.924091
8581,0.895599
8582,0.909822
8583,0.768818
8584,0.795695
8585,0.724974
8586,0.753306
8587,0.526187
8588,0.560679
8589,0.472993
8590,0.508713
8591,0.274606
8592,0.30597
8593,0.2319
8594,0.259799
8595,0.105455
8596,0.121229
8597,0.085475
8598,0.93493
8599,0.872681
8600,0.890511
8601,0.842001
8602,0.861487
8603,0.677163
8604,0.709219
8605,0.629351
8606,0.663061
8607,0.421661
8608,0.456484
8609,0.370314
8610,0.404492
8611,0.192462
8612,0.930216
8613,0.93392
8614,0.914905
8615,0.924091
8616,0.806413
8617,0.83075
8618,0.768818
8619,0.795695
8620,0.578252
8621,0.612606
8622,0.526187
8623,0.895599
8624,0.909822
8625,0.872681
8626,0.890511
8627,0.724974
8628,0.93493
8629,0.911926
8630,0.853715
8631,0.827551
8632,0.93412
8633,0.924342
8634,0.940472
8635,0.933413
8636,0.475651
8637,0.706188
8638,0.669215
8639,0.737926
8640,0.704322
8641,0.875001
8642,0.852715
8643,0.894379
8644,0.875518
8645,0.941703
8646,0.939153
8647,0.941939
8648,0.359509
8649,0.322744
8650,0.554662
8651,0.514804
8652,0.593558
8653,0.554765
8654,0.770561
8655,0.73907
8656,0.801965
8657,0.771893
8658,0.911144
8659,0.894776
8660,0.924789
8661,0.072354
8662,0.192051
8663,0.164669
8664,0.221372
8665,0.19183
8666,0.397733
8667,0.35932
8668,0.43645
8669,0.398354
8670,0.632855
8671,0.594442
8672,0.670338
8673,0.633332
8674,0.82857
8675,0.802162
8676,0.058258
8677,0.061024
8678,0.100691
8679,0.084953
8680,0.119942
8681,0.100928
8682,0.253259
8683,0.22228
8684,0.288335
8685,0.254473
8686,0.476306
8687,0.436824
8688,0.515874
8689,0.260699
8690,0.106081
8691,0.124731
8692,0.088825
8693,0.104786
8694,0.059212
8695,0.056804
8696,0.063039
8697,0.058394
8698,0.14165
8699,0.120022
8700,0.166204
8701,0.140685
8702,0.323591
8703,0.287484
8704,0.367605
8705,0.406119
8706,0.198146
8707,0.228624
8708,0.171144
8709,0.197495
8710,0.074352
8711,0.087461
8712,0.065642
8713,0.076199
8714,0.072218
8715,0.062823
8716,0.083474
8717,0.777998
8718,0.563779
8719,0.602158
8720,0.524262
8721,0.563593
8722,0.330177
8723,0.367141
8724,0.293759
8725,0.330431
8726,0.145573
8727,0.171921
8728,0.125357
8729,0.14793
8730,0.06068
8731,0.067045
8732,0.858271
8733,0.879799
8734,0.712185
8735,0.746251
8736,0.676943
8737,0.712822
8738,0.48437
8739,0.524528
8740,0.445128
8741,0.484686
8742,0.261218
8743,0.295297
8744,0.229392
8745,0.936227
8746,0.941249
8747,0.92779
8748,0.937445
8749,0.834071
8750,0.859295
8751,0.808121
8752,0.835526
8753,0.640569
8754,0.677407
8755,0.602136
8756,0.640753
8757,0.406175
8758,0.445516
8759,0.916315
8760,0.927548
8761,0.898946
8762,0.91378
8763,0.778844
8764,0.808401
8765,0.746999
8766,0.939923
8767,0.879561
8768,0.898735
8769,0.917298
8770,0.865332
8771,0.840415
8772,0.938607
8773,0.928442
8774,0.945019
8775,0.937028
8776,0.513755
8777,0.693654
8778,0.755835
8779,0.719163
8780,0.881521
8781,0.8575
8782,0.895598
8783,0.873716
8784,0.946238
8785,0.940848
8786,0.945842
8787,0.943971
8788,0.400526
8789,0.359263
8790,0.585398
8791,0.542897
8792,0.613105
8793,0.571623
8794,0.778426
8795,0.743953
8796,0.801256
8797,0.768461
8798,0.908044
8799,0.890189
8800,0.920393
8801,0.903496
8802,0.945026
8803,0.199322
8804,0.256758
8805,0.221992
8806,0.429196
8807,0.387745
8808,0.457699
8809,0.415239
8810,0.641567
8811,0.600106
8812,0.668906
8813,0.627762
8814,0.8223
8815,0.791263
8816,0.841582
8817,0.811378
8818,0.927701
8819,0.913187
8820,0.936508
8821,0.924168
8822,0.059511
8823,0.05414
8824,0.126363
8825,0.104654
8826,0.142796
8827,0.118844
8828,0.281634
8829,0.244644
8830,0.307144
8831,0.270009
8832,0.486721
8833,0.443719
8834,0.515032
8835,0.472166
8836,0.69511
8837,0.655532
8838,0.719898
8839,0.680365
8840,0.857145
8841,0.829028
8842,0.872204
8843,0.84609
8844,0.941162
8845,0.930689
8846,0.94429
8847,0.938109
8848,0.082702
8849,0.061393
8850,0.071558
8851,0.063296
8852,0.055148
8853,0.071373
8854,0.06084
8855,0.159831
8856,0.134364
8857,0.181029
8858,0.153307
8859,0.333466
8860,0.294242
8861,0.359905
8862,0.320192
8863,0.543882
8864,0.500691
8865,0.571487
8866,0.528063
8867,0.742353
8868,0.705431
8869,0.765498
8870,0.731001
8871,0.887188
8872,0.864936
8873,0.901199
8874,0.879935
8875,0.946639
8876,0.942519
8877,0.943937
8878,0.306346
8879,0.134668
8880,0.159585
8881,0.118479
8882,0.1425
8883,0.054981
8884,0.062972
8885,0.053762
8886,0.059152
8887,0.081536
8888,0.069671
8889,0.093554
8890,0.077286
8891,0.201306
8892,0.171099
8893,0.222594
8894,0.189914
8895,0.387733
8896,0.345247
8897,0.414465
8898,0.373282
8899,0.598721
8900,0.557079
8901,0.627454
8902,0.586086
8903,0.789545
8904,0.755637
8905,0.809639
8906,0.777203
8907,0.911853
8908,0.893574
8909,0.922215
8910,0.905495
8911,0.945463
8912,0.486245
8913,0.414601
8914,0.457103
8915,0.244165
8916,0.280837
8917,0.221574
8918,0.256047
8919,0.104402
8920,0.126284
8921,0.091956
8922,0.109811
8923,0.054158
8924,0.056029
8925,0.056117
8926,0.054974
8927,0.106002
8928,0.087471
8929,0.119568
8930,0.098365
8931,0.244313
8932,0.210437
8933,0.26973
8934,0.235005
8935,0.443403
8936,0.401701
8937,0.472141
8938,0.428594
8939,0.654927
8940,0.612372
8941,0.679798
8942,0.639954
8943,0.828738
8944,0.798679
8945,0.846055
8946,0.819082
8947,0.929379
8948,0.800678
8949,0.599474
8950,0.640737
8951,0.570804
8952,0.612255
8953,0.386895
8954,0.428377
8955,0.358433
8956,0.399894
8957,0.198744
8958,0.231539
8959,0.1777
8960,0.208737
8961,0.079607
8962,0.096504
8963,0.072299
8964,0.086813
8965,0.057468
8966,0.053252
8967,0.061469
8968,0.055425
8969,0.134862
8970,0.112692
8971,0.153823
8972,0.127459
8973,0.295119
8974,0.257857
8975,0.32
8976,0.280269
8977,0.499361
8978,0.456072
8979,0.527623
8980,0.485004
8981,0.705849
8982,0.666996
8983,0.730693
8984,0.873637
8985,0.895346
8986,0.743242
8987,0.778008
8988,0.718366
8989,0.755356
8990,0.542301
8991,0.584761
8992,0.513278
8993,0.556281
8994,0.331094
8995,0.372238
8996,0.30489
8997,0.344468
8998,0.158419
8999,0.188622
9000,0.142855
9001,0.170972
9002,0.063492
9003,0.075832
9004,0.058837
9005,0.069311
9006,0.068753
9007,0.058648
9008,0.07538
9009,0.063509
9010,0.171025
9011,0.142679
9012,0.18879
9013,0.158705
9014,0.344576
9015,0.305228
9016,0.372381
9017,0.33151
9018,0.556532
9019,0.940489
9020,0.94586
9021,0.936703
9022,0.944852
9023,0.857204
9024,0.881156
9025,0.840169
9026,0.865636
9027,0.692856
9028,0.729991
9029,0.666534
9030,0.705758
9031,0.484968
9032,0.527834
9033,0.456118
9034,0.499309
9035,0.280102
9036,0.319635
9037,0.257647
9038,0.294569
9039,0.127796
9040,0.15391
9041,0.112812
9042,0.135065
9043,0.05571
9044,0.061891
9045,0.053361
9046,0.057481
9047,0.086339
9048,0.07187
9049,0.096876
9050,0.080323
9051,0.209153
9052,0.178488
9053,0.232218
9054,0.928627
9055,0.93916
9056,0.918464
9057,0.930329
9058,0.818971
9059,0.846693
9060,0.798694
9061,0.828901
9062,0.640095
9063,0.679808
9064,0.612267
9065,0.654753
9066,0.428513
9067,0.471937
9068,0.401279
9069,0.442921
9070,0.234503
9071,0.269
9072,0.210455
9073,0.244363
9074,0.098801
9075,0.120065
9076,0.088147
9077,0.106426
9078,0.054456
9079,0.056063
9080,0.056166
9081,0.054537
9082,0.11096
9083,0.092245
9084,0.906446
9085,0.922714
9086,0.893998
9087,0.912529
9088,0.777406
9089,0.810086
9090,0.755687
9091,0.789563
9092,0.585535
9093,0.626718
9094,0.556597
9095,0.598299
9096,0.372546
9097,0.413914
9098,0.345073
9099,0.387628
9100,0.190361
9101,0.222797
9102,0.171261
9103,0.201321
9104,0.077785
9105,0.094505
9106,0.070621
9107,0.943883
9108,0.942532
9109,0.946748
9110,0.880432
9111,0.901635
9112,0.865138
9113,0.887308
9114,0.73027
9115,0.764995
9116,0.704881
9117,0.742143
9118,0.527859
9119,0.571406
9120,0.500639
9121,0.543928
9122,0.320202
9123,0.360046
9124,0.294151
9125,0.333004
9126,0.153945
9127,0.180918
9128,0.938531
9129,0.944575
9130,0.931248
9131,0.941353
9132,0.846177
9133,0.872541
9134,0.828975
9135,0.857321
9136,0.68
9137,0.719731
9138,0.655424
9139,0.694772
9140,0.472377
9141,0.514996
9142,0.443468
9143,0.269307
9144,0.92462
9145,0.936491
9146,0.913661
9147,0.92813
9148,0.81121
9149,0.841295
9150,0.790847
9151,0.821512
9152,0.627619
9153,0.66849
9154,0.945544
9155,0.903124
9156,0.919677
9157,0.88904
9158,0.907755
9159,0.767782
9160,0.943834
9161,0.932399
9162,0.931998
9163,0.698465
9164,0.869842
9165,0.860877
9166,0.906072
9167,0.898942
9168,0.2751
9169,0.484467
9170,0.585653
9171,0.567726
9172,0.783273
9173,0.768821
9174,0.838944
9175,0.827035
9176,0.927219
9177,0.92468
9178,0.932811
9179,0.123739
9180,0.183308
9181,0.169895
9182,0.366976
9183,0.3491
9184,0.448041
9185,0.428359
9186,0.665643
9187,0.647061
9188,0.736647
9189,0.720464
9190,0.883947
9191,0.873933
9192,0.914373
9193,0.908915
9194,0.08605
9195,0.09166
9196,0.078661
9197,0.073736
9198,0.106037
9199,0.099151
9200,0.243826
9201,0.228422
9202,0.313959
9203,0.297876
9204,0.529477
9205,0.510397
9206,0.610271
9207,0.592173
9208,0.80099
9209,0.787659
9210,0.853211
9211,0.842004
9212,0.932176
9213,0.929199
9214,0.407524
9215,0.19836
9216,0.211747
9217,0.146835
9218,0.158179
9219,0.068522
9220,0.070903
9221,0.069654
9222,0.069417
9223,0.147964
9224,0.137761
9225,0.201996
9226,0.189126
9227,0.392136
9228,0.374067
9229,0.473199
9230,0.454846
9231,0.688539
9232,0.671439
9233,0.758864
9234,0.744837
9235,0.894245
9236,0.887129
9237,0.921871
9238,0.91713
9239,0.811307
9240,0.626089
9241,0.526684
9242,0.545198
9243,0.311075
9244,0.328297
9245,0.241002
9246,0.255381
9247,0.106289
9248,0.113867
9249,0.079163
9250,0.083384
9251,0.087543
9252,0.082438
9253,0.119329
9254,0.110669
9255,0.266295
9256,0.250251
9257,0.338836
9258,0.32229
9259,0.556078
9260,0.537973
9261,0.637459
9262,0.619472
9263,0.820659
9264,0.807914
9265,0.869487
9266,0.859697
9267,0.932573
9268,0.931767
9269,0.91855
9270,0.881662
9271,0.889931
9272,0.733795
9273,0.749688
9274,0.661085
9275,0.677773
9276,0.443768
9277,0.462213
9278,0.36254
9279,0.380154
9280,0.180027
9281,0.192199
9282,0.130323
9283,0.139825
9284,0.067892
9285,0.068743
9286,0.073855
9287,0.071066
9288,0.164164
9289,0.152557
9290,0.221761
9291,0.208243
9292,0.418885
9293,0.400903
9294,0.50155
9295,0.483313
9296,0.713143
9297,0.697014
9298,0.781685
9299,0.767665
9300,0.90527
9301,0.897861
9302,0.926887
9303,0.924982
9304,0.926899
9305,0.929675
9306,0.835869
9307,0.847291
9308,0.778195
9309,0.791429
9310,0.581165
9311,0.598903
9312,0.497983
9313,0.5162
9314,0.286519
9315,0.301884
9316,0.217121
9317,0.232085
9318,0.09505
9319,0.103002
9320,0.073788
9321,0.075788
9322,0.095548
9323,0.089554
9324,0.132692
9325,0.123193
9326,0.289893
9327,0.273962
9328,0.365694
9329,0.34814
9330,0.584662
9331,0.566622
9332,0.66473
9333,0.646381
9334,0.837948
9335,0.826629
9336,0.88481
9337,0.874723
9338,0.93242
9339,0.904561
9340,0.910346
9341,0.867026
9342,0.876616
9343,0.709956
9344,0.725897
9345,0.633936
9346,0.651411
9347,0.414866
9348,0.43284
9349,0.334989
9350,0.353051
9351,0.162739
9352,0.174031
9353,0.116551
9354,0.125876
9355,0.067232
9356,0.06648
9357,0.077829
9358,0.073221
9359,0.182562
9360,0.169595
9361,0.243374
9362,0.227873
9363,0.446782
9364,0.427504
9365,0.52877
9366,0.510033
9367,0.736295
9368,0.720388
9369,0.80164
9370,0.788253
9371,0.91395
9372,0.90834
9373,0.931478
9374,0.929097
9375,0.932531
9376,0.922092
9377,0.927482
9378,0.817011
9379,0.830189
9380,0.756221
9381,0.771724
9382,0.552557
9383,0.571941
9384,0.470622
9385,0.489603
9386,0.263459
9387,0.279417
9388,0.19855
9389,0.211826
9390,0.084847
9391,0.090209
9392,0.067474
9393,0.070355
9394,0.105745
9395,0.098517
9396,0.147032
9397,0.136113
9398,0.313256
9399,0.297227
9400,0.391791
9401,0.373911
9402,0.610133
9403,0.592476
9404,0.688925
9405,0.671703
9406,0.853165
9407,0.841821
9408,0.893711
9409,0.886133
9410,0.894807
9411,0.901808
9412,0.852558
9413,0.862522
9414,0.686229
9415,0.702481
9416,0.607991
9417,0.625984
9418,0.389659
9419,0.407551
9420,0.311158
9421,0.328356
9422,0.146397
9423,0.157858
9424,0.105942
9425,0.113467
9426,0.069229
9427,0.068697
9428,0.086955
9429,0.08145
9430,0.200896
9431,0.188693
9432,0.266205
9433,0.250312
9434,0.473316
9435,0.454802
9436,0.556232
9437,0.537787
9438,0.758998
9439,0.744619
9440,0.819973
9441,0.807801
9442,0.920837
9443,0.916616
9444,0.932108
9445,0.931257
9446,0.930688
9447,0.931517
9448,0.912584
9449,0.918273
9450,0.798118
9451,0.811092
9452,0.733523
9453,0.749534
9454,0.526609
9455,0.544968
9456,0.443626
9457,0.461495
9458,0.240846
9459,0.254705
9460,0.179574
9461,0.191884
9462,0.078703
9463,0.083155
9464,0.067601
9465,0.068002
9466,0.118338
9467,0.110069
9468,0.164131
9469,0.152709
9470,0.338915
9471,0.322227
9472,0.418835
9473,0.401097
9474,0.63746
9475,0.619846
9476,0.713481
9477,0.698116
9478,0.869677
9479,0.860175
9480,0.90495
9481,0.896998
9482,0.881186
9483,0.889615
9484,0.835972
9485,0.847364
9486,0.660868
9487,0.677371
9488,0.580658
9489,0.598481
9490,0.361568
9491,0.379435
9492,0.286173
9493,0.301535
9494,0.130158
9495,0.139123
9496,0.093928
9497,0.101058
9498,0.073101
9499,0.070326
9500,0.095439
9501,0.089654
9502,0.221805
9503,0.208571
9504,0.290044
9505,0.274103
9506,0.502017
9507,0.4838
9508,0.585134
9509,0.56716
9510,0.782879
9511,0.767915
9512,0.837261
9513,0.825969
9514,0.926212
9515,0.924212
9516,0.93352
9517,0.926547
9518,0.929256
9519,0.904544
9520,0.910328
9521,0.777936
9522,0.791072
9523,0.70941
9524,0.7249
9525,0.4977
9526,0.515533
9527,0.414347
9528,0.432274
9529,0.216727
9530,0.231179
9531,0.161056
9532,0.172965
9533,0.072781
9534,0.07532
9535,0.06747
9536,0.067189
9537,0.132974
9538,0.123384
9539,0.182989
9540,0.169811
9541,0.366064
9542,0.348589
9543,0.447443
9544,0.428059
9545,0.665011
9546,0.646949
9547,0.736541
9548,0.720583
9549,0.883449
9550,0.874124
9551,0.915153
9552,0.909791
9553,0.932618
9554,0.866855
9555,0.876261
9556,0.816692
9557,0.830105
9558,0.633024
9559,0.6509
9560,0.551959
9561,0.571641
9562,0.334357
9563,0.352939
9564,0.263353
9565,0.279536
9566,0.116053
9567,0.126068
9568,0.085627
9569,0.091085
9570,0.077908
9571,0.072518
9572,0.105193
9573,0.098193
9574,0.243779
9575,0.228276
9576,0.313771
9577,0.297519
9578,0.529378
9579,0.510397
9580,0.610341
9581,0.592449
9582,0.80145
9583,0.788174
9584,0.853603
9585,0.842142
9586,0.932526
9587,0.929645
9588,0.921339
9589,0.926264
9590,0.893963
9591,0.900849
9592,0.756175
9593,0.771578
9594,0.686041
9595,0.702124
9596,0.470523
9597,0.489603
9598,0.389729
9599,0.407827
9600,0.19901
9601,0.21234
9602,0.146789
9603,0.157996
9604,0.067824
9605,0.070801
9606,0.069312
9607,0.068483
9608,0.147443
9609,0.137478
9610,0.201882
9611,0.188908
9612,0.392009
9613,0.374016
9614,0.473391
9615,0.455032
9616,0.688842
9617,0.671644
9618,0.759154
9619,0.745295
9620,0.894058
9621,0.886533
9622,0.921297
9623,0.916845
9624,0.930346
9625,0.930583
9626,0.852036
9627,0.862239
9628,0.798004
9629,0.810874
9630,0.607864
9631,0.625933
9632,0.526801
9633,0.545154
9634,0.311461
9635,0.328561
9636,0.241136
9637,0.255163
9638,0.105755
9639,0.112871
9640,0.078129
9641,0.08287
9642,0.087416
9643,0.081727
9644,0.118814
9645,0.110385
9646,0.266477
9647,0.250466
9648,0.339132
9649,0.322629
9650,0.556374
9651,0.538505
9652,0.638432
9653,0.620565
9654,0.820426
9655,0.808116
9656,0.912457
9657,0.917562
9658,0.880671
9659,0.889331
9660,0.733705
9661,0.749749
9662,0.661164
9663,0.67771
9664,0.443922
9665,0.462027
9666,0.362541
9667,0.380528
9668,0.179341
9669,0.192086
9670,0.130513
9671,0.140303
9672,0.067427
9673,0.068233
9674,0.073453
9675,0.070745
9676,0.164028
9677,0.152636
9678,0.222064
9679,0.208928
9680,0.419342
9681,0.401519
9682,0.5023
9683,0.713827
9684,0.926145
9685,0.928934
9686,0.835836
9687,0.847443
9688,0.778239
9689,0.791757
9690,0.581115
9691,0.599097
9692,0.49845
9693,0.516687
9694,0.286857
9695,0.302985
9696,0.218315
9697,0.232335
9698,0.09473
9699,0.102139
9700,0.073113
9701,0.075018
9702,0.095456
9703,0.089672
9704,0.133145
9705,0.29059
9706,0.904452
9707,0.910446
9708,0.867308
9709,0.876807
9710,0.710107
9711,0.726038
9712,0.634306
9713,0.65186
9714,0.415338
9715,0.433378
9716,0.33527
9717,0.353618
9718,0.162052
9719,0.173371
9720,0.11519
9721,0.125278
9722,0.067382
9723,0.06758
9724,0.932768
9725,0.922171
9726,0.926779
9727,0.817438
9728,0.830405
9729,0.756625
9730,0.772127
9731,0.553218
9732,0.572496
9733,0.47123
9734,0.489967
9735,0.263705
9736,0.279612
9737,0.894255
9738,0.901483
9739,0.852968
9740,0.863887
9741,0.686744
9742,0.702772
9743,0.608209
9744,0.389867
9745,0.930771
9746,0.931303
9747,0.913045
9748,0.799104
9749,0.896319
9750,0.768731
9751,0.83712
9752,0.825792
9753,0.929827
9754,0.925525
9755,0.941969
9756,0.939727
9757,0.467508
9758,0.450835
9759,0.671986
9760,0.656347
9761,0.741701
9762,0.727835
9763,0.881494
9764,0.873459
9765,0.914937
9766,0.908835
9767,0.115898
9768,0.270399
9769,0.256154
9770,0.341752
9771,0.326357
9772,0.546862
9773,0.530249
9774,0.624798
9775,0.609093
9776,0.804103
9777,0.791603
9778,0.854819
9779,0.844676
9780,0.934346
9781,0.931978
9782,0.939575
9783,0.10368
9784,0.058322
9785,0.071642
9786,0.067244
9787,0.172001
9788,0.160834
9789,0.230109
9790,0.217984
9791,0.418376
9792,0.403143
9793,0.4985
9794,0.483044
9795,0.699325
9796,0.685725
9797,0.767376
9798,0.754387
9799,0.895224
9800,0.886923
9801,0.922852
9802,0.919914
9803,0.231269
9804,0.16288
9805,0.174208
9806,0.070173
9807,0.074475
9808,0.058031
9809,0.060272
9810,0.100335
9811,0.095321
9812,0.142218
9813,0.13415
9814,0.298814
9815,0.285463
9816,0.372987
9817,0.357573
9818,0.57928
9819,0.563368
9820,0.656467
9821,0.640987
9822,0.824338
9823,0.813924
9824,0.873104
9825,0.864953
9826,0.940241
9827,0.937929
9828,0.532492
9829,0.549165
9830,0.328014
9831,0.343653
9832,0.258299
9833,0.272165
9834,0.118506
9835,0.126541
9836,0.085063
9837,0.091165
9838,0.064905
9839,0.063088
9840,0.084461
9841,0.078564
9842,0.196127
9843,0.184531
9844,0.257838
9845,0.244436
9846,0.451397
9847,0.435066
9848,0.531092
9849,0.514833
9850,0.728207
9851,0.714584
9852,0.79317
9853,0.781344
9854,0.909294
9855,0.90225
9856,0.932626
9857,0.929513
9858,0.884102
9859,0.729601
9860,0.743846
9861,0.658248
9862,0.673643
9863,0.453138
9864,0.469751
9865,0.375202
9866,0.390907
9867,0.195897
9868,0.208397
9869,0.145181
9870,0.155324
9871,0.065654
9872,0.068022
9873,0.060013
9874,0.060425
9875,0.116762
9876,0.108451
9877,0.162565
9878,0.153308
9879,0.327309
9880,0.312503
9881,0.403628
9882,0.388676
9883,0.610235
9884,0.595179
9885,0.686802
9886,0.671611
9887,0.845821
9888,0.836238
9889,0.889498
9890,0.881473
9891,0.939827
9892,0.940618
9893,0.941678
9894,0.928358
9895,0.932756
9896,0.827999
9897,0.839166
9898,0.769891
9899,0.782016
9900,0.581624
9901,0.596857
9902,0.5015
9903,0.516956
9904,0.300675
9905,0.314275
9906,0.232624
9907,0.245613
9908,0.104776
9909,0.113077
9910,0.077148
9911,0.080086
9912,0.068573
9913,0.065296
9914,0.095965
9915,0.089278
9916,0.218316
9917,0.206412
9918,0.285197
9919,0.27115
9920,0.483766
9921,0.467531
9922,0.563568
9923,0.546909
9924,0.754614
9925,0.740999
9926,0.814548
9927,0.803725
9928,0.920484
9929,0.915315
9930,0.937612
9931,0.934343
9932,0.899665
9933,0.904679
9934,0.857782
9935,0.86585
9936,0.701186
9937,0.714537
9938,0.627013
9939,0.642427
9940,0.42072
9941,0.436632
9942,0.343533
9943,0.359013
9944,0.175662
9945,0.186076
9946,0.126896
9947,0.135047
9948,0.059759
9949,0.062071
9950,0.061802
9951,0.060208
9952,0.133787
9953,0.12516
9954,0.184496
9955,0.173415
9956,0.357725
9957,0.342138
9958,0.4348
9959,0.418589
9960,0.640789
9961,0.625151
9962,0.714085
9963,0.700267
9964,0.864692
9965,0.855773
9966,0.902103
9967,0.935095
9968,0.936912
9969,0.915539
9970,0.921436
9971,0.803873
9972,0.815469
9973,0.742162
9974,0.755564
9975,0.548603
9976,0.564934
9977,0.468908
9978,0.485168
9979,0.271793
9980,0.285416
9981,0.20683
9982,0.218656
9983,0.090706
9984,0.09775
9985,0.067374
9986,0.070487
9987,0.078568
9988,0.074681
9989,0.109532
9990,0.101575
9991,0.244322
9992,0.231464
9993,0.312619
9994,0.29899
9995,0.514402
9996,0.498802
9997,0.594852
9998,0.579427
9999,0.781201
10000,0.939987
10001,0.883238
10002,0.891549
10003,0.837435
10004,0.846692
10005,0.672691
10006,0.687497
10007,0.596372
10008,0.611324
10009,0.389765
10010,0.404821
10011,0.313198
10012,0.328389
10013,0.154179
10014,0.163762
10015,0.110502
10016,0.118527
10017,0.060172
10018,0.059382
10019,0.06544
10020,0.063682
10021,0.153351
10022,0.1429
10023,0.206882
10024,0.19518
10025,0.388464
10026,0.37294
10027,0.931427
10028,0.934704
10029,0.904035
10030,0.910722
10031,0.781683
10032,0.793588
10033,0.714803
10034,0.72885
10035,0.516234
10036,0.532469
10037,0.436432
10038,0.453091
10039,0.245386
10040,0.259001
10041,0.185452
10042,0.196275
10043,0.079516
10044,0.084685
10045,0.062388
10046,0.065657
10047,0.08891
10048,0.084025
10049,0.125261
10050,0.938198
10051,0.939792
10052,0.866213
10053,0.87484
10054,0.815504
10055,0.826585
10056,0.642275
10057,0.657862
10058,0.5652
10059,0.58141
10060,0.359211
10061,0.374849
10062,0.285915
10063,0.299733
10064,0.135308
10065,0.144227
10066,0.097897
10067,0.060461
10068,0.921432
10069,0.925319
10070,0.890468
10071,0.898425
10072,0.755679
10073,0.768536
10074,0.687381
10075,0.70101
10076,0.485598
10077,0.501198
10078,0.405148
10079,0.420573
10080,0.218799
10081,0.93456
10082,0.936318
10083,0.846649
10084,0.8571
10085,0.793118
10086,0.80482
10087,0.611536
10088,0.62706
10089,0.91109
10090,0.915975
10091,0.874739
10092,0.939539
10093,0.904335
10094,0.845734
10095,0.830699
10096,0.934598
10097,0.929195
10098,0.945439
10099,0.942124
10100,0.475624
10101,0.691716
10102,0.670964
10103,0.749
10104,0.731087
10105,0.88376
10106,0.872795
10107,0.913735
10108,0.904335
10109,0.138975
10110,0.285143
10111,0.36659
10112,0.345816
10113,0.564498
10114,0.542608
10115,0.630078
10116,0.607702
10117,0.802244
10118,0.785009
10119,0.845734
10120,0.830699
10121,0.934598
10122,0.929195
10123,0.945439
10124,0.942124
10125,0.086438
10126,0.079527
10127,0.196188
10128,0.18083
10129,0.247784
10130,0.229975
10131,0.432317
10132,0.410174
10133,0.498165
10134,0.475624
10135,0.691716
10136,0.670964
10137,0.749
10138,0.731087
10139,0.88376
10140,0.872795
10141,0.913735
10142,0.904335
10143,0.127545
10144,0.055301
10145,0.05879
10146,0.056554
10147,0.054228
10148,0.116002
10149,0.103748
10150,0.151711
10151,0.138975
10152,0.305368
10153,0.285143
10154,0.366591
10155,0.345815
10156,0.564498
10157,0.542608
10158,0.630078
10159,0.607701
10160,0.802244
10161,0.785009
10162,0.845734
10163,0.830699
10164,0.934598
10165,0.929195
10166,0.945439
10167,0.942124
10168,0.457208
10169,0.268667
10170,0.197439
10171,0.214399
10172,0.086589
10173,0.095984
10174,0.065555
10175,0.070926
10176,0.064777
10177,0.060698
10178,0.086438
10179,0.079527
10180,0.196188
10181,0.18083
10182,0.247783
10183,0.229975
10184,0.432317
10185,0.410174
10186,0.498165
10187,0.475624
10188,0.691716
10189,0.670964
10190,0.749
10191,0.731087
10192,0.88376
10193,0.872795
10194,0.913735
10195,0.567624
10196,0.589365
10197,0.369767
10198,0.391705
10199,0.307768
10200,0.328712
10201,0.153968
10202,0.168993
10203,0.116984
10204,0.127545
10205,0.055301
10206,0.058791
10207,0.056554
10208,0.054228
10209,0.116001
10210,0.103747
10211,0.151711
10212,0.138975
10213,0.305368
10214,0.285143
10215,0.366591
10216,0.345816
10217,0.564498
10218,0.542608
10219,0.630078
10220,0.607702
10221,0.802244
10222,0.785009
10223,0.896113
10224,0.751811
10225,0.76948
10226,0.694155
10227,0.714609
10228,0.501486
10229,0.524277
10230,0.435545
10231,0.457208
10232,0.250755
10233,0.268667
10234,0.197439
10235,0.214399
10236,0.086589
10237,0.095984
10238,0.065555
10239,0.070926
10240,0.064777
10241,0.060698
10242,0.086438
10243,0.079527
10244,0.196188
10245,0.18083
10246,0.247783
10247,0.229975
10248,0.432317
10249,0.410174
10250,0.498165
10251,0.946116
10252,0.935658
10253,0.939906
10254,0.847933
10255,0.861044
10256,0.803667
10257,0.819312
10258,0.633188
10259,0.654183
10260,0.567624
10261,0.589365
10262,0.369767
10263,0.391705
10264,0.307768
10265,0.328712
10266,0.153967
10267,0.168993
10268,0.116984
10269,0.127545
10270,0.055301
10271,0.05879
10272,0.056554
10273,0.054228
10274,0.116002
10275,0.103747
10276,0.151711
10277,0.305368
10278,0.914172
10279,0.92131
10280,0.883856
10281,0.896113
10282,0.751811
10283,0.76948
10284,0.694155
10285,0.714609
10286,0.501486
10287,0.524277
10288,0.435545
10289,0.457208
10290,0.250755
10291,0.268667
10292,0.197439
10293,0.214399
10294,0.086589
10295,0.095984
10296,0.065555
10297,0.070926
10298,0.064777
10299,0.060698
10300,0.944183
10301,0.946116
10302,0.935658
10303,0.939906
10304,0.847933
10305,0.861045
10306,0.803667
10307,0.819312
10308,0.633188
10309,0.654183
10310,0.567624
10311,0.589365
10312,0.369767
10313,0.391705
10314,0.307768
10315,0.328712
10316,0.153967
10317,0.168993
10318,0.116984
10319,0.914172
10320,0.92131
10321,0.883856
10322,0.896113
10323,0.751811
10324,0.76948
10325,0.694155
10326,0.714609
10327,0.501486
10328,0.524277
10329,0.435545
10330,0.250755
10331,0.944183
10332,0.946116
10333,0.935658
10334,0.939906
10335,0.847933
10336,0.861045
10337,0.803667
10338,0.819312
10339,0.633188
10340,0.654183
10341,0.914172
10342,0.92131
10343,0.883856
10344,0.944184
10345,0.910785
10346,0.857778
10347,0.841143
10348,0.93756
10349,0.931225
10350,0.949525
10351,0.946298
10352,0.507087
10353,0.71643
10354,0.692622
10355,0.763013
10356,0.740339
10357,0.887835
10358,0.873704
10359,0.912284
10360,0.900736
10361,0.953759
10362,0.322062
10363,0.399948
10364,0.373537
10365,0.588553
10366,0.561077
10367,0.640835
10368,0.613204
10369,0.80418
10370,0.781822
10371,0.840107
10372,0.821265
10373,0.932966
10374,0.923481
10375,0.946015
10376,0.939362
10377,0.10865
10378,0.095752
10379,0.228536
10380,0.207767
10381,0.274368
10382,0.251417
10383,0.453059
10384,0.425212
10385,0.505778
10386,0.477452
10387,0.68947
10388,0.663177
10389,0.736005
10390,0.711746
10391,0.872938
10392,0.856177
10393,0.900038
10394,0.88735
10395,0.950069
10396,0.946495
10397,0.089215
10398,0.051358
10399,0.060005
10400,0.053298
10401,0.136435
10402,0.121265
10403,0.169941
10404,0.151392
10405,0.321991
10406,0.295756
10407,0.370611
10408,0.344396
10409,0.558213
10410,0.530947
10411,0.611048
10412,0.585317
10413,0.780165
10414,0.759582
10415,0.822809
10416,0.804274
10417,0.921742
10418,0.142222
10419,0.158857
10420,0.06244
10421,0.068775
10422,0.050475
10423,0.053702
10424,0.072673
10425,0.062326
10426,0.092493
10427,0.081748
10428,0.206654
10429,0.187213
10430,0.248851
10431,0.226741
10432,0.422973
10433,0.396519
10434,0.477402
10435,0.451447
10436,0.664259
10437,0.640042
10438,0.492913
10439,0.28357
10440,0.307378
10441,0.236987
10442,0.259661
10443,0.112165
10444,0.126296
10445,0.087716
10446,0.099265
10447,0.045561
10448,0.046241
10449,0.051167
10450,0.048353
10451,0.120849
10452,0.106913
10453,0.151283
10454,0.135711
10455,0.294566
10456,0.271494
10457,0.345784
10458,0.533647
10459,0.677938
10460,0.600052
10461,0.626463
10462,0.411447
10463,0.438923
10464,0.359165
10465,0.386796
10466,0.19582
10467,0.218178
10468,0.159893
10469,0.178735
10470,0.067034
10471,0.076519
10472,0.053985
10473,0.060638
10474,0.064118
10475,0.058825
10476,0.084696
10477,0.075985
10478,0.187356
10479,0.169729
10480,0.89135
10481,0.904248
10482,0.771464
10483,0.792233
10484,0.725632
10485,0.748583
10486,0.546941
10487,0.574788
10488,0.494222
10489,0.522548
10490,0.31053
10491,0.336823
10492,0.263995
10493,0.288254
10494,0.127062
10495,0.143824
10496,0.099962
10497,0.11265
10498,0.049931
10499,0.053505
10500,0.053515
10501,0.948642
10502,0.939995
10503,0.946702
10504,0.863565
10505,0.878735
10506,0.830058
10507,0.848608
10508,0.678009
10509,0.704244
10510,0.629389
10511,0.655604
10512,0.441787
10513,0.469053
10514,0.388952
10515,0.414683
10516,0.219835
10517,0.240418
10518,0.177191
10519,0.195725
10520,0.078258
10521,0.927327
10522,0.937674
10523,0.907507
10524,0.918252
10525,0.793346
10526,0.812787
10527,0.751149
10528,0.773259
10529,0.577027
10530,0.603481
10531,0.522598
10532,0.548553
10533,0.335741
10534,0.359958
10535,0.954439
10536,0.948833
10537,0.951647
10538,0.879151
10539,0.893086
10540,0.848717
10541,0.864289
10542,0.705434
10543,0.728506
10544,0.654216
10545,0.466353
10546,0.935882
10547,0.941175
10548,0.915304
10549,0.924015
10550,0.812644
10551,0.830271
10552,0.946485
10553,0.922866
10554,0.961496
10555,0.872761
10556,0.85287
10557,0.945642
10558,0.936033
10559,0.953383
10560,0.944919
10561,0.5607
10562,0.72344
10563,0.780498
10564,0.752806
10565,0.892423
10566,0.873601
10567,0.907916
10568,0.891425
10569,0.957472
10570,0.953213
10571,0.961259
10572,0.95951
10573,0.457956
10574,0.423736
10575,0.627852
10576,0.594079
10577,0.660432
10578,0.62749
10579,0.806715
10580,0.780039
10581,0.830074
10582,0.806082
10583,0.922671
10584,0.908185
10585,0.936308
10586,0.136567
10587,0.263036
10588,0.324483
10589,0.29316
10590,0.491765
10591,0.45784
10592,0.526148
10593,0.491818
10594,0.692312
10595,0.660687
10596,0.723324
10597,0.692697
10598,0.852153
10599,0.829702
10600,0.082891
10601,0.069213
10602,0.182066
10603,0.157582
10604,0.206914
10605,0.182584
10606,0.357405
10607,0.324787
10608,0.390278
10609,0.357615
10610,0.560638
10611,0.526522
10612,0.594618
10613,0.752775
10614,0.077134
10615,0.038504
10616,0.043038
10617,0.040047
10618,0.098563
10619,0.083891
10620,0.118055
10621,0.100173
10622,0.234832
10623,0.207127
10624,0.263435
10625,0.234513
10626,0.424346
10627,0.39035
10628,0.127239
10629,0.14713
10630,0.054358
10631,0.063967
10632,0.046617
10633,0.055081
10634,0.050443
10635,0.044671
10636,0.059397
10637,0.050196
10638,0.137276
10639,0.117819
10640,0.158141
10641,0.293445
10642,0.4393
10643,0.27656
10644,0.219502
10645,0.247194
10646,0.107577
10647,0.126399
10648,0.092084
10649,0.108575
10650,0.042528
10651,0.046787
10652,0.038741
10653,0.04049
10654,0.070597
10655,0.058156
10656,0.542044
10657,0.576264
10658,0.372148
10659,0.405921
10660,0.339568
10661,0.37251
10662,0.193285
10663,0.219961
10664,0.169926
10665,0.193918
10666,0.077329
10667,0.091815
10668,0.063692
10669,0.038757
10670,0.863433
10671,0.736965
10672,0.675517
10673,0.70684
10674,0.508235
10675,0.54216
10676,0.473852
10677,0.508182
10678,0.307688
10679,0.339313
10680,0.276675
10681,0.307303
10682,0.147847
10683,0.170298
10684,0.917109
10685,0.930787
10686,0.817934
10687,0.842418
10688,0.793086
10689,0.817416
10690,0.642595
10691,0.675213
10692,0.609722
10693,0.642385
10694,0.439363
10695,0.473478
10696,0.405382
10697,0.247225
10698,0.956962
10699,0.959953
10700,0.901437
10701,0.916109
10702,0.881945
10703,0.899827
10704,0.765168
10705,0.792873
10706,0.736565
10707,0.765487
10708,0.575654
10709,0.60965
10710,0.949557
10711,0.955329
10712,0.940604
10713,0.949804
10714,0.862724
10715,0.882181
10716,0.841858
10717,0.706555
10718,0.929403
10719,0.941844
10720,0.961243
