,Calculated atomic coordinates w'
0,0.017014
1,0.232369
2,0.088712
3,0.039796
4,0.157373
5,0.25597
6,0.374735
7,0.114944
8,0.182779
9,0.302196
10,0.398581
11,0.51733
12,0.469452
13,0.588946
14,0.68244
15,0.80193
16,0.327502
17,0.443517
18,0.540172
19,0.657521
20,0.614939
21,0.732213
22,0.827503
23,0.943402
24,0.898389
25,0.75629
26,0.875088
27,0.969157
28,0.058651
29,0.020882
30,0.085676
31,0.174486
32,0.123074
33,0.211887
34,0.277407
35,0.366505
36,0.00759
37,0.096337
38,0.047346
39,0.136027
40,0.201163
41,0.289735
42,0.238691
43,0.327159
44,0.392936
45,0.48165
46,0.16211
47,0.250882
48,0.316373
49,0.405442
50,0.353687
51,0.442351
52,0.50759
53,0.596337
54,0.547346
55,0.636027
56,0.701163
57,0.789735
58,0.432119
59,0.520882
60,0.469496
61,0.558651
62,0.623074
63,0.711887
64,0.66211
65,0.750882
66,0.816373
67,0.905442
68,0.942351
69,0.585676
70,0.674486
71,0.738691
72,0.827159
73,0.777407
74,0.866505
75,0.932119
76,0.969496
77,0.853688
78,0.892936
79,0.98165
80,0.032929
81,0.041784
82,0.112105
83,0.094168
84,0.164358
85,0.225798
86,0.296029
87,0.006501
88,0.059347
89,0.120952
90,0.191151
91,0.173231
92,0.243503
93,0.304887
94,0.375015
95,0.357196
96,0.427477
97,0.489132
98,0.559347
99,0.015348
100,0.085488
101,0.067847
102,0.137935
103,0.199771
104,0.269828
105,0.252384
106,0.322493
107,0.383849
108,0.454006
109,0.436204
110,0.506501
111,0.567847
112,0.637935
113,0.691151
114,0.822493
115,0.146746
116,0.216971
117,0.27849
118,0.348524
119,0.331324
120,0.401423
121,0.462711
122,0.532929
123,0.515348
124,0.585488
125,0.646746
126,0.716971
127,0.699771
128,0.769828
129,0.831324
130,0.901423
131,0.410181
132,0.480441
133,0.541784
134,0.612105
135,0.594168
136,0.664358
137,0.725798
138,0.796029
139,0.77849
140,0.848524
141,0.910181
142,0.980441
143,0.962711
144,0.620952
145,0.673231
146,0.743503
147,0.804887
148,0.875015
149,0.857196
150,0.927477
151,0.989132
152,0.752384
153,0.883849
154,0.954006
155,0.936204
156,0.040916
157,0.111388
158,0.063134
159,0.016747
160,0.087303
161,0.135963
162,0.206572
163,0.015953
164,0.039263
165,0.087568
166,0.158191
167,0.111617
168,0.182279
169,0.230823
170,0.301449
171,0.255146
172,0.325794
173,0.374249
174,0.444721
175,0.064318
176,0.134796
177,0.183122
178,0.253602
179,0.20662
180,0.277111
181,0.325774
182,0.396467
183,0.350081
184,0.420636
185,0.469296
186,0.539906
187,0.159828
188,0.230421
189,0.278662
190,0.349287
191,0.301969
192,0.372596
193,0.420901
194,0.491525
195,0.444951
196,0.515612
197,0.564156
198,0.634783
199,0.588479
200,0.659127
201,0.707583
202,0.778054
203,0.397652
204,0.468129
205,0.516456
206,0.586935
207,0.539953
208,0.610445
209,0.659108
210,0.7298
211,0.683414
212,0.75397
213,0.80263
214,0.873239
215,0.493161
216,0.563754
217,0.611996
218,0.68262
219,0.635302
220,0.705929
221,0.754234
222,0.824858
223,0.778284
224,0.848945
225,0.89749
226,0.968116
227,0.921812
228,0.99246
229,0.730985
230,0.801462
231,0.849789
232,0.920268
233,0.873286
234,0.943778
235,0.992441
236,0.826495
237,0.897087
238,0.945329
239,0.968636
240,0.068597
241,0.186857
242,0.043942
243,0.115307
244,0.211197
245,0.329481
246,0.401001
247,0.068597
248,0.186857
249,0.140009
250,0.258189
251,0.35428
252,0.472755
253,0.425541
254,0.543768
255,0.63977
256,0.758147
257,0.043942
258,0.115307
259,0.211197
260,0.329481
261,0.28275
262,0.401001
263,0.497083
264,0.615237
265,0.568352
266,0.686613
267,0.782525
268,0.900939
269,0.854149
270,0.972535
271,0.140009
272,0.258189
273,0.35428
274,0.472755
275,0.425541
276,0.543768
277,0.63977
278,0.758147
279,0.711321
280,0.829783
281,0.925528
282,0.996998
283,0.28275
284,0.497083
285,0.615237
286,0.568352
287,0.686613
288,0.782525
289,0.900939
290,0.854149
291,0.972535
292,0.711321
293,0.829783
294,0.925528
295,0.996999
296,0.029155
297,0.078923
298,0.038388
299,0.083443
300,0.132917
301,0.123631
302,0.173307
303,0.267408
304,0.001428
305,0.050974
306,0.042721
307,0.092203
308,0.137304
309,0.186813
310,0.177771
311,0.227115
312,0.271917
313,0.321493
314,0.361583
315,0.456126
316,0.010235
317,0.055292
318,0.104841
319,0.096454
320,0.145976
321,0.191226
322,0.240894
323,0.231697
324,0.281388
325,0.326133
326,0.375872
327,0.366168
328,0.415963
329,0.460641
330,0.510235
331,0.024482
332,0.014772
333,0.064456
334,0.109233
335,0.158876
336,0.150182
337,0.199734
338,0.245184
339,0.294794
340,0.286013
341,0.335682
342,0.380507
343,0.430106
344,0.420582
345,0.470136
346,0.514772
347,0.564456
348,0.555292
349,0.604841
350,0.650182
351,0.699734
352,0.069192
353,0.118908
354,0.163471
355,0.213336
356,0.203959
357,0.253707
358,0.299034
359,0.348663
360,0.340097
361,0.389703
362,0.434661
363,0.484359
364,0.474832
365,0.524481
366,0.569191
367,0.618908
368,0.609233
369,0.658877
370,0.703959
371,0.753707
372,0.745184
373,0.794794
374,0.840097
375,0.889703
376,0.218031
377,0.258171
378,0.307773
379,0.352976
380,0.402298
381,0.394128
382,0.443698
383,0.488861
384,0.538388
385,0.529155
386,0.578923
387,0.623631
388,0.673308
389,0.663472
390,0.713336
391,0.758171
392,0.807773
393,0.799034
394,0.848663
395,0.894128
396,0.943698
397,0.934661
398,0.984359
399,0.312218
400,0.406522
401,0.447819
402,0.497261
403,0.542721
404,0.592203
405,0.583443
406,0.632917
407,0.677771
408,0.727115
409,0.718031
410,0.767408
411,0.812218
412,0.861583
413,0.852976
414,0.902298
415,0.947819
416,0.997261
417,0.988861
418,0.501428
419,0.550974
420,0.596454
421,0.645976
422,0.637304
423,0.686813
424,0.731697
425,0.781389
426,0.771917
427,0.821493
428,0.866168
429,0.915963
430,0.906522
431,0.956126
432,0.691226
433,0.740894
434,0.786013
435,0.835682
436,0.826133
437,0.875872
438,0.920582
439,0.970136
440,0.960641
441,0.880507
442,0.930106
443,0.974832
444,0.027645
445,0.011449
446,0.049284
447,0.108202
448,0.065134
449,0.123988
450,0.161619
451,0.220549
452,0.015505
453,0.074254
454,0.032915
455,0.09147
456,0.129742
457,0.188368
458,0.14596
459,0.204668
460,0.242453
461,0.30101
462,0.042749
463,0.058162
464,0.095947
465,0.15499
466,0.11286
467,0.171647
468,0.209887
469,0.268597
470,0.226111
471,0.284801
472,0.322539
473,0.381113
474,0.338874
475,0.397594
476,0.494388
477,0.080357
478,0.139513
479,0.177153
480,0.23628
481,0.193108
482,0.252364
483,0.290468
484,0.349563
485,0.306279
486,0.36512
487,0.402822
488,0.461692
489,0.418915
490,0.47753
491,0.515505
492,0.574254
493,0.25833
494,0.317231
495,0.274262
496,0.333405
497,0.37171
498,0.430889
499,0.387202
500,0.446195
501,0.483726
502,0.542749
503,0.499323
504,0.558162
505,0.595947
506,0.65499
507,0.61286
508,0.671647
509,0.355425
510,0.414277
511,0.452635
512,0.511449
513,0.468641
514,0.527645
515,0.565134
516,0.623988
517,0.580357
518,0.639513
519,0.677153
520,0.73628
521,0.693108
522,0.752364
523,0.790468
524,0.849563
525,0.435732
526,0.532915
527,0.59147
528,0.549284
529,0.608202
530,0.64596
531,0.704668
532,0.661619
533,0.720549
534,0.75833
535,0.817231
536,0.774262
537,0.833405
538,0.87171
539,0.930889
540,0.887202
541,0.946195
542,0.629742
543,0.688368
544,0.726111
545,0.784801
546,0.742453
547,0.80101
548,0.838874
549,0.897594
550,0.855425
551,0.914277
552,0.952635
553,0.968641
554,0.709887
555,0.768597
556,0.806278
557,0.86512
558,0.822539
559,0.881113
560,0.918915
561,0.97753
562,0.935732
563,0.994389
564,0.902822
565,0.961692
566,0.983726
567,0.013639
568,0.02679
569,0.077763
570,0.05231
571,0.103247
572,0.142132
573,0.193091
574,0.026424
575,0.001174
576,0.052158
577,0.090956
578,0.141967
579,0.116409
580,0.167437
581,0.206176
582,0.257122
583,0.231918
584,0.282902
585,0.00077
586,0.03951
587,0.090456
588,0.065251
589,0.116236
590,0.15494
591,0.205936
592,0.180515
593,0.231453
594,0.270228
595,0.321294
596,0.295984
597,0.346972
598,0.385643
599,0.436581
600,0.03927
601,0.013848
602,0.064787
603,0.103562
604,0.154627
605,0.129317
606,0.180306
607,0.218976
608,0.269914
609,0.244572
610,0.29558
611,0.334508
612,0.385491
613,0.360124
614,0.411097
615,0.449743
616,0.50077
617,0.475465
618,0.526424
619,0.565251
620,0.616236
621,0.077905
622,0.128913
623,0.167841
624,0.218825
625,0.193457
626,0.24443
627,0.283076
628,0.334104
629,0.308798
630,0.359757
631,0.398585
632,0.449569
633,0.42429
634,0.475301
635,0.513848
636,0.564787
637,0.53951
638,0.590456
639,0.629317
640,0.680306
641,0.257623
642,0.308634
643,0.347181
644,0.39812
645,0.372843
646,0.423789
647,0.46265
648,0.513639
649,0.488273
650,0.53927
651,0.577905
652,0.628913
653,0.603562
654,0.654627
655,0.693457
656,0.74443
657,0.718976
658,0.769914
659,0.808798
660,0.859757
661,0.321607
662,0.372603
663,0.411238
664,0.462247
665,0.436895
666,0.487961
667,0.52679
668,0.577763
669,0.55231
670,0.603247
671,0.642132
672,0.69309
673,0.667841
674,0.718825
675,0.757623
676,0.808634
677,0.783076
678,0.834104
679,0.872843
680,0.923789
681,0.898585
682,0.949569
683,0.501175
684,0.552158
685,0.590956
686,0.641967
687,0.616409
688,0.667437
689,0.706176
690,0.757122
691,0.731918
692,0.782903
693,0.821607
694,0.872603
695,0.847181
696,0.89812
697,0.936895
698,0.987961
699,0.96265
700,0.65494
701,0.705936
702,0.680515
703,0.731453
704,0.770228
705,0.821294
706,0.795984
707,0.846972
708,0.885643
709,0.936581
710,0.911238
711,0.962246
712,0.744572
713,0.79558
714,0.834508
715,0.885491
716,0.860124
717,0.911097
718,0.949743
719,0.975465
720,0.92429
721,0.975301
722,0.988273
723,0.005256
724,0.011987
725,0.055959
726,0.042778
727,0.086656
728,0.123877
729,0.167775
730,0.025299
731,0.062835
732,0.107042
733,0.093469
734,0.137579
735,0.174847
736,0.21905
737,0.205154
738,0.24912
739,0.286693
740,0.330782
741,0.001605
742,0.045614
743,0.032333
744,0.076555
745,0.114092
746,0.158072
747,0.144621
748,0.188838
749,0.226276
750,0.270428
751,0.256251
752,0.300478
753,0.337773
754,0.381993
755,0.412807
756,0.494722
757,0.014438
758,0.052291
759,0.096293
760,0.083363
761,0.127158
762,0.164836
763,0.208865
764,0.195776
765,0.23968
766,0.277389
767,0.321378
768,0.307652
769,0.351718
770,0.388879
771,0.432891
772,0.419731
773,0.463857
774,0.501605
775,0.545614
776,0.035781
777,0.021414
778,0.065671
779,0.103237
780,0.147491
781,0.13397
782,0.178247
783,0.215868
784,0.260147
785,0.24644
786,0.290573
787,0.328255
788,0.372508
789,0.358771
790,0.40282
791,0.439919
792,0.484135
793,0.470558
794,0.514438
795,0.552291
796,0.596293
797,0.583363
798,0.627158
799,0.664836
800,0.708865
801,0.072879
802,0.117048
803,0.15446
804,0.198431
805,0.185179
806,0.229435
807,0.267191
808,0.311231
809,0.297673
810,0.341911
811,0.379529
812,0.423684
813,0.409966
814,0.454197
815,0.491499
816,0.535781
817,0.521414
818,0.565671
819,0.603237
820,0.647491
821,0.63397
822,0.678247
823,0.715868
824,0.760147
825,0.74644
826,0.790573
827,0.828255
828,0.872508
829,0.236177
830,0.28002
831,0.317938
832,0.361785
833,0.348852
834,0.392733
835,0.430504
836,0.474297
837,0.461258
838,0.505256
839,0.542778
840,0.586656
841,0.572879
842,0.617048
843,0.65446
844,0.698431
845,0.685179
846,0.729435
847,0.767191
848,0.811231
849,0.797673
850,0.841911
851,0.879529
852,0.923684
853,0.954197
854,0.368558
855,0.399487
856,0.443453
857,0.481082
858,0.525299
859,0.511987
860,0.555959
861,0.593469
862,0.637579
863,0.623877
864,0.667775
865,0.705154
866,0.74912
867,0.736177
868,0.78002
869,0.817938
870,0.861785
871,0.848852
872,0.892733
873,0.930504
874,0.974297
875,0.961258
876,0.450476
877,0.532333
878,0.576556
879,0.562835
880,0.607042
881,0.644621
882,0.688838
883,0.674847
884,0.71905
885,0.756251
886,0.800478
887,0.786693
888,0.830782
889,0.868558
890,0.912807
891,0.899487
892,0.943453
893,0.981082
894,0.614092
895,0.658072
896,0.695776
897,0.73968
898,0.726276
899,0.770428
900,0.807652
901,0.851718
902,0.837773
903,0.881993
904,0.919731
905,0.963857
906,0.950476
907,0.994722
908,0.777389
909,0.821378
910,0.858771
911,0.90282
912,0.888879
913,0.932891
914,0.970558
915,0.909966
916,0.939919
917,0.984135
918,0.991499
919,0.031901
920,0.001724
921,0.039956
922,0.034591
923,0.072878
924,0.108375
925,0.146516
926,0.007254
927,0.042681
928,0.080988
929,0.07552
930,0.113753
931,0.149174
932,0.187519
933,0.182028
934,0.220219
935,0.255753
936,0.294075
937,0.015477
938,0.009922
939,0.048229
940,0.0837
941,0.121941
942,0.116576
943,0.154919
944,0.190309
945,0.22858
946,0.222939
947,0.261243
948,0.296865
949,0.335221
950,0.32958
951,0.367877
952,0.403358
953,0.44165
954,0.018281
955,0.056628
956,0.050998
957,0.089298
958,0.12469
959,0.162998
960,0.157617
961,0.195847
962,0.231275
963,0.26961
964,0.263991
965,0.302345
966,0.337955
967,0.376212
968,0.370647
969,0.408953
970,0.444389
971,0.482761
972,0.477178
973,0.515477
974,0.550998
975,0.589298
976,0.023729
977,0.059246
978,0.09743
979,0.092168
980,0.130465
981,0.165827
982,0.203991
983,0.19855
984,0.236835
985,0.272391
986,0.310635
987,0.305015
988,0.343323
989,0.378847
990,0.417057
991,0.411724
992,0.450031
993,0.485489
994,0.523729
995,0.518281
996,0.556628
997,0.592168
998,0.630465
999,0.62469
1000,0.662998
1001,0.69855
1002,0.736835
1003,0.026292
1004,0.064514
1005,0.100012
1006,0.138276
1007,0.133071
1008,0.17118
1009,0.206589
1010,0.244841
1011,0.239506
1012,0.277708
1013,0.313273
1014,0.351531
1015,0.346017
1016,0.384248
1017,0.419679
1018,0.458003
1019,0.452638
1020,0.490861
1021,0.526292
1022,0.564514
1023,0.559246
1024,0.59743
1025,0.633071
1026,0.67118
1027,0.665827
1028,0.703991
1029,0.739506
1030,0.777708
1031,0.810635
1032,0.884248
1033,0.067317
1034,0.105673
1035,0.141156
1036,0.17941
1037,0.173813
1038,0.212182
1039,0.247619
1040,0.285881
1041,0.280267
1042,0.318596
1043,0.354159
1044,0.392424
1045,0.38699
1046,0.42526
1047,0.460691
1048,0.498958
1049,0.493609
1050,0.531901
1051,0.567317
1052,0.605673
1053,0.600012
1054,0.638276
1055,0.673813
1056,0.712182
1057,0.706589
1058,0.744841
1059,0.780267
1060,0.818596
1061,0.813273
1062,0.851531
1063,0.88699
1064,0.92526
1065,0.958003
1066,0.214939
1067,0.253125
1068,0.2886
1069,0.32692
1070,0.321398
1071,0.359707
1072,0.395137
1073,0.433434
1074,0.427961
1075,0.466287
1076,0.501724
1077,0.539956
1078,0.534591
1079,0.572878
1080,0.608375
1081,0.646516
1082,0.641156
1083,0.67941
1084,0.714939
1085,0.753125
1086,0.747619
1087,0.785881
1088,0.821398
1089,0.859707
1090,0.854159
1091,0.892424
1092,0.927961
1093,0.966286
1094,0.960691
1095,0.998958
1096,0.362434
1097,0.400646
1098,0.436105
1099,0.474375
1100,0.468988
1101,0.507254
1102,0.542681
1103,0.580988
1104,0.57552
1105,0.613753
1106,0.649174
1107,0.687519
1108,0.682028
1109,0.720219
1110,0.755753
1111,0.794075
1112,0.7886
1113,0.82692
1114,0.862434
1115,0.900646
1116,0.895137
1117,0.933434
1118,0.968988
1119,0.509922
1120,0.548229
1121,0.5837
1122,0.621941
1123,0.616577
1124,0.654919
1125,0.690309
1126,0.72858
1127,0.722938
1128,0.761243
1129,0.796865
1130,0.835221
1131,0.82958
1132,0.867877
1133,0.903358
1134,0.94165
1135,0.936105
1136,0.974375
1137,0.657617
1138,0.695847
1139,0.731275
1140,0.76961
1141,0.763991
1142,0.802345
1143,0.837955
1144,0.876212
1145,0.870647
1146,0.908953
1147,0.944389
1148,0.982761
1149,0.977178
1150,0.772391
1151,0.805015
1152,0.843323
1153,0.878847
1154,0.917057
1155,0.911724
1156,0.950031
1157,0.98549
1158,0.846017
1159,0.919679
1160,0.952638
1161,0.990861
1162,0.993609
1163,0.013525
1164,0.06375
1165,0.040204
1166,0.001483
1167,0.051746
1168,0.083261
1169,0.133448
1170,0.017783
1171,0.029051
1172,0.059878
1173,0.110066
1174,0.071212
1175,0.121421
1176,0.152817
1177,0.203119
1178,0.165055
1179,0.215169
1180,0.246563
1181,0.296759
1182,0.006167
1183,0.037488
1184,0.08761
1185,0.048818
1186,0.098957
1187,0.129917
1188,0.179967
1189,0.141245
1190,0.191508
1191,0.222836
1192,0.273133
1193,0.234682
1194,0.285039
1195,0.316493
1196,0.366802
1197,0.025708
1198,0.075876
1199,0.107081
1200,0.157279
1201,0.118585
1202,0.16865
1203,0.199511
1204,0.249631
1205,0.211018
1206,0.260999
1207,0.292362
1208,0.342476
1209,0.304698
1210,0.354848
1211,0.386324
1212,0.436408
1213,0.397904
1214,0.44808
1215,0.095387
1216,0.14564
1217,0.177039
1218,0.227137
1219,0.188347
1220,0.238514
1221,0.26943
1222,0.319573
1223,0.280596
1224,0.330861
1225,0.362174
1226,0.412411
1227,0.374072
1228,0.42439
1229,0.455888
1230,0.506167
1231,0.467631
1232,0.517783
1233,0.548818
1234,0.598957
1235,0.258254
1236,0.308269
1237,0.339166
1238,0.389187
1239,0.350532
1240,0.400701
1241,0.431807
1242,0.481922
1243,0.443947
1244,0.494157
1245,0.525708
1246,0.575876
1247,0.537488
1248,0.58761
1249,0.618585
1250,0.66865
1251,0.629917
1252,0.679967
1253,0.327828
1254,0.378003
1255,0.409036
1256,0.459191
1257,0.420221
1258,0.470287
1259,0.501483
1260,0.551746
1261,0.513525
1262,0.56375
1263,0.595387
1264,0.64564
1265,0.607081
1266,0.657279
1267,0.688347
1268,0.738514
1269,0.699511
1270,0.749631
1271,0.780596
1272,0.830861
1273,0.478969
1274,0.529051
1275,0.490076
1276,0.540204
1277,0.571212
1278,0.621421
1279,0.583261
1280,0.633448
1281,0.665055
1282,0.715169
1283,0.677039
1284,0.727137
1285,0.758254
1286,0.808269
1287,0.76943
1288,0.819573
1289,0.850532
1290,0.900701
1291,0.912411
1292,0.559878
1293,0.610066
1294,0.641245
1295,0.691508
1296,0.652817
1297,0.703119
1298,0.734682
1299,0.785039
1300,0.746563
1301,0.796759
1302,0.827828
1303,0.878003
1304,0.839166
1305,0.889187
1306,0.920221
1307,0.970287
1308,0.931807
1309,0.981922
1310,0.711018
1311,0.760999
1312,0.722836
1313,0.773133
1314,0.804698
1315,0.854848
1316,0.816493
1317,0.866802
1318,0.897904
1319,0.94808
1320,0.909036
1321,0.959191
1322,0.990076
1323,0.792362
1324,0.842476
1325,0.874072
1326,0.92439
1327,0.886324
1328,0.936408
1329,0.967631
1330,0.978969
1331,0.862174
1332,0.943947
1333,0.994157
1334,0.955888
1335,0.021102
1336,0.110777
1337,0.033502
1338,0.072174
1339,0.136288
1340,0.226114
1341,0.264464
1342,0.059198
1343,0.148914
1344,0.097541
1345,0.187404
1346,0.251714
1347,0.341513
1348,0.290125
1349,0.379912
1350,0.443869
1351,0.533646
1352,0.072174
1353,0.021102
1354,0.110777
1355,0.174642
1356,0.264464
1357,0.212953
1358,0.30285
1359,0.367102
1360,0.457029
1361,0.405558
1362,0.49531
1363,0.559151
1364,0.649041
1365,0.598021
1366,0.687967
1367,0.033502
1368,0.097541
1369,0.187404
1370,0.136289
1371,0.226114
1372,0.290125
1373,0.379912
1374,0.328406
1375,0.418281
1376,0.482634
1377,0.57236
1378,0.520973
1379,0.61057
1380,0.674431
1381,0.764073
1382,0.713326
1383,0.803071
1384,0.867309
1385,0.956995
1386,0.059198
1387,0.148914
1388,0.212953
1389,0.30285
1390,0.251714
1391,0.341513
1392,0.405558
1393,0.49531
1394,0.443869
1395,0.533646
1396,0.598021
1397,0.687967
1398,0.636386
1399,0.726097
1400,0.7899
1401,0.879779
1402,0.828209
1403,0.917952
1404,0.98222
1405,0.174642
1406,0.328406
1407,0.418281
1408,0.367102
1409,0.457029
1410,0.520973
1411,0.61057
1412,0.559151
1413,0.649041
1414,0.713326
1415,0.803071
1416,0.751869
1417,0.841726
1418,0.905609
1419,0.995282
1420,0.943475
1421,0.482634
1422,0.57236
1423,0.636386
1424,0.726097
1425,0.674431
1426,0.764073
1427,0.828209
1428,0.917952
1429,0.867309
1430,0.956995
1431,0.751869
1432,0.841726
1433,0.7899
1434,0.879779
1435,0.943475
1436,0.98222
1437,0.905609
1438,0.995282
1439,0.024034
1440,0.142915
1441,8e-05
1442,0.071554
1443,0.166912
1444,0.285745
1445,0.238173
1446,0.357276
1447,0.571567
1448,0.024138
1449,0.142941
1450,0.095435
1451,0.214195
1452,0.309543
1453,0.428386
1454,0.381389
1455,0.500157
1456,0.595456
1457,0.714232
1458,0.07151
1459,0.166985
1460,0.285738
1461,0.238237
1462,0.357202
1463,0.452432
1464,0.571484
1465,0.523883
1466,0.642618
1467,0.738253
1468,0.857302
1469,0.809468
1470,0.928314
1471,0.023846
1472,0.142633
1473,0.095423
1474,0.214173
1475,0.309597
1476,0.428428
1477,0.381364
1478,0.500219
1479,0.595436
1480,0.714282
1481,0.666838
1482,0.785641
1483,0.881148
1484,0.952454
1485,0.000208
1486,0.071402
1487,0.16674
1488,0.285609
1489,0.23806
1490,0.357098
1491,0.452379
1492,0.571513
1493,0.523821
1494,0.642662
1495,0.738181
1496,0.857287
1497,0.809504
1498,0.928405
1499,0.095501
1500,0.214318
1501,0.309666
1502,0.428564
1503,0.381225
1504,0.500083
1505,0.595309
1506,0.714097
1507,0.666839
1508,0.78558
1509,0.881108
1510,0.952532
1511,0.452577
1512,0.523979
1513,0.642735
1514,0.738231
1515,0.857233
1516,0.809231
1517,0.928064
1518,0.667039
1519,0.785773
1520,0.881269
1521,0.952338
1522,0.012183
1523,0.082137
1524,0.029564
1525,0.091118
1526,0.161188
1527,0.143776
1528,0.213844
1529,0.275363
1530,0.345402
1531,0.055923
1532,0.038589
1533,0.10855
1534,0.170132
1535,0.240251
1536,0.222639
1537,0.29268
1538,0.354242
1539,0.424311
1540,0.476958
1541,0.608402
1542,0.003177
1543,0.064864
1544,0.134907
1545,0.117484
1546,0.187629
1547,0.249061
1548,0.319077
1549,0.301626
1550,0.3717
1551,0.433185
1552,0.503174
1553,0.485906
1554,0.555836
1555,0.617314
1556,0.687264
1557,0.029564
1558,0.012183
1559,0.082137
1560,0.143776
1561,0.213844
1562,0.196513
1563,0.266553
1564,0.327906
1565,0.397992
1566,0.380653
1567,0.450712
1568,0.512226
1569,0.582072
1570,0.564794
1571,0.634669
1572,0.696173
1573,0.766325
1574,0.748869
1575,0.819016
1576,0.880651
1577,0.950692
1578,0.038589
1579,0.10855
1580,0.091118
1581,0.161188
1582,0.222639
1583,0.29268
1584,0.275363
1585,0.345402
1586,0.406889
1587,0.476958
1588,0.459552
1589,0.529477
1590,0.591079
1591,0.661147
1592,0.643609
1593,0.713789
1594,0.775284
1595,0.845431
1596,0.827952
1597,0.898131
1598,0.959667
1599,0.003177
1600,0.055923
1601,0.117484
1602,0.187629
1603,0.170132
1604,0.240251
1605,0.301626
1606,0.3717
1607,0.354242
1608,0.424311
1609,0.485906
1610,0.555836
1611,0.538427
1612,0.608402
1613,0.670025
1614,0.740011
1615,0.722651
1616,0.792773
1617,0.85432
1618,0.924286
1619,0.907104
1620,0.976949
1621,0.064864
1622,0.134907
1623,0.196513
1624,0.266553
1625,0.249061
1626,0.319077
1627,0.380653
1628,0.450712
1629,0.433185
1630,0.503174
1631,0.564794
1632,0.634669
1633,0.617314
1634,0.687264
1635,0.748869
1636,0.819016
1637,0.80165
1638,0.871761
1639,0.933204
1640,0.985901
1641,0.327906
1642,0.397992
1643,0.459552
1644,0.529477
1645,0.512226
1646,0.582072
1647,0.643609
1648,0.713789
1649,0.696173
1650,0.766325
1651,0.827952
1652,0.898131
1653,0.880651
1654,0.950692
1655,0.406889
1656,0.538427
1657,0.591079
1658,0.661147
1659,0.722651
1660,0.792773
1661,0.775284
1662,0.845431
1663,0.907104
1664,0.976949
1665,0.959667
1666,0.670025
1667,0.740011
1668,0.80165
1669,0.871761
1670,0.85432
1671,0.924286
1672,0.985901
1673,0.933204
1674,0.004662
1675,0.035794
1676,0.008271
1677,0.037607
1678,0.068711
1679,0.065104
1680,0.096226
1681,0.125474
1682,0.156558
1683,0.013842
1684,0.010017
1685,0.041165
1686,0.070493
1687,0.101638
1688,0.098053
1689,0.129192
1690,0.158431
1691,0.189611
1692,0.185789
1693,0.216975
1694,0.246237
1695,0.277408
1696,0.015618
1697,0.046805
1698,0.043019
1699,0.074169
1700,0.10346
1701,0.134672
1702,0.130971
1703,0.162127
1704,0.191346
1705,0.222498
1706,0.218828
1707,0.249981
1708,0.279252
1709,0.310348
1710,0.337777
1711,0.398307
1712,0.019254
1713,0.048583
1714,0.079746
1715,0.07602
1716,0.107224
1717,0.136554
1718,0.16768
1719,0.163975
1720,0.195129
1721,0.224333
1722,0.255483
1723,0.251783
1724,0.282943
1725,0.31218
1726,0.343363
1727,0.339614
1728,0.370835
1729,0.400125
1730,0.43124
1731,0.458781
1732,0.519254
1733,0.024702
1734,0.021
1735,0.052239
1736,0.081519
1737,0.112671
1738,0.109007
1739,0.140206
1740,0.169545
1741,0.20066
1742,0.196968
1743,0.228125
1744,0.257374
1745,0.288546
1746,0.284823
1747,0.316006
1748,0.345232
1749,0.376367
1750,0.372669
1751,0.403787
1752,0.433059
1753,0.464217
1754,0.460548
1755,0.491718
1756,0.521
1757,0.552239
1758,0.579746
1759,0.02651
1760,0.05765
1761,0.054003
1762,0.085156
1763,0.114435
1764,0.145589
1765,0.141999
1766,0.173129
1767,0.202442
1768,0.233649
1769,0.229976
1770,0.261163
1771,0.290437
1772,0.32157
1773,0.317874
1774,0.349018
1775,0.378221
1776,0.409386
1777,0.405683
1778,0.436792
1779,0.466067
1780,0.497309
1781,0.493503
1782,0.524702
1783,0.554003
1784,0.585156
1785,0.581519
1786,0.612671
1787,0.641999
1788,0.673129
1789,0.002881
1790,0.030296
1791,0.05946
1792,0.090601
1793,0.086963
1794,0.118097
1795,0.147378
1796,0.178564
1797,0.17491
1798,0.206081
1799,0.235448
1800,0.26659
1801,0.262965
1802,0.29405
1803,0.323336
1804,0.354519
1805,0.350876
1806,0.382018
1807,0.411237
1808,0.442408
1809,0.438716
1810,0.469918
1811,0.499174
1812,0.530296
1813,0.52651
1814,0.55765
1815,0.586963
1816,0.618097
1817,0.614435
1818,0.645589
1819,0.67491
1820,0.706081
1821,0.702442
1822,0.733649
1823,0.762965
1824,0.79405
1825,0.03216
1826,0.063295
1827,0.09247
1828,0.123607
1829,0.119933
1830,0.151091
1831,0.180298
1832,0.211439
1833,0.207875
1834,0.239041
1835,0.268389
1836,0.299541
1837,0.295886
1838,0.327079
1839,0.356341
1840,0.387539
1841,0.383765
1842,0.414951
1843,0.444203
1844,0.475332
1845,0.47174
1846,0.502881
1847,0.532161
1848,0.563295
1849,0.55946
1850,0.590601
1851,0.619933
1852,0.651091
1853,0.647379
1854,0.678564
1855,0.707875
1856,0.739041
1857,0.735448
1858,0.76659
1859,0.795886
1860,0.827079
1861,0.823336
1862,0.854519
1863,0.883765
1864,0.914951
1865,0.152901
1866,0.183994
1867,0.213228
1868,0.244421
1869,0.240769
1870,0.271945
1871,0.30131
1872,0.332448
1873,0.328825
1874,0.360039
1875,0.389292
1876,0.420339
1877,0.416783
1878,0.447857
1879,0.477154
1880,0.508271
1881,0.504662
1882,0.535794
1883,0.565104
1884,0.596226
1885,0.59247
1886,0.623607
1887,0.652901
1888,0.683994
1889,0.680298
1890,0.711439
1891,0.740769
1892,0.771945
1893,0.768389
1894,0.799541
1895,0.828825
1896,0.860039
1897,0.856341
1898,0.887539
1899,0.916783
1900,0.947857
1901,0.944203
1902,0.975332
1903,0.273682
1904,0.304841
1905,0.334164
1906,0.365326
1907,0.361774
1908,0.392848
1909,0.422106
1910,0.453309
1911,0.449649
1912,0.480829
1913,0.510017
1914,0.541165
1915,0.537607
1916,0.568711
1917,0.598053
1918,0.629192
1919,0.625474
1920,0.656558
1921,0.685789
1922,0.716975
1923,0.713228
1924,0.744421
1925,0.773682
1926,0.804841
1927,0.80131
1928,0.832448
1929,0.861774
1930,0.892848
1931,0.889292
1932,0.920339
1933,0.949649
1934,0.980829
1935,0.977154
1936,0.306673
1937,0.367103
1938,0.394622
1939,0.425813
1940,0.455109
1941,0.486278
1942,0.482687
1943,0.513842
1944,0.543019
1945,0.574169
1946,0.570493
1947,0.601638
1948,0.630971
1949,0.662127
1950,0.658431
1951,0.689611
1952,0.718828
1953,0.749981
1954,0.746237
1955,0.777408
1956,0.806673
1957,0.837777
1958,0.834164
1959,0.865326
1960,0.894622
1961,0.925813
1962,0.922107
1963,0.953309
1964,0.982687
1965,0.427606
1966,0.488089
1967,0.515618
1968,0.546805
1969,0.57602
1970,0.607224
1971,0.60346
1972,0.634672
1973,0.663975
1974,0.695129
1975,0.691346
1976,0.722498
1977,0.751783
1978,0.782943
1979,0.779252
1980,0.810348
1981,0.839614
1982,0.870835
1983,0.867103
1984,0.898307
1985,0.927606
1986,0.958781
1987,0.955109
1988,0.986278
1989,0.548583
1990,0.609007
1991,0.640206
1992,0.636554
1993,0.66768
1994,0.696968
1995,0.728125
1996,0.724333
1997,0.755483
1998,0.784823
1999,0.816006
2000,0.81218
2001,0.843363
2002,0.872669
2003,0.903787
2004,0.900125
2005,0.93124
2006,0.960548
2007,0.991718
2008,0.988089
2009,0.669545
2010,0.70066
2011,0.729976
2012,0.761163
2013,0.757374
2014,0.788546
2015,0.817874
2016,0.849018
2017,0.845232
2018,0.876367
2019,0.905683
2020,0.936792
2021,0.933059
2022,0.964217
2023,0.993503
2024,0.790437
2025,0.82157
2026,0.850876
2027,0.882018
2028,0.878221
2029,0.909386
2030,0.938716
2031,0.969918
2032,0.966067
2033,0.997309
2034,0.911237
2035,0.942408
2036,0.97174
2037,0.999174
2038,0.010201
2039,0.019028
2040,0.001355
2041,0.027814
2042,0.071524
2043,0.036633
2044,0.080308
2045,0.106792
2046,0.150556
2047,0.010388
2048,0.054164
2049,0.019084
2050,0.06283
2051,0.089319
2052,0.133087
2053,0.098051
2054,0.1418
2055,0.168336
2056,0.212051
2057,0.036601
2058,0.001574
2059,0.0453
2060,0.071869
2061,0.115526
2062,0.080689
2063,0.124399
2064,0.150853
2065,0.194553
2066,0.159484
2067,0.203213
2068,0.229691
2069,0.273354
2070,0.238528
2071,0.282152
2072,0.30862
2073,0.352314
2074,0.027898
2075,0.054318
2076,0.097954
2077,0.063047
2078,0.106704
2079,0.13314
2080,0.176817
2081,0.141971
2082,0.185616
2083,0.212111
2084,0.255779
2085,0.220909
2086,0.264583
2087,0.291048
2088,0.334824
2089,0.299823
2090,0.343572
2091,0.370105
2092,0.413867
2093,0.045472
2094,0.089104
2095,0.115618
2096,0.159325
2097,0.12431
2098,0.168035
2099,0.194578
2100,0.238312
2101,0.203305
2102,0.247044
2103,0.273573
2104,0.317348
2105,0.282315
2106,0.326077
2107,0.352611
2108,0.396368
2109,0.361423
2110,0.405133
2111,0.431624
2112,0.47527
2113,0.440368
2114,0.484091
2115,0.177124
2116,0.220879
2117,0.185805
2118,0.22959
2119,0.25606
2120,0.299779
2121,0.264832
2122,0.308543
2123,0.335094
2124,0.378776
2125,0.343872
2126,0.387565
2127,0.414061
2128,0.45768
2129,0.42279
2130,0.466456
2131,0.492788
2132,0.536497
2133,0.50176
2134,0.545436
2135,0.571872
2136,0.615551
2137,0.247399
2138,0.291054
2139,0.317455
2140,0.36117
2141,0.326099
2142,0.369821
2143,0.396369
2144,0.440077
2145,0.405193
2146,0.448829
2147,0.475339
2148,0.519093
2149,0.48406
2150,0.527768
2151,0.554275
2152,0.598019
2153,0.563078
2154,0.606819
2155,0.633337
2156,0.677061
2157,0.642086
2158,0.685867
2159,0.378857
2160,0.422556
2161,0.387564
2162,0.43129
2163,0.457826
2164,0.5016
2165,0.466585
2166,0.510361
2167,0.5369
2168,0.580615
2169,0.545641
2170,0.58933
2171,0.615834
2172,0.659546
2173,0.624519
2174,0.668222
2175,0.694631
2176,0.738282
2177,0.703576
2178,0.747212
2179,0.773616
2180,0.81723
2181,0.449084
2182,0.492844
2183,0.519334
2184,0.563017
2185,0.528145
2186,0.571811
2187,0.598265
2188,0.641862
2189,0.607047
2190,0.650688
2191,0.677135
2192,0.720811
2193,0.685922
2194,0.729565
2195,0.755955
2196,0.799653
2197,0.764762
2198,0.8084
2199,0.834854
2200,0.878555
2201,0.510546
2202,0.554199
2203,0.580663
2204,0.624312
2205,0.589412
2206,0.63306
2207,0.659456
2208,0.703186
2209,0.668289
2210,0.711968
2211,0.738536
2212,0.782257
2213,0.747282
2214,0.790994
2215,0.817467
2216,0.861184
2217,0.826133
2218,0.869888
2219,0.89638
2220,0.940094
2221,0.905191
2222,0.948905
2223,0.975372
2224,0.650743
2225,0.69446
2226,0.721013
2227,0.764737
2228,0.729736
2229,0.773493
2230,0.800006
2231,0.843674
2232,0.808774
2233,0.852506
2234,0.878949
2235,0.922572
2236,0.887694
2237,0.931356
2238,0.957682
2239,0.966558
2240,0.712387
2241,0.756034
2242,0.782518
2243,0.826179
2244,0.791127
2245,0.8348
2246,0.861192
2247,0.904861
2248,0.870122
2249,0.913743
2250,0.94016
2251,0.98384
2252,0.949052
2253,0.99271
2254,0.843732
2255,0.887467
2256,0.852498
2257,0.896173
2258,0.922624
2259,0.966387
2260,0.931367
2261,0.975086
2262,0.913975
2263,0.95771
2264,0.984205
2265,0.992875
2266,0.002579
2267,0.017426
2268,0.015173
2269,0.054934
2270,0.030115
2271,0.069879
2272,0.097412
2273,0.137093
2274,0.025004
2275,0.040026
2276,0.067556
2277,0.107258
2278,0.082434
2279,0.12214
2280,0.149605
2281,0.189245
2282,0.164464
2283,0.204133
2284,0.009976
2285,0.037545
2286,0.077306
2287,0.052617
2288,0.092351
2289,0.119826
2290,0.159554
2291,0.134658
2292,0.174336
2293,0.201685
2294,0.241281
2295,0.216543
2296,0.256173
2297,0.28358
2298,0.323155
2299,0.007648
2300,0.047378
2301,0.022564
2302,0.062305
2303,0.089805
2304,0.129467
2305,0.104882
2306,0.14459
2307,0.172025
2308,0.211634
2309,0.186874
2310,0.226515
2311,0.253753
2312,0.293365
2313,0.268581
2314,0.308199
2315,0.335571
2316,0.375218
2317,0.350458
2318,0.390053
2319,0.032397
2320,0.059943
2321,0.099755
2322,0.074866
2323,0.114591
2324,0.141966
2325,0.181667
2326,0.15702
2327,0.196691
2328,0.224057
2329,0.263682
2330,0.238964
2331,0.278547
2332,0.305793
2333,0.345364
2334,0.320662
2335,0.360249
2336,0.387638
2337,0.427198
2338,0.40255
2339,0.442127
2340,0.469446
2341,0.509028
2342,0.04502
2343,0.084818
2344,0.112323
2345,0.151955
2346,0.127189
2347,0.166889
2348,0.194159
2349,0.233798
2350,0.209126
2351,0.248789
2352,0.276125
2353,0.315726
2354,0.29099
2355,0.330587
2356,0.357827
2357,0.397435
2358,0.372662
2359,0.412278
2360,0.439636
2361,0.479288
2362,0.454554
2363,0.4942
2364,0.521537
2365,0.561177
2366,0.53641
2367,0.576088
2368,0.179405
2369,0.219043
2370,0.246297
2371,0.285937
2372,0.26122
2373,0.300786
2374,0.328137
2375,0.367746
2376,0.343075
2377,0.382644
2378,0.409895
2379,0.449502
2380,0.424737
2381,0.464326
2382,0.491705
2383,0.531319
2384,0.506686
2385,0.546287
2386,0.573625
2387,0.613291
2388,0.58857
2389,0.628221
2390,0.655748
2391,0.695472
2392,0.231539
2393,0.271161
2394,0.298436
2395,0.338043
2396,0.313228
2397,0.352882
2398,0.380212
2399,0.41981
2400,0.395077
2401,0.434724
2402,0.462005
2403,0.501629
2404,0.476794
2405,0.516447
2406,0.543809
2407,0.583473
2408,0.558753
2409,0.598463
2410,0.625825
2411,0.665538
2412,0.640733
2413,0.680441
2414,0.708016
2415,0.747768
2416,0.722961
2417,0.762755
2418,0.830053
2419,0.365344
2420,0.4049
2421,0.432238
2422,0.471877
2423,0.447186
2424,0.48677
2425,0.514104
2426,0.553744
2427,0.528913
2428,0.568513
2429,0.595919
2430,0.635586
2431,0.610952
2432,0.650577
2433,0.678102
2434,0.71785
2435,0.692976
2436,0.732708
2437,0.760351
2438,0.800138
2439,0.775401
2440,0.815219
2441,0.842739
2442,0.88255
2443,0.417364
2444,0.457004
2445,0.484342
2446,0.523946
2447,0.499251
2448,0.538907
2449,0.566271
2450,0.605898
2451,0.581045
2452,0.620701
2453,0.648082
2454,0.6878
2455,0.663074
2456,0.702829
2457,0.730421
2458,0.770238
2459,0.745331
2460,0.785162
2461,0.812764
2462,0.852675
2463,0.827913
2464,0.86783
2465,0.895323
2466,0.935173
2467,0.91016
2468,0.949975
2469,0.551364
2470,0.590993
2471,0.618382
2472,0.658082
2473,0.633215
2474,0.672859
2475,0.700304
2476,0.740037
2477,0.715357
2478,0.755118
2479,0.782865
2480,0.822645
2481,0.797799
2482,0.837629
2483,0.86529
2484,0.905107
2485,0.880439
2486,0.920282
2487,0.947856
2488,0.987603
2489,0.962784
2490,0.603548
2491,0.643239
2492,0.670686
2493,0.710385
2494,0.685418
2495,0.725148
2496,0.752585
2497,0.792442
2498,0.76762
2499,0.807407
2500,0.835193
2501,0.875047
2502,0.850265
2503,0.890077
2504,0.917755
2505,0.957592
2506,0.932848
2507,0.972643
2508,0.737816
2509,0.7776
2510,0.805157
2511,0.84496
2512,0.820028
2513,0.859888
2514,0.887715
2515,0.927537
2516,0.902671
2517,0.942491
2518,0.970175
2519,0.985244
2520,0.790263
2521,0.857682
2522,0.897536
2523,0.872591
2524,0.912447
2525,0.940197
2526,0.980041
2527,0.955133
2528,0.994969
2529,0.925136
2530,0.964935
2531,0.992632
2532,0.977593
2533,0.015121
2534,0.004473
2535,0.040342
2536,0.023528
2537,0.059403
2538,0.086742
2539,0.122564
2540,0.002272
2541,0.021304
2542,0.048781
2543,0.084613
2544,0.067889
2545,0.103686
2546,0.131027
2547,0.16687
2548,0.15005
2549,0.185936
2550,0.213412
2551,0.249242
2552,0.010707
2553,0.046569
2554,0.029764
2555,0.065628
2556,0.093061
2557,0.128965
2558,0.112182
2559,0.148059
2560,0.175371
2561,0.211194
2562,0.194388
2563,0.230145
2564,0.257674
2565,0.293477
2566,0.008699
2567,0.027633
2568,0.055102
2569,0.090904
2570,0.074007
2571,0.109859
2572,0.137403
2573,0.173219
2574,0.156411
2575,0.192232
2576,0.219628
2577,0.255517
2578,0.238693
2579,0.274577
2580,0.301973
2581,0.337871
2582,0.320898
2583,0.356793
2584,0.384212
2585,0.420063
2586,0.017133
2587,0.05297
2588,0.036118
2589,0.071915
2590,0.099295
2591,0.135157
2592,0.11843
2593,0.154234
2594,0.181758
2595,0.217606
2596,0.200614
2597,0.236515
2598,0.263982
2599,0.299812
2600,0.283017
2601,0.318865
2602,0.346342
2603,0.382163
2604,0.365278
2605,0.401108
2606,0.428486
2607,0.464357
2608,0.447465
2609,0.4833
2610,0.546569
2611,0.033939
2612,0.061388
2613,0.097268
2614,0.080407
2615,0.116304
2616,0.143634
2617,0.179467
2618,0.162614
2619,0.198502
2620,0.225987
2621,0.261807
2622,0.244976
2623,0.280761
2624,0.308249
2625,0.344134
2626,0.327358
2627,0.363193
2628,0.390641
2629,0.426487
2630,0.409658
2631,0.445479
2632,0.472863
2633,0.508699
2634,0.491791
2635,0.527633
2636,0.555102
2637,0.590904
2638,0.042479
2639,0.078365
2640,0.105777
2641,0.14158
2642,0.124773
2643,0.160612
2644,0.187978
2645,0.22382
2646,0.207024
2647,0.242808
2648,0.270269
2649,0.306144
2650,0.289161
2651,0.325023
2652,0.352608
2653,0.388434
2654,0.371565
2655,0.407411
2656,0.434907
2657,0.470755
2658,0.453905
2659,0.489738
2660,0.517134
2661,0.55297
2662,0.536118
2663,0.571915
2664,0.599295
2665,0.635157
2666,0.61843
2667,0.654234
2668,0.681758
2669,0.717606
2670,0.169101
2671,0.204965
2672,0.232265
2673,0.268152
2674,0.251301
2675,0.287201
2676,0.314676
2677,0.350477
2678,0.333481
2679,0.369284
2680,0.396829
2681,0.432677
2682,0.415925
2683,0.45175
2684,0.479286
2685,0.515121
2686,0.498116
2687,0.533939
2688,0.561388
2689,0.597268
2690,0.580407
2691,0.616304
2692,0.643634
2693,0.679467
2694,0.662614
2695,0.698502
2696,0.725987
2697,0.761807
2698,0.780761
2699,0.276639
2700,0.312415
2701,0.29562
2702,0.331409
2703,0.358867
2704,0.394726
2705,0.377792
2706,0.413685
2707,0.441174
2708,0.47704
2709,0.460122
2710,0.495987
2711,0.523528
2712,0.559403
2713,0.542479
2714,0.578365
2715,0.605777
2716,0.64158
2717,0.624773
2718,0.660612
2719,0.687978
2720,0.72382
2721,0.707024
2722,0.742808
2723,0.770269
2724,0.806144
2725,0.78916
2726,0.825023
2727,0.852608
2728,0.888434
2729,0.339901
2730,0.375756
2731,0.403205
2732,0.439016
2733,0.422125
2734,0.45795
2735,0.485458
2736,0.521304
2737,0.504473
2738,0.540342
2739,0.567889
2740,0.603686
2741,0.586742
2742,0.622564
2743,0.65005
2744,0.685936
2745,0.669101
2746,0.704965
2747,0.732265
2748,0.768152
2749,0.751301
2750,0.787201
2751,0.814676
2752,0.850477
2753,0.833481
2754,0.869284
2755,0.896829
2756,0.932677
2757,0.915925
2758,0.95175
2759,0.466435
2760,0.502272
2761,0.529764
2762,0.565628
2763,0.548781
2764,0.584613
2765,0.612182
2766,0.648059
2767,0.631027
2768,0.66687
2769,0.694388
2770,0.730145
2771,0.713412
2772,0.749242
2773,0.776639
2774,0.812415
2775,1.0
2776,0.831409
2777,0.858867
2778,0.894726
2779,0.877792
2780,0.913685
2781,0.941174
2782,0.97704
2783,0.960122
2784,0.995987
2785,0.510707
2786,0.574007
2787,0.609859
2788,0.593061
2789,0.628965
2790,0.656411
2791,0.692232
2792,0.675371
2793,0.711194
2794,0.738693
2795,0.774577
2796,0.757674
2797,0.793477
2798,0.820898
2799,0.856793
2800,0.839901
2801,0.875756
2802,0.903205
2803,0.939016
2804,0.922125
2805,0.95795
2806,0.985458
2807,0.637403
2808,0.673219
2809,0.700614
2810,0.736515
2811,0.719628
2812,0.755517
2813,0.783016
2814,0.818865
2815,0.801973
2816,0.837871
2817,0.865278
2818,0.901108
2819,0.884212
2820,0.920063
2821,0.947465
2822,0.9833
2823,0.966435
2824,0.744976
2825,0.763982
2826,0.799812
2827,0.827358
2828,0.863192
2829,0.846342
2830,0.882163
2831,0.909658
2832,0.945479
2833,0.928486
2834,0.964357
2835,0.991791
2836,0.808249
2837,0.844134
2838,0.871565
2839,0.907411
2840,0.890641
2841,0.926487
2842,0.953905
2843,0.989738
2844,0.972863
2845,0.934907
2846,0.970755
2847,0.998116
2848,0.979286
2849,0.013235
2850,0.02948
2851,0.018683
2852,0.050895
2853,0.077785
2854,0.11001
2855,0.007928
2856,0.034914
2857,0.067115
2858,0.056364
2859,0.088611
2860,0.115449
2861,0.147662
2862,0.136962
2863,0.169169
2864,0.196061
2865,0.228331
2866,0.024089
2867,0.013371
2868,0.0456
2869,0.072557
2870,0.104791
2871,0.094035
2872,0.126189
2873,0.153013
2874,0.185223
2875,0.17463
2876,0.206823
2877,0.23377
2878,0.265978
2879,0.255295
2880,0.287492
2881,0.346642
2882,0.002498
2883,0.029399
2884,0.061588
2885,0.051039
2886,0.083251
2887,0.110174
2888,0.142347
2889,0.13166
2890,0.163855
2891,0.190701
2892,0.22297
2893,0.212142
2894,0.244349
2895,0.2713
2896,0.303614
2897,0.292913
2898,0.325134
2899,0.352034
2900,0.384271
2901,0.018481
2902,0.007911
2903,0.040082
2904,0.067039
2905,0.0992
2906,0.088555
2907,0.120716
2908,0.147649
2909,0.179898
2910,0.16929
2911,0.201455
2912,0.228369
2913,0.260606
2914,0.249844
2915,0.282116
2916,0.309067
2917,0.341282
2918,0.330546
2919,0.362798
2920,0.389689
2921,0.421924
2922,0.411189
2923,0.443378
2924,0.470293
2925,0.502498
2926,0.023945
2927,0.056231
2928,0.045369
2929,0.077575
2930,0.104509
2931,0.136799
2932,0.126135
2933,0.158363
2934,0.185301
2935,0.217537
2936,0.206798
2937,0.239014
2938,0.265984
2939,0.298212
2940,0.287488
2941,0.319673
2942,0.346648
2943,0.378798
2944,0.368238
2945,0.400398
2946,0.427302
2947,0.459449
2948,0.44879
2949,0.480957
2950,0.507911
2951,0.540082
2952,0.529399
2953,0.561588
2954,0.588555
2955,0.620716
2956,0.002527
2957,0.034757
2958,0.061691
2959,0.09391
2960,0.083061
2961,0.115371
2962,0.142274
2963,0.174453
2964,0.163752
2965,0.196021
2966,0.222965
2967,0.255203
2968,0.244411
2969,0.276597
2970,0.303555
2971,0.335783
2972,0.325117
2973,0.35729
2974,0.384247
2975,0.416524
2976,0.405774
2977,0.437973
2978,0.464848
2979,0.497066
2980,0.486298
2981,0.518481
2982,0.545369
2983,0.577575
2984,0.567039
2985,0.5992
2986,0.626135
2987,0.658363
2988,0.679898
2989,0.040151
2990,0.072408
2991,0.099377
2992,0.131589
2993,0.120743
2994,0.15296
2995,0.179829
2996,0.212012
2997,0.20145
2998,0.233633
2999,0.260592
3000,0.292753
3001,0.282029
3002,0.314217
3003,0.341224
3004,0.373451
3005,0.362692
3006,0.394969
3007,0.421943
3008,0.454143
3009,0.443384
3010,0.475581
3011,0.502527
3012,0.534757
3013,0.523945
3014,0.556231
3015,0.583061
3016,0.615371
3017,0.604509
3018,0.636799
3019,0.663752
3020,0.696021
3021,0.685301
3022,0.717537
3023,0.744411
3024,0.776597
3025,0.15846
3026,0.190651
3027,0.217542
3028,0.249844
3029,0.238993
3030,0.27123
3031,0.298175
3032,0.330397
3033,0.319588
3034,0.351801
3035,0.378751
3036,0.410996
3037,0.400424
3038,0.432617
3039,0.459572
3040,0.49182
3041,0.480988
3042,0.513235
3043,0.540151
3044,0.572408
3045,0.561691
3046,0.59391
3047,0.620743
3048,0.65296
3049,0.642274
3050,0.674453
3051,0.70145
3052,0.733633
3053,0.722965
3054,0.755203
3055,0.782029
3056,0.814217
3057,0.803555
3058,0.835783
3059,0.862692
3060,0.894969
3061,0.276744
3062,0.30895
3063,0.335855
3064,0.3681
3065,0.357301
3066,0.389595
3067,0.41648
3068,0.448791
3069,0.437951
3070,0.470248
3071,0.497215
3072,0.52948
3073,0.518683
3074,0.550895
3075,0.577785
3076,0.61001
3077,0.599377
3078,0.631589
3079,0.65846
3080,0.690651
3081,0.679829
3082,0.712012
3083,0.738993
3084,0.77123
3085,0.760592
3086,0.792753
3087,0.819588
3088,0.851801
3089,0.841224
3090,0.873451
3091,1.0
3092,0.932617
3093,0.921943
3094,0.954143
3095,0.31438
3096,0.373562
3097,0.405805
3098,0.395034
3099,0.427294
3100,0.454194
3101,0.486415
3102,0.475717
3103,0.507928
3104,0.534914
3105,0.567115
3106,0.556364
3107,0.588611
3108,0.615449
3109,0.647662
3110,0.636962
3111,0.669169
3112,0.696061
3113,0.728331
3114,0.717542
3115,0.749844
3116,0.776744
3117,0.80895
3118,0.798175
3119,0.830397
3120,0.857301
3121,0.889595
3122,0.878751
3123,0.910996
3124,0.937951
3125,0.970248
3126,0.959572
3127,0.99182
3128,0.432738
3129,0.464987
3130,0.49188
3131,0.524089
3132,0.513371
3133,0.5456
3134,0.572557
3135,0.604791
3136,0.594035
3137,0.626189
3138,0.653013
3139,0.685223
3140,0.67463
3141,0.706823
3142,0.73377
3143,0.765978
3144,0.755295
3145,0.787492
3146,0.81438
3147,0.846642
3148,0.835855
3149,0.8681
3150,0.895034
3151,0.927294
3152,0.91648
3153,0.948791
3154,0.975717
3155,0.997215
3156,0.551039
3157,0.583251
3158,0.610174
3159,0.642347
3160,0.63166
3161,0.663855
3162,0.690701
3163,0.72297
3164,0.712142
3165,0.744349
3166,0.7713
3167,0.803614
3168,0.792913
3169,0.825134
3170,0.852034
3171,0.884271
3172,0.873562
3173,0.905805
3174,0.932738
3175,0.964987
3176,0.954194
3177,0.986415
3178,0.647649
3179,0.66929
3180,0.701455
3181,0.728369
3182,0.760606
3183,0.749844
3184,0.782116
3185,0.809067
3186,0.841282
3187,0.830546
3188,0.862798
3189,0.889689
3190,0.921924
3191,0.911189
3192,0.943378
3193,0.970293
3194,0.99188
3195,0.706798
3196,0.739014
3197,0.765984
3198,0.798212
3199,0.787488
3200,0.819673
3201,0.846648
3202,0.878798
3203,0.868238
3204,0.900398
3205,0.927302
3206,0.959449
3207,0.94879
3208,0.980957
3209,0.825117
3210,0.85729
3211,0.884247
3212,0.916524
3213,0.905774
3214,0.937973
3215,0.964848
3216,0.997066
3217,0.986298
3218,0.943384
3219,0.975581
3220,0.980988
3221,0.012131
3222,0.067203
3223,0.02101
3224,0.015122
3225,0.044139
3226,0.070259
3227,0.099275
3228,0.024099
3229,0.053199
3230,0.047213
3231,0.07627
3232,0.102418
3233,0.131491
3234,0.125214
3235,0.154251
3236,0.18014
3237,0.20928
3238,0.007149
3239,0.00112
3240,0.0302
3241,0.056304
3242,0.085306
3243,0.079349
3244,0.108391
3245,0.134524
3246,0.16353
3247,0.157503
3248,0.18657
3249,0.212568
3250,0.241611
3251,0.235127
3252,0.264228
3253,0.290149
3254,0.319145
3255,0.010122
3256,0.039049
3257,0.033222
3258,0.062216
3259,0.088272
3260,0.117208
3261,0.111425
3262,0.14041
3263,0.166498
3264,0.195407
3265,0.189656
3266,0.218621
3267,0.244717
3268,0.27366
3269,0.267499
3270,0.296532
3271,0.322334
3272,0.351338
3273,0.345094
3274,0.374082
3275,0.400051
3276,0.429031
3277,0.015952
3278,0.042053
3279,0.071017
3280,0.065156
3281,0.094093
3282,0.120157
3283,0.149065
3284,0.143321
3285,0.172237
3286,0.198338
3287,0.227272
3288,0.22154
3289,0.250459
3290,0.276572
3291,0.305515
3292,0.299626
3293,0.328579
3294,0.354453
3295,0.383367
3296,0.377141
3297,0.406119
3298,0.432057
3299,0.461006
3300,0.484026
3301,0.539049
3302,0.025256
3303,0.019014
3304,0.047999
3305,0.074095
3306,0.103115
3307,0.097098
3308,0.126062
3309,0.152135
3310,0.181215
3311,0.175194
3312,0.204226
3313,0.2303
3314,0.259344
3315,0.2534
3316,0.282396
3317,0.308531
3318,0.337555
3319,0.331536
3320,0.360478
3321,0.386448
3322,0.415372
3323,0.409214
3324,0.438151
3325,0.46406
3326,0.493008
3327,0.487023
3328,0.515952
3329,0.542053
3330,0.571017
3331,0.594093
3332,0.002684
3333,0.02855
3334,0.057692
3335,0.051162
3336,0.08027
3337,0.106253
3338,0.135371
3339,0.129171
3340,0.158251
3341,0.184321
3342,0.213392
3343,0.20733
3344,0.236381
3345,0.26247
3346,0.291507
3347,0.285489
3348,0.314546
3349,0.340705
3350,0.36975
3351,0.363613
3352,0.392606
3353,0.418576
3354,0.447633
3355,0.441289
3356,0.470277
3357,0.496178
3358,0.525256
3359,0.519014
3360,0.547999
3361,0.574095
3362,0.603115
3363,0.597098
3364,0.626062
3365,0.652135
3366,0.681215
3367,0.005954
3368,0.03509
3369,0.060875
3370,0.08996
3371,0.083491
3372,0.112603
3373,0.138469
3374,0.167442
3375,0.161349
3376,0.190383
3377,0.216409
3378,0.245395
3379,0.239443
3380,0.268462
3381,0.294536
3382,0.323494
3383,0.317657
3384,0.346667
3385,0.37283
3386,0.401829
3387,0.39584
3388,0.424892
3389,0.450922
3390,0.480016
3391,0.473573
3392,0.502684
3393,0.52855
3394,0.557692
3395,0.551162
3396,0.58027
3397,0.606253
3398,0.635371
3399,0.629171
3400,0.658251
3401,0.684321
3402,0.713392
3403,0.70733
3404,0.736381
3405,0.76247
3406,0.791507
3407,0.038138
3408,0.093056
3409,0.122067
3410,0.115748
3411,0.144704
3412,0.170611
3413,0.199589
3414,0.1934
3415,0.222414
3416,0.24844
3417,0.277476
3418,0.271392
3419,0.300381
3420,0.326432
3421,0.355492
3422,0.34962
3423,0.378646
3424,0.404785
3425,0.433773
3426,0.427953
3427,0.456978
3428,0.483111
3429,0.512131
3430,0.505954
3431,0.53509
3432,0.560875
3433,0.58996
3434,0.583491
3435,0.612603
3436,0.638469
3437,0.667442
3438,0.661349
3439,0.690383
3440,0.716409
3441,0.745395
3442,0.739443
3443,0.768462
3444,0.794536
3445,0.823494
3446,0.817657
3447,0.846667
3448,0.87283
3449,0.901829
3450,0.14787
3451,0.176896
3452,0.202763
3453,0.231854
3454,0.225576
3455,0.254632
3456,0.280646
3457,0.309717
3458,0.303479
3459,0.332538
3460,0.358591
3461,0.387661
3462,0.381603
3463,0.0
3464,0.436727
3465,0.46578
3466,0.459926
3467,0.488915
3468,0.515122
3469,0.544139
3470,0.538138
3471,0.567203
3472,0.593056
3473,0.622067
3474,0.615748
3475,0.644704
3476,0.670611
3477,0.699589
3478,0.6934
3479,0.722414
3480,0.74844
3481,0.777476
3482,0.771392
3483,0.800381
3484,0.826432
3485,0.855492
3486,0.84962
3487,0.878646
3488,0.904785
3489,0.933773
3490,0.927953
3491,0.956978
3492,0.257836
3493,0.286895
3494,0.312934
3495,0.341951
3496,0.335749
3497,0.364814
3498,0.390843
3499,0.419918
3500,0.413745
3501,0.442829
3502,0.468911
3503,0.497972
3504,0.491935
3505,0.52101
3506,0.547213
3507,0.57627
3508,0.570259
3509,0.599275
3510,0.625214
3511,0.654251
3512,0.64787
3513,0.676896
3514,0.702763
3515,0.731854
3516,0.725576
3517,0.754632
3518,0.780646
3519,0.809717
3520,0.803479
3521,0.832538
3522,0.858591
3523,0.887661
3524,0.881603
3525,0.91063
3526,0.936727
3527,0.96578
3528,0.959926
3529,0.988916
3530,0.36798
3531,0.397008
3532,0.423053
3533,0.452064
3534,0.446004
3535,0.475045
3536,0.50112
3537,0.5302
3538,0.524099
3539,0.553199
3540,0.579349
3541,0.608391
3542,0.602418
3543,0.631491
3544,0.657503
3545,0.68657
3546,0.68014
3547,0.70928
3548,0.735127
3549,0.764228
3550,0.757836
3551,0.786895
3552,0.812934
3553,0.841951
3554,0.835749
3555,0.864814
3556,0.890843
3557,0.919918
3558,0.913745
3559,0.942829
3560,0.968911
3561,0.997972
3562,0.991935
3563,0.455056
3564,0.478146
3565,0.507149
3566,0.533222
3567,0.562216
3568,0.556304
3569,0.585306
3570,0.611425
3571,0.64041
3572,0.634524
3573,0.66353
3574,0.689656
3575,0.718621
3576,0.712568
3577,0.741611
3578,0.767499
3579,0.796532
3580,0.790149
3581,0.819145
3582,0.845094
3583,0.874082
3584,0.86798
3585,0.897008
3586,0.923053
3587,0.952064
3588,0.946004
3589,0.975045
3590,0.510122
3591,0.565156
3592,0.588272
3593,0.617208
3594,0.643321
3595,0.672237
3596,0.666498
3597,0.695407
3598,0.72154
3599,0.750459
3600,0.744717
3601,0.77366
3602,0.799626
3603,0.828579
3604,0.822334
3605,0.851338
3606,0.877141
3607,0.906119
3608,0.900051
3609,0.929031
3610,0.955056
3611,0.984026
3612,0.978146
3613,0.620157
3614,0.649065
3615,0.675194
3616,0.704226
3617,0.698338
3618,0.727272
3619,0.7534
3620,0.782396
3621,0.776572
3622,0.805515
3623,0.831536
3624,0.860478
3625,0.854453
3626,0.883367
3627,0.909214
3628,0.938151
3629,0.932057
3630,0.961006
3631,0.987023
3632,0.7303
3633,0.759344
3634,0.785489
3635,0.814546
3636,0.808531
3637,0.837555
3638,0.863613
3639,0.892606
3640,0.886448
3641,0.915372
3642,0.941289
3643,0.970277
3644,0.96406
3645,0.993008
3646,0.840705
3647,0.86975
3648,0.89584
3649,0.924892
3650,0.918576
3651,0.947633
3652,0.973573
3653,0.996178
3654,0.950922
3655,0.980016
3656,0.983111
3657,0.010564
3658,0.061665
3659,0.014334
3660,0.011836
3661,0.038073
3662,0.062979
3663,0.089198
3664,0.112807
3665,0.164003
3666,0.015589
3667,0.041825
3668,0.039272
3669,0.065535
3670,0.090484
3671,0.116754
3672,0.114073
3673,0.140321
3674,0.165218
3675,0.191454
3676,0.018249
3677,0.043128
3678,0.069406
3679,0.066769
3680,0.093026
3681,0.117983
3682,0.144261
3683,0.141687
3684,0.167969
3685,0.192811
3686,0.219034
3687,0.21639
3688,0.242584
3689,0.267559
3690,0.293835
3691,0.022228
3692,0.019527
3693,0.045805
3694,0.070669
3695,0.096985
3696,0.094349
3697,0.120631
3698,0.145582
3699,0.17182
3700,0.169235
3701,0.195476
3702,0.220411
3703,0.246729
3704,0.243893
3705,0.270155
3706,0.295133
3707,0.321413
3708,0.318796
3709,0.345041
3710,0.369931
3711,0.39621
3712,0.023564
3713,0.049887
3714,0.047187
3715,0.073525
3716,0.098418
3717,0.124727
3718,0.121907
3719,0.148243
3720,0.173236
3721,0.199534
3722,0.196729
3723,0.223014
3724,0.248014
3725,0.274341
3726,0.271554
3727,0.297868
3728,0.322785
3729,0.349116
3730,0.346374
3731,0.372682
3732,0.397626
3733,0.424001
3734,0.421008
3735,0.447365
3736,0.472244
3737,0.498623
3738,0.002789
3739,0.026363
3740,0.051238
3741,0.077466
3742,0.074861
3743,0.101129
3744,0.126125
3745,0.152385
3746,0.149553
3747,0.175871
3748,0.200787
3749,0.227032
3750,0.224444
3751,0.25069
3752,0.27566
3753,0.301921
3754,0.299259
3755,0.325583
3756,0.350472
3757,0.376746
3758,0.374038
3759,0.400344
3760,0.425301
3761,0.451573
3762,0.44887
3763,0.475241
3764,0.500069
3765,0.526363
3766,0.523564
3767,0.549887
3768,0.574861
3769,0.601129
3770,0.003984
3771,0.030223
3772,0.027684
3773,0.053954
3774,0.078804
3775,0.105059
3776,0.102423
3777,0.128699
3778,0.153675
3779,0.179887
3780,0.177276
3781,0.20351
3782,0.228313
3783,0.254587
3784,0.251987
3785,0.278263
3786,0.303233
3787,0.329508
3788,0.32686
3789,0.353139
3790,0.377997
3791,0.404274
3792,0.401652
3793,0.427906
3794,0.452852
3795,0.479055
3796,0.476552
3797,0.502789
3798,0.527684
3799,0.553954
3800,0.551238
3801,0.577466
3802,0.602423
3803,0.628699
3804,0.626125
3805,0.652385
3806,0.677276
3807,0.70351
3808,0.006668
3809,0.031546
3810,0.057826
3811,0.055142
3812,0.081431
3813,0.106345
3814,0.132568
3815,0.129979
3816,0.156178
3817,0.181096
3818,0.20735
3819,0.204836
3820,0.231073
3821,0.255954
3822,0.282203
3823,0.279498
3824,0.305769
3825,0.330722
3826,0.356972
3827,0.354483
3828,0.380697
3829,0.4056
3830,0.431825
3831,0.429186
3832,0.455434
3833,0.480383
3834,0.506668
3835,0.503984
3836,0.530223
3837,0.555142
3838,0.581431
3839,0.578804
3840,0.605059
3841,0.629979
3842,0.656178
3843,0.653675
3844,0.679887
3845,0.704836
3846,0.731073
3847,0.728313
3848,0.754587
3849,0.779498
3850,0.805769
3851,0.0079
3852,0.034228
3853,0.059144
3854,0.085336
3855,0.082734
3856,0.108929
3857,0.133847
3858,0.160161
3859,0.157463
3860,0.183772
3861,0.208658
3862,0.234838
3863,0.232283
3864,0.258497
3865,0.283456
3866,0.309713
3867,0.307086
3868,0.333311
3869,0.358198
3870,0.384432
3871,0.381915
3872,0.40813
3873,0.433106
3874,0.459372
3875,0.456725
3876,0.482947
3877,0.5079
3878,0.534228
3879,0.531546
3880,0.557826
3881,0.582734
3882,0.608929
3883,0.606345
3884,0.632568
3885,0.657463
3886,0.683772
3887,0.681096
3888,0.70735
3889,0.732283
3890,0.758497
3891,0.755954
3892,0.782203
3893,0.807086
3894,0.833311
3895,0.830722
3896,0.856971
3897,0.90813
3898,0.035467
3899,0.0
3900,0.110278
3901,0.136553
3902,0.161494
3903,0.187686
3904,0.185049
3905,0.211246
3906,0.236128
3907,0.262439
3908,0.259746
3909,0.285998
3910,0.310936
3911,0.337119
3912,0.334611
3913,0.360816
3914,0.385714
3915,0.411987
3916,0.409352
3917,0.435632
3918,0.460613
3919,0.486899
3920,0.484277
3921,0.510564
3922,0.535467
3923,0.561665
3924,0.559144
3925,0.585336
3926,0.610278
3927,0.636553
3928,0.633847
3929,0.660161
3930,0.685049
3931,0.711246
3932,0.708658
3933,0.734838
3934,0.759746
3935,0.785998
3936,0.783456
3937,0.809713
3938,0.834611
3939,0.860816
3940,0.858198
3941,0.884432
3942,0.909352
3943,0.935632
3944,0.959372
3945,0.137782
3946,0.188948
3947,0.215211
3948,0.212551
3949,0.238849
3950,0.263713
3951,0.289929
3952,0.287346
3953,0.313539
3954,0.338452
3955,0.364702
3956,0.362029
3957,0.388329
3958,0.413282
3959,0.439529
3960,0.436884
3961,0.463152
3962,0.488134
3963,0.514334
3964,0.511836
3965,0.538073
3966,0.562979
3967,0.589198
3968,0.586545
3969,0.612807
3970,0.637782
3971,0.664003
3972,0.661494
3973,0.687686
3974,0.712551
3975,0.738849
3976,0.736128
3977,0.762439
3978,0.787346
3979,0.813539
3980,0.810936
3981,0.837119
3982,0.862029
3983,0.888329
3984,0.885714
3985,0.911987
3986,0.936884
3987,0.963152
3988,0.960613
3989,0.986899
3990,0.240147
3991,0.266317
3992,0.291243
3993,0.317474
3994,0.314828
3995,0.341098
3996,0.366027
3997,0.392278
3998,0.38954
3999,0.415844
4000,0.440807
4001,0.467041
4002,0.464429
4003,0.490645
4004,0.515589
4005,0.541825
4006,0.539272
4007,0.565534
4008,0.590484
4009,0.616754
4010,0.614073
4011,0.640321
4012,0.665218
4013,0.691454
4014,0.688948
4015,0.715212
4016,0.740147
4017,0.766317
4018,0.763713
4019,0.789929
4020,0.814828
4021,0.841098
4022,0.838452
4023,0.864702
4024,0.88954
4025,0.915844
4026,0.913282
4027,0.939529
4028,0.964429
4029,0.990645
4030,0.988134
4031,0.342304
4032,0.36859
4033,0.393459
4034,0.419686
4035,0.417187
4036,0.443394
4037,0.468348
4038,0.494607
4039,0.491954
4040,0.518249
4041,0.543128
4042,0.569406
4043,0.566769
4044,0.593026
4045,0.617983
4046,0.644261
4047,0.641687
4048,0.667969
4049,0.692811
4050,0.719034
4051,0.71639
4052,0.742584
4053,0.767559
4054,0.793835
4055,0.791243
4056,0.817474
4057,0.842304
4058,0.86859
4059,0.866027
4060,0.892278
4061,0.917187
4062,0.943394
4063,0.940807
4064,0.967041
4065,0.991954
4066,0.444664
4067,0.470943
4068,0.495913
4069,0.522228
4070,0.519527
4071,0.545805
4072,0.570669
4073,0.596985
4074,0.594349
4075,0.620631
4076,0.645582
4077,0.67182
4078,0.669235
4079,0.695476
4080,0.720411
4081,0.746729
4082,0.743893
4083,0.770155
4084,0.795133
4085,0.821413
4086,0.818796
4087,0.845041
4088,0.869931
4089,0.89621
4090,0.893459
4091,0.919686
4092,0.944664
4093,0.970943
4094,0.968348
4095,0.994607
4096,0.547187
4097,0.573525
4098,0.598418
4099,0.624727
4100,0.621907
4101,0.648243
4102,0.673236
4103,0.699534
4104,0.696729
4105,0.723014
4106,0.748014
4107,0.774341
4108,0.771554
4109,0.797868
4110,0.822785
4111,0.849116
4112,0.846374
4113,0.872682
4114,0.897626
4115,0.924001
4116,0.921008
4117,0.947365
4118,0.972244
4119,0.998623
4120,0.995913
4121,0.649553
4122,0.675871
4123,0.700787
4124,0.727032
4125,0.724444
4126,0.75069
4127,0.77566
4128,0.801921
4129,0.799259
4130,0.825583
4131,0.850472
4132,0.876746
4133,0.874038
4134,0.900344
4135,0.925301
4136,0.951573
4137,0.94887
4138,0.975241
4139,0.751987
4140,0.778263
4141,0.803233
4142,0.829508
4143,0.82686
4144,0.853139
4145,0.877997
4146,0.904274
4147,0.901652
4148,0.927906
4149,0.952852
4150,0.979055
4151,0.976552
4152,0.854483
4153,0.880697
4154,0.9056
4155,0.931825
4156,0.929186
4157,0.955434
4158,0.980383
4159,0.881915
4160,0.933106
4161,0.956725
4162,0.982947
4163,0.984277
4164,0.000522
4165,0.039345
4166,0.025602
4167,0.032482
4168,0.055362
4169,0.094124
4170,0.062181
4171,0.10097
4172,0.011898
4173,0.01878
4174,0.04169
4175,0.080526
4176,0.048482
4177,0.087315
4178,0.11008
4179,0.148838
4180,0.116878
4181,0.155654
4182,0.1783
4183,0.217016
4184,0.005001
4185,0.027894
4186,0.066742
4187,0.034828
4188,0.073668
4189,0.096488
4190,0.13523
4191,0.103307
4192,0.14207
4193,0.164776
4194,0.203493
4195,0.171552
4196,0.210271
4197,0.232917
4198,0.271712
4199,0.014196
4200,0.053035
4201,0.021053
4202,0.0599
4203,0.082747
4204,0.121507
4205,0.089609
4206,0.128354
4207,0.151105
4208,0.189815
4209,0.157971
4210,0.196635
4211,0.219329
4212,0.258064
4213,0.226189
4214,0.264891
4215,0.287661
4216,0.32647
4217,0.294518
4218,0.333305
4219,0.395047
4220,0.007356
4221,0.046196
4222,0.069053
4223,0.107806
4224,0.07586
4225,0.114616
4226,0.137358
4227,0.176087
4228,0.144226
4229,0.18294
4230,0.205663
4231,0.244372
4232,0.212511
4233,0.251245
4234,0.274016
4235,0.312791
4236,0.280833
4237,0.319598
4238,0.342489
4239,0.381341
4240,0.349341
4241,0.388178
4242,0.411137
4243,0.450038
4244,0.12372
4245,0.162408
4246,0.130554
4247,0.169278
4248,0.191957
4249,0.230632
4250,0.198782
4251,0.237501
4252,0.260273
4253,0.299041
4254,0.267111
4255,0.305887
4256,0.328762
4257,0.367627
4258,0.33564
4259,0.374498
4260,0.397405
4261,0.436282
4262,0.404252
4263,0.44317
4264,0.466125
4265,0.505001
4266,0.472987
4267,0.511898
4268,0.185111
4269,0.223825
4270,0.246548
4271,0.285325
4272,0.253414
4273,0.29217
4274,0.315013
4275,0.353862
4276,0.321916
4277,0.360789
4278,0.383696
4279,0.422579
4280,0.390556
4281,0.429491
4282,0.452418
4283,0.491301
4284,0.459219
4285,0.498139
4286,0.521053
4287,0.5599
4288,0.527894
4289,0.566742
4290,0.589609
4291,0.628354
4292,0.239762
4293,0.278537
4294,0.301341
4295,0.340192
4296,0.308137
4297,0.346983
4298,0.369917
4299,0.40882
4300,0.376804
4301,0.415724
4302,0.438664
4303,0.477561
4304,0.445547
4305,0.484462
4306,0.507356
4307,0.546196
4308,0.514196
4309,0.553035
4310,0.57586
4311,0.614616
4312,0.582747
4313,0.621507
4314,0.644226
4315,0.68294
4316,0.356207
4317,0.363081
4318,0.401937
4319,0.424936
4320,0.463779
4321,0.431822
4322,0.470684
4323,0.493641
4324,0.532482
4325,0.500522
4326,0.539345
4327,0.562181
4328,0.60097
4329,0.569053
4330,0.607806
4331,0.630554
4332,0.669278
4333,0.637358
4334,0.676087
4335,0.698782
4336,0.737501
4337,0.705663
4338,0.744372
4339,0.767111
4340,0.805887
4341,0.41803
4342,0.45689
4343,0.47988
4344,0.51878
4345,0.486763
4346,0.525602
4347,0.548482
4348,0.587315
4349,0.555362
4350,0.594124
4351,0.616878
4352,0.655654
4353,0.62372
4354,0.662408
4355,0.685111
4356,0.723825
4357,0.691957
4358,0.730632
4359,0.753414
4360,0.79217
4361,0.760273
4362,0.799041
4363,0.821916
4364,0.860789
4365,0.534828
4366,0.573668
4367,0.54169
4368,0.580526
4369,0.603307
4370,0.64207
4371,0.61008
4372,0.648838
4373,0.671552
4374,0.710271
4375,0.6783
4376,0.717016
4377,0.739762
4378,0.778537
4379,0.746548
4380,0.785325
4381,0.808137
4382,0.846983
4383,0.815013
4384,0.853862
4385,0.876804
4386,0.915724
4387,0.883696
4388,0.922579
4389,0.596488
4390,0.63523
4391,0.657971
4392,0.696635
4393,0.664777
4394,0.703493
4395,0.726189
4396,0.764891
4397,0.732917
4398,0.771712
4399,0.794518
4400,0.833305
4401,0.801341
4402,0.840192
4403,0.863081
4404,0.901937
4405,0.869917
4406,1.0
4407,0.931822
4408,0.970684
4409,0.938664
4410,0.977561
4411,0.651105
4412,0.689815
4413,0.712511
4414,0.751245
4415,0.719329
4416,0.758064
4417,0.780833
4418,0.819598
4419,0.787661
4420,0.82647
4421,0.849341
4422,0.888178
4423,0.856207
4424,0.895047
4425,0.91803
4426,0.95689
4427,0.924936
4428,0.963779
4429,0.986763
4430,0.99364
4431,0.774016
4432,0.812791
4433,0.83564
4434,0.874498
4435,0.842489
4436,0.881341
4437,0.904252
4438,0.94317
4439,0.911137
4440,0.950038
4441,0.972987
4442,0.97988
4443,0.828762
4444,0.867627
4445,0.890556
4446,0.929491
4447,0.897405
4448,0.936282
4449,0.959219
4450,0.998139
4451,0.966125
4452,0.945547
4453,0.984462
4454,0.952418
4455,0.991301
4456,0.06688
4457,0.019945
4458,0.043399
4459,0.091177
4460,0.162355
4461,0.114538
4462,0.18582
4463,0.043614
4464,0.114944
4465,0.067736
4466,0.138899
4467,0.186782
4468,0.257911
4469,0.210069
4470,0.281227
4471,0.329019
4472,0.400213
4473,0.06688
4474,0.01937
4475,0.090463
4476,0.138505
4477,0.209822
4478,0.162806
4479,0.234059
4480,0.281967
4481,0.353278
4482,0.305553
4483,0.376732
4484,0.42451
4485,0.495689
4486,0.447872
4487,0.519153
4488,0.019945
4489,0.043399
4490,0.091177
4491,0.162356
4492,0.114539
4493,0.18582
4494,0.233636
4495,0.304857
4496,0.257715
4497,0.328989
4498,0.376947
4499,0.448277
4500,0.401069
4501,0.472233
4502,0.520115
4503,0.591244
4504,0.543402
4505,0.61456
4506,0.662352
4507,0.733547
4508,0.043614
4509,0.114944
4510,0.067736
4511,0.1389
4512,0.186782
4513,0.257911
4514,0.210069
4515,0.281227
4516,0.329019
4517,0.400213
4518,0.352704
4519,0.423796
4520,0.471839
4521,0.543155
4522,0.49614
4523,0.567392
4524,0.615301
4525,0.686611
4526,0.638886
4527,0.710066
4528,0.757843
4529,0.829022
4530,0.781205
4531,0.852486
4532,0.01937
4533,0.090463
4534,0.138505
4535,0.209822
4536,0.162806
4537,0.234059
4538,0.281967
4539,0.353278
4540,0.305553
4541,0.376732
4542,0.42451
4543,0.495689
4544,0.447872
4545,0.519153
4546,0.56697
4547,0.63819
4548,0.591049
4549,0.662323
4550,0.710281
4551,0.78161
4552,0.734403
4553,0.805566
4554,0.853448
4555,0.924577
4556,0.876735
4557,0.947893
4558,0.995685
4559,0.233636
4560,0.304857
4561,0.257715
4562,0.328989
4563,0.376947
4564,0.448277
4565,0.401069
4566,0.472233
4567,0.520115
4568,0.591244
4569,0.543402
4570,0.61456
4571,0.662352
4572,0.733547
4573,0.686037
4574,0.75713
4575,0.805172
4576,0.876489
4577,0.829473
4578,0.900725
4579,0.948634
4580,0.97222
4581,0.352703
4582,0.423796
4583,0.471839
4584,0.543155
4585,0.49614
4586,0.567392
4587,0.615301
4588,0.686611
4589,0.638886
4590,0.710066
4591,0.757843
4592,0.829022
4593,0.781205
4594,0.852486
4595,0.900303
4596,0.971523
4597,0.924382
4598,0.995656
4599,0.56697
4600,0.63819
4601,0.591049
4602,0.662323
4603,0.710281
4604,0.78161
4605,0.734403
4606,0.805566
4607,0.853448
4608,0.924578
4609,0.876735
4610,0.947893
4611,0.995685
4612,0.686037
4613,0.75713
4614,0.805172
4615,0.876489
4616,0.829473
4617,0.900725
4618,0.948634
4619,0.97222
4620,0.900303
4621,0.971523
4622,0.924382
4623,0.995656
4624,0.028794
4625,0.013398
4626,0.037482
4627,0.070043
4628,0.05279
4629,0.085477
4630,0.14214
4631,0.006517
4632,0.039088
4633,0.021947
4634,0.054582
4635,0.078621
4636,0.111205
4637,0.094126
4638,0.126718
4639,0.150799
4640,0.183413
4641,0.0083
4642,0.023638
4643,0.047737
4644,0.080296
4645,0.063242
4646,0.095776
4647,0.119838
4648,0.152469
4649,0.135272
4650,0.167832
4651,0.191971
4652,0.224592
4653,0.207495
4654,0.240123
4655,0.264191
4656,0.296813
4657,0.016848
4658,0.049432
4659,0.032371
4660,0.064978
4661,0.089034
4662,0.121681
4663,0.104393
4664,0.137019
4665,0.161109
4666,0.193744
4667,0.176467
4668,0.209154
4669,0.233198
4670,0.265853
4671,0.24871
4672,0.281278
4673,0.30542
4674,0.337994
4675,0.353558
4676,0.018324
4677,0.001353
4678,0.033958
4679,0.058097
4680,0.090729
4681,0.073532
4682,0.10611
4683,0.130205
4684,0.162767
4685,0.145717
4686,0.178383
4687,0.202447
4688,0.235099
4689,0.217837
4690,0.250446
4691,0.274577
4692,0.30714
4693,0.289872
4694,0.322536
4695,0.346619
4696,0.379245
4697,0.36222
4698,0.394805
4699,0.419057
4700,0.451619
4701,0.002883
4702,0.026999
4703,0.059689
4704,0.042479
4705,0.075068
4706,0.099266
4707,0.131877
4708,0.114754
4709,0.147415
4710,0.171396
4711,0.20405
4712,0.18689
4713,0.21943
4714,0.24366
4715,0.276195
4716,0.259125
4717,0.291733
4718,0.315789
4719,0.348317
4720,0.331229
4721,0.363778
4722,0.38794
4723,0.420433
4724,0.403417
4725,0.435995
4726,0.460156
4727,0.492687
4728,0.475731
4729,0.5083
4730,0.011581
4731,0.04417
4732,0.068351
4733,0.100971
4734,0.083729
4735,0.116424
4736,0.140477
4737,0.173144
4738,0.156007
4739,0.188627
4740,0.212704
4741,0.245269
4742,0.228049
4743,0.260674
4744,0.284807
4745,0.317376
4746,0.300384
4747,0.332877
4748,0.356985
4749,0.389514
4750,0.372403
4751,0.40488
4752,0.42899
4753,0.461542
4754,0.444664
4755,0.477202
4756,0.501353
4757,0.533958
4758,0.516848
4759,0.549432
4760,0.573532
4761,0.60611
4762,0.109543
4763,0.125056
4764,0.15764
4765,0.181793
4766,0.214315
4767,0.197287
4768,0.229867
4769,0.253952
4770,0.286548
4771,0.269355
4772,0.301932
4773,0.326111
4774,0.358654
4775,0.341485
4776,0.374073
4777,0.398185
4778,0.430776
4779,0.413598
4780,0.446237
4781,0.470245
4782,0.502883
4783,0.485749
4784,0.518324
4785,0.542479
4786,0.575068
4787,0.558097
4788,0.590729
4789,0.614754
4790,0.647415
4791,0.630205
4792,0.662767
4793,0.68689
4794,0.71943
4795,0.166199
4796,0.198816
4797,0.222899
4798,0.255527
4799,0.238531
4800,0.271122
4801,0.295255
4802,0.327891
4803,0.310553
4804,0.343137
4805,0.367249
4806,0.399808
4807,0.382823
4808,0.415422
4809,0.439481
4810,0.472145
4811,0.454919
4812,0.487489
4813,0.511581
4814,0.54417
4815,0.526999
4816,0.559689
4817,0.583729
4818,0.616424
4819,0.599266
4820,0.631877
4821,0.656007
4822,0.688627
4823,0.671396
4824,0.70405
4825,0.728049
4826,0.760674
4827,0.279711
4828,0.3123
4829,0.336527
4830,0.36908
4831,0.351884
4832,0.384492
4833,0.408494
4834,0.441108
4835,0.42408
4836,0.456682
4837,0.480854
4838,0.513398
4839,0.496134
4840,0.528794
4841,0.55279
4842,0.585477
4843,0.568351
4844,0.600971
4845,0.625056
4846,0.65764
4847,0.640477
4848,0.673144
4849,0.697287
4850,0.729867
4851,0.712704
4852,0.745269
4853,0.769355
4854,0.801932
4855,0.784807
4856,0.817376
4857,0.841485
4858,0.874073
4859,0.32094
4860,0.377757
4861,0.410368
4862,0.393187
4863,0.425735
4864,0.449787
4865,0.482328
4866,0.0
4867,0.497861
4868,0.521947
4869,0.554582
4870,0.537482
4871,0.570043
4872,0.594126
4873,0.626718
4874,0.609543
4875,0.64214
4876,0.666199
4877,0.698816
4878,0.681793
4879,0.714315
4880,0.738531
4881,0.771122
4882,0.753952
4883,0.786548
4884,0.810553
4885,0.843137
4886,0.826111
4887,0.858654
4888,0.882823
4889,0.915422
4890,0.930776
4891,0.434427
4892,0.467023
4893,0.491008
4894,0.523638
4895,0.506517
4896,0.539088
4897,0.563242
4898,0.595776
4899,0.578621
4900,0.611205
4901,0.635272
4902,0.667832
4903,0.650799
4904,0.683413
4905,0.707495
4906,0.740123
4907,0.722899
4908,0.755527
4909,0.779711
4910,0.8123
4911,0.795255
4912,0.827891
4913,0.851884
4914,0.884492
4915,0.867249
4916,0.899808
4917,0.92408
4918,0.956682
4919,0.939481
4920,0.972145
4921,0.996134
4922,0.532371
4923,0.564978
4924,0.547737
4925,0.580296
4926,0.604393
4927,0.637019
4928,0.619838
4929,0.652469
4930,0.676467
4931,0.709154
4932,0.691971
4933,0.724592
4934,0.74871
4935,0.781278
4936,0.764191
4937,0.796813
4938,0.82094
4939,0.853558
4940,0.836527
4941,0.86908
4942,0.893187
4943,0.925735
4944,0.908494
4945,0.941108
4946,0.965257
4947,0.997861
4948,0.980854
4949,0.589034
4950,0.621681
4951,0.645717
4952,0.678383
4953,0.661109
4954,0.693744
4955,0.717837
4956,0.750446
4957,0.733198
4958,0.765853
4959,0.789872
4960,0.822536
4961,0.80542
4962,0.837994
4963,0.86222
4964,0.894805
4965,0.877757
4966,0.910368
4967,0.934427
4968,0.967023
4969,0.949787
4970,0.982328
4971,0.702447
4972,0.735099
4973,0.759125
4974,0.791733
4975,0.774577
4976,0.80714
4977,0.831229
4978,0.863778
4979,0.846619
4980,0.879245
4981,0.903417
4982,0.935995
4983,0.919057
4984,0.951619
4985,0.975731
4986,0.991008
4987,0.74366
4988,0.776195
4989,0.800384
4990,0.832877
4991,0.815789
4992,0.848317
4993,0.872403
4994,0.90488
4995,0.88794
4996,0.920433
4997,0.944664
4998,0.977202
4999,0.960156
5000,0.992687
5001,0.856985
5002,0.889514
5003,0.913598
5004,0.946237
5005,0.92899
5006,0.961542
5007,0.985749
5008,0.898185
5009,0.954919
5010,0.987489
5011,0.970245
5012,0.098747
5013,0.02743
5014,0.122575
5015,0.241439
5016,0.193731
5017,0.312771
5018,0.408205
5019,0.527052
5020,0.09897
5021,0.051334
5022,0.170249
5023,0.26562
5024,0.384679
5025,0.336756
5026,0.455655
5027,0.551135
5028,0.670235
5029,0.741605
5030,0.027095
5031,0.122344
5032,0.241393
5033,0.194033
5034,0.31318
5035,0.408407
5036,0.52723
5037,0.47969
5038,0.598711
5039,0.694302
5040,0.813118
5041,0.765681
5042,0.884568
5043,0.979883
5044,0.098747
5045,0.051033
5046,0.169926
5047,0.265486
5048,0.384336
5049,0.336925
5050,0.455973
5051,0.551056
5052,0.670042
5053,0.622684
5054,0.741583
5055,0.836986
5056,0.955775
5057,0.908487
5058,0.02743
5059,0.122574
5060,0.241439
5061,0.193731
5062,0.31277
5063,0.408205
5064,0.527052
5065,0.479673
5066,0.598543
5067,0.693867
5068,0.812672
5069,0.765285
5070,0.884261
5071,0.979858
5072,0.09897
5073,0.051334
5074,0.170249
5075,0.26562
5076,0.384679
5077,0.336756
5078,0.455655
5079,0.551135
5080,0.670235
5081,0.622571
5082,0.741606
5083,0.836493
5084,0.955619
5085,0.907939
5086,0.027095
5087,0.122344
5088,0.241393
5089,0.194033
5090,0.31318
5091,0.408407
5092,0.52723
5093,0.47969
5094,0.598711
5095,0.694302
5096,0.813118
5097,0.765681
5098,0.884568
5099,0.979883
5100,0.051033
5101,0.169927
5102,0.265486
5103,0.384336
5104,0.336925
5105,0.455973
5106,0.551056
5107,0.670042
5108,0.622684
5109,0.741583
5110,0.836986
5111,0.955775
5112,0.908487
5113,0.479673
5114,0.598543
5115,0.693867
5116,0.812672
5117,0.765285
5118,0.884261
5119,0.979858
5120,0.622571
5121,0.836493
5122,0.955619
5123,0.907939
5124,0.021145
5125,0.001801
5126,0.024996
5127,0.05213
5128,0.04441
5129,0.071546
5130,0.094856
5131,0.121975
5132,0.013463
5133,0.005749
5134,0.032866
5135,0.056117
5136,0.083176
5137,0.075412
5138,0.10255
5139,0.125876
5140,0.153035
5141,0.145246
5142,0.172357
5143,0.222726
5144,0.017324
5145,0.044467
5146,0.036812
5147,0.063864
5148,0.087093
5149,0.114181
5150,0.106447
5151,0.133607
5152,0.156935
5153,0.184046
5154,0.176285
5155,0.20336
5156,0.226628
5157,0.253722
5158,0.00569
5159,0.024997
5160,0.048371
5161,0.075499
5162,0.067763
5163,0.094846
5164,0.118042
5165,0.145186
5166,0.137508
5167,0.164652
5168,0.188001
5169,0.215102
5170,0.207192
5171,0.234254
5172,0.257582
5173,0.284682
5174,0.27709
5175,0.304154
5176,0.327375
5177,0.354479
5178,0.009618
5179,0.036693
5180,0.028941
5181,0.05606
5182,0.079392
5183,0.106517
5184,0.0988
5185,0.125927
5186,0.149111
5187,0.176211
5188,0.168506
5189,0.195643
5190,0.218971
5191,0.246029
5192,0.238227
5193,0.265297
5194,0.288579
5195,0.315749
5196,0.308008
5197,0.335134
5198,0.35833
5199,0.385463
5200,0.377743
5201,0.404879
5202,0.428189
5203,0.455308
5204,0.017379
5205,0.040526
5206,0.067587
5207,0.059961
5208,0.087056
5209,0.110423
5210,0.137487
5211,0.1298
5212,0.156844
5213,0.180083
5214,0.207168
5215,0.199531
5216,0.226638
5217,0.249934
5218,0.277035
5219,0.269204
5220,0.296345
5221,0.319646
5222,0.346796
5223,0.339082
5224,0.366199
5225,0.389451
5226,0.41651
5227,0.408745
5228,0.435883
5229,0.45921
5230,0.486368
5231,0.47858
5232,0.50569
5233,0.55606
5234,0.001839
5235,0.028976
5236,0.021335
5237,0.048435
5238,0.07156
5239,0.09863
5240,0.090915
5241,0.118015
5242,0.141341
5243,0.168468
5244,0.160708
5245,0.187812
5246,0.211077
5247,0.238213
5248,0.230509
5249,0.257644
5250,0.280929
5251,0.307958
5252,0.300243
5253,0.327298
5254,0.350658
5255,0.3778
5256,0.370145
5257,0.397198
5258,0.420426
5259,0.447514
5260,0.43978
5261,0.466941
5262,0.490268
5263,0.517379
5264,0.509618
5265,0.536693
5266,0.559961
5267,0.587056
5268,0.009545
5269,0.032865
5270,0.059971
5271,0.052305
5272,0.079362
5273,0.102537
5274,0.129678
5275,0.121912
5276,0.149082
5277,0.172415
5278,0.199533
5279,0.191663
5280,0.218796
5281,0.242079
5282,0.269216
5283,0.261523
5284,0.288642
5285,0.311913
5286,0.339023
5287,0.331201
5288,0.35833
5289,0.381704
5290,0.408833
5291,0.401096
5292,0.428179
5293,0.451376
5294,0.478519
5295,0.470841
5296,0.497985
5297,0.521335
5298,0.548435
5299,0.540526
5300,0.567587
5301,0.590915
5302,0.618015
5303,0.610423
5304,0.637487
5305,0.660708
5306,0.687812
5307,0.013416
5308,0.040501
5309,0.063843
5310,0.090977
5311,0.083267
5312,0.110368
5313,0.133577
5314,0.160631
5315,0.152979
5316,0.18013
5317,0.203479
5318,0.230531
5319,0.222784
5320,0.249843
5321,0.273114
5322,0.300274
5323,0.292543
5324,0.319701
5325,0.342952
5326,0.370026
5327,0.362274
5328,0.389393
5329,0.412725
5330,0.43985
5331,0.432134
5332,0.459261
5333,0.482445
5334,0.509545
5335,0.501839
5336,0.528976
5337,0.552305
5338,0.579362
5339,0.57156
5340,0.59863
5341,0.621912
5342,0.649082
5343,0.641341
5344,0.668468
5345,0.691663
5346,0.718796
5347,0.711077
5348,0.738213
5349,0.761523
5350,0.788642
5351,0.114262
5352,0.141291
5353,0.164534
5354,0.191664
5355,0.183991
5356,0.211133
5357,0.23443
5358,0.261512
5359,0.253759
5360,0.280848
5361,0.304175
5362,0.331319
5363,0.323602
5364,0.350713
5365,0.373859
5366,0.0
5367,0.393295
5368,0.420389
5369,0.443756
5370,0.47082
5371,0.463133
5372,0.490178
5373,0.513416
5374,0.540501
5375,0.532865
5376,0.559971
5377,0.583267
5378,0.610368
5379,0.602538
5380,0.629678
5381,0.652979
5382,0.68013
5383,0.672415
5384,0.699533
5385,0.722784
5386,0.749843
5387,0.742079
5388,0.769216
5389,0.792543
5390,0.819701
5391,0.811913
5392,0.839023
5393,0.889393
5394,0.195608
5395,0.215037
5396,0.242166
5397,0.265467
5398,0.292594
5399,0.284709
5400,0.311853
5401,0.335173
5402,0.36231
5403,0.354668
5404,0.381769
5405,0.404894
5406,0.431964
5407,0.424249
5408,0.451348
5409,0.474675
5410,0.501801
5411,0.494041
5412,0.521145
5413,0.54441
5414,0.571546
5415,0.563843
5416,0.590977
5417,0.614262
5418,0.641291
5419,0.633577
5420,0.660631
5421,0.683991
5422,0.711133
5423,0.703479
5424,0.730531
5425,0.753759
5426,0.780848
5427,0.773114
5428,0.800274
5429,0.823602
5430,0.850713
5431,0.842952
5432,0.870026
5433,0.893295
5434,0.920389
5435,0.246059
5436,0.273183
5437,0.296466
5438,0.323511
5439,0.315778
5440,0.342878
5441,0.366198
5442,0.393305
5443,0.385638
5444,0.412696
5445,0.435871
5446,0.463012
5447,0.455246
5448,0.482415
5449,0.505749
5450,0.532866
5451,0.524996
5452,0.55213
5453,0.575412
5454,0.60255
5455,0.594856
5456,0.621975
5457,0.645246
5458,0.672357
5459,0.664534
5460,0.691664
5461,0.715037
5462,0.742166
5463,0.73443
5464,0.761512
5465,0.784709
5466,0.811853
5467,0.804175
5468,0.831319
5469,0.854668
5470,0.881769
5471,0.873859
5472,0.900921
5473,0.924249
5474,0.951348
5475,0.943756
5476,0.97082
5477,0.994041
5478,0.34675
5479,0.373834
5480,0.397176
5481,0.42431
5482,0.416601
5483,0.443701
5484,0.46691
5485,0.493964
5486,0.486312
5487,0.513463
5488,0.536812
5489,0.563864
5490,0.556117
5491,0.583176
5492,0.606447
5493,0.633607
5494,0.625876
5495,0.653035
5496,0.676285
5497,0.70336
5498,0.695608
5499,0.722726
5500,0.746059
5501,0.773183
5502,0.765467
5503,0.792594
5504,0.815778
5505,0.842878
5506,0.835173
5507,0.86231
5508,0.885638
5509,0.912696
5510,0.904894
5511,0.931964
5512,0.955246
5513,0.982415
5514,0.974675
5515,0.447596
5516,0.474625
5517,0.497868
5518,0.524997
5519,0.517324
5520,0.544467
5521,0.567763
5522,0.594846
5523,0.587093
5524,0.614181
5525,0.637508
5526,0.664652
5527,0.656935
5528,0.684046
5529,0.707192
5530,0.734254
5531,0.726628
5532,0.753722
5533,0.77709
5534,0.804154
5535,0.796466
5536,0.823511
5537,0.84675
5538,0.873834
5539,0.866198
5540,0.893305
5541,0.916601
5542,0.943701
5543,0.935871
5544,0.963012
5545,0.986312
5546,0.528941
5547,0.548371
5548,0.575499
5549,0.5988
5550,0.625927
5551,0.618042
5552,0.645186
5553,0.668506
5554,0.695643
5555,0.688001
5556,0.715102
5557,0.738227
5558,0.765297
5559,0.757582
5560,0.784682
5561,0.808008
5562,0.835134
5563,0.827375
5564,0.854479
5565,0.877743
5566,0.904879
5567,0.897176
5568,0.92431
5569,0.947596
5570,0.974625
5571,0.96691
5572,0.993964
5573,0.579392
5574,0.606517
5575,0.6298
5576,0.656844
5577,0.649111
5578,0.676211
5579,0.699531
5580,0.726638
5581,0.718971
5582,0.746029
5583,0.769204
5584,0.796345
5585,0.788579
5586,0.815749
5587,0.839082
5588,0.866199
5589,0.85833
5590,0.885463
5591,0.908745
5592,0.935883
5593,0.928189
5594,0.955308
5595,0.978579
5596,0.997868
5597,0.680083
5598,0.707168
5599,0.730509
5600,0.757644
5601,0.749934
5602,0.777035
5603,0.800243
5604,0.827298
5605,0.819646
5606,1.0
5607,0.870145
5608,0.897198
5609,0.889451
5610,0.91651
5611,0.93978
5612,0.966941
5613,0.95921
5614,0.986368
5615,0.780929
5616,0.807958
5617,0.831201
5618,0.85833
5619,0.850658
5620,0.8778
5621,0.901096
5622,0.928179
5623,0.920426
5624,0.947514
5625,0.970841
5626,0.997985
5627,0.990268
5628,0.862274
5629,0.881704
5630,0.908833
5631,0.932134
5632,0.959261
5633,0.951376
5634,0.978519
5635,0.912725
5636,0.93985
5637,0.963133
5638,0.990178
5639,0.982445
5640,0.036707
5641,0.04111
5642,0.090547
5643,0.081737
5644,0.131229
5645,0.176376
5646,0.225873
5647,0.009363
5648,0.000522
5649,0.049977
5650,0.09509
5651,0.144593
5652,0.135684
5653,0.185202
5654,0.230326
5655,0.279781
5656,0.270953
5657,0.320401
5658,0.365402
5659,0.414939
5660,0.013924
5661,0.063453
5662,0.054473
5663,0.10394
5664,0.149041
5665,0.198534
5666,0.189723
5667,0.239186
5668,0.284329
5669,0.333857
5670,0.324867
5671,0.374386
5672,0.419442
5673,0.468814
5674,0.50939
5675,0.604004
5676,0.02307
5677,0.068133
5678,0.117684
5679,0.108498
5680,0.158085
5681,0.203056
5682,0.252501
5683,0.24372
5684,0.293203
5685,0.338356
5686,0.387756
5687,0.378969
5688,0.428353
5689,0.473348
5690,0.522915
5691,0.513868
5692,0.563386
5693,0.608463
5694,0.658054
5695,0.698729
5696,0.036707
5697,0.027637
5698,0.077148
5699,0.122279
5700,0.1718
5701,0.162664
5702,0.212133
5703,0.25711
5704,0.306767
5705,0.297668
5706,0.34725
5707,0.392382
5708,0.441903
5709,0.432925
5710,0.48246
5711,0.527537
5712,0.577011
5713,0.567965
5714,0.617509
5715,0.662616
5716,0.712052
5717,0.703218
5718,0.752727
5719,0.797925
5720,0.847419
5721,0.04111
5722,0.090547
5723,0.081737
5724,0.131229
5725,0.176376
5726,0.225873
5727,0.216868
5728,0.266473
5729,0.311446
5730,0.36086
5731,0.351966
5732,0.401397
5733,0.446597
5734,0.49608
5735,0.48707
5736,0.536535
5737,0.581699
5738,0.631285
5739,0.621995
5740,0.671536
5741,0.71661
5742,0.766186
5743,0.757185
5744,0.806715
5745,0.851786
5746,0.901313
5747,0.892612
5748,0.942174
5749,0.987202
5750,0.009363
5751,0.000522
5752,0.049977
5753,0.09509
5754,0.144593
5755,0.135684
5756,0.185202
5757,0.230326
5758,0.279781
5759,0.270953
5760,0.320401
5761,0.365402
5762,0.414939
5763,0.405957
5764,0.455444
5765,0.500665
5766,0.550092
5767,0.541204
5768,0.590785
5769,0.635933
5770,0.685416
5771,0.676261
5772,0.725787
5773,0.770769
5774,0.82027
5775,0.811301
5776,0.860794
5777,0.905839
5778,0.955385
5779,0.946415
5780,0.995955
5781,0.013924
5782,0.063453
5783,0.054473
5784,0.10394
5785,0.149041
5786,0.198534
5787,0.189723
5788,0.239186
5789,0.284329
5790,0.333857
5791,0.324867
5792,0.374386
5793,0.419442
5794,0.468814
5795,0.459992
5796,0.50939
5797,0.554524
5798,0.604004
5799,0.595285
5800,0.644784
5801,0.689931
5802,0.739404
5803,0.730385
5804,0.779918
5805,0.824906
5806,0.87446
5807,0.865324
5808,0.91487
5809,0.959877
5810,0.02307
5811,0.068133
5812,0.117684
5813,0.108498
5814,0.158085
5815,0.203056
5816,0.252501
5817,0.24372
5818,0.293203
5819,0.338356
5820,0.387756
5821,0.378969
5822,0.428353
5823,0.473348
5824,0.522915
5825,0.513868
5826,0.563386
5827,0.608463
5828,0.658054
5829,0.649223
5830,0.698729
5831,0.743857
5832,0.793393
5833,0.784486
5834,0.83402
5835,0.879086
5836,0.928553
5837,0.919469
5838,0.968931
5839,0.027637
5840,0.077148
5841,0.122279
5842,0.1718
5843,0.162664
5844,0.212133
5845,0.25711
5846,0.306767
5847,0.297668
5848,0.34725
5849,0.392382
5850,0.441903
5851,0.432925
5852,0.48246
5853,0.527537
5854,0.577011
5855,0.567965
5856,0.617509
5857,0.662616
5858,0.712052
5859,0.703218
5860,0.752727
5861,0.797925
5862,0.847419
5863,0.838511
5864,0.887973
5865,0.933042
5866,0.982602
5867,0.973524
5868,0.216868
5869,0.266473
5870,0.311446
5871,0.36086
5872,0.351966
5873,0.401397
5874,0.446597
5875,0.49608
5876,0.48707
5877,0.536535
5878,0.581699
5879,0.631285
5880,0.621995
5881,0.671536
5882,1.0
5883,0.766186
5884,0.757185
5885,0.806715
5886,0.851786
5887,0.901313
5888,0.892612
5889,0.942174
5890,0.987202
5891,0.405957
5892,0.455444
5893,0.500665
5894,0.550092
5895,0.541204
5896,0.590785
5897,0.635933
5898,0.685416
5899,0.676261
5900,0.725787
5901,0.770769
5902,0.82027
5903,0.811301
5904,0.860794
5905,0.905839
5906,0.955385
5907,0.946415
5908,0.995955
5909,0.459992
5910,0.554524
5911,0.595285
5912,0.644784
5913,0.689931
5914,0.739404
5915,0.730385
5916,0.779918
5917,0.824906
5918,0.87446
5919,0.865324
5920,0.91487
5921,0.959877
5922,0.649223
5923,0.743857
5924,0.793393
5925,0.784486
5926,0.83402
5927,0.879086
5928,0.928553
5929,0.919469
5930,0.968931
5931,0.838511
5932,0.887973
5933,0.933042
5934,0.982602
5935,0.973524
5936,0.000354
5937,0.005862
5938,0.015075
5939,0.049822
5940,0.020519
5941,0.055331
5942,0.075671
5943,0.110453
5944,0.004062
5945,0.038712
5946,0.009598
5947,0.044297
5948,0.064526
5949,0.099277
5950,0.070095
5951,0.104861
5952,0.125177
5953,0.159904
5954,0.16533
5955,0.027711
5956,0.033106
5957,0.053282
5958,0.088016
5959,0.058932
5960,0.093638
5961,0.113934
5962,0.148713
5963,0.119606
5964,0.154364
5965,0.174598
5966,0.209284
5967,0.180026
5968,0.214666
5969,0.234676
5970,0.269318
5971,0.017062
5972,0.022469
5973,0.042502
5974,0.077222
5975,0.047766
5976,0.08249
5977,0.102696
5978,0.137489
5979,0.10829
5980,0.143125
5981,0.163449
5982,0.198271
5983,0.169035
5984,0.203821
5985,0.223948
5986,0.258655
5987,0.229318
5988,0.263997
5989,0.28406
5990,0.31882
5991,0.011426
5992,0.031805
5993,0.066583
5994,0.037285
5995,0.072038
5996,0.091991
5997,0.126686
5998,0.097201
5999,0.131955
6000,0.152222
6001,0.187087
6002,0.157834
6003,0.192698
6004,0.213029
6005,0.247879
6006,0.218527
6007,0.25327
6008,0.273298
6009,0.307963
6010,0.278654
6011,0.313346
6012,0.333477
6013,0.368249
6014,0.339019
6015,0.373833
6016,0.026131
6017,0.06096
6018,0.08123
6019,0.115985
6020,0.08676
6021,0.121431
6022,0.14139
6023,0.176052
6024,0.146712
6025,0.181478
6026,0.201808
6027,0.236667
6028,0.207509
6029,0.242395
6030,0.262711
6031,0.297541
6032,0.268032
6033,0.302771
6034,0.322719
6035,0.357396
6036,0.328027
6037,0.362752
6038,0.382955
6039,0.417774
6040,0.388497
6041,0.42329
6042,0.443599
6043,0.478293
6044,0.130655
6045,0.136063
6046,0.170721
6047,0.190718
6048,0.225401
6049,0.196187
6050,0.230993
6051,0.251383
6052,0.286235
6053,0.257119
6054,0.291978
6055,0.312303
6056,0.347066
6057,0.317583
6058,0.352338
6059,0.372247
6060,0.407003
6061,0.377501
6062,0.412293
6063,0.432555
6064,0.467419
6065,0.438026
6066,0.472841
6067,0.49297
6068,0.527711
6069,0.498447
6070,0.533106
6071,0.185346
6072,0.21998
6073,0.240063
6074,0.274778
6075,0.245654
6076,0.280417
6077,0.300857
6078,0.335655
6079,0.306678
6080,0.341441
6081,0.361712
6082,0.39634
6083,0.367081
6084,0.401736
6085,0.42171
6086,0.456428
6087,0.427147
6088,0.46193
6089,0.48228
6090,0.517062
6091,0.487657
6092,0.522469
6093,0.542502
6094,0.577222
6095,0.547766
6096,0.58249
6097,0.602696
6098,0.637489
6099,0.289484
6100,0.324269
6101,0.295082
6102,0.329885
6103,0.350287
6104,0.385084
6105,0.356079
6106,0.390806
6107,0.410958
6108,0.445599
6109,0.416408
6110,0.451048
6111,0.471118
6112,0.505862
6113,0.476624
6114,0.511426
6115,0.531805
6116,0.566583
6117,0.537285
6118,0.572038
6119,0.591991
6120,0.626686
6121,0.597201
6122,0.631955
6123,0.652222
6124,0.687087
6125,0.344569
6126,0.379404
6127,0.399729
6128,0.434527
6129,0.40541
6130,0.440158
6131,0.460258
6132,0.494984
6133,0.465649
6134,0.500354
6135,0.520519
6136,0.555331
6137,0.526131
6138,0.56096
6139,0.58123
6140,0.615985
6141,0.58676
6142,0.621431
6143,0.64139
6144,0.676052
6145,0.646712
6146,0.681478
6147,0.701808
6148,0.736667
6149,0.707509
6150,0.742395
6151,0.394145
6152,0.428914
6153,0.449166
6154,0.48385
6155,0.454765
6156,0.489447
6157,0.509598
6158,0.544297
6159,0.515075
6160,0.549822
6161,0.570095
6162,0.604861
6163,0.575671
6164,0.610453
6165,0.630655
6166,0.66533
6167,0.636063
6168,0.670721
6169,0.690718
6170,0.725401
6171,0.696187
6172,0.730993
6173,0.751383
6174,0.786235
6175,0.757119
6176,0.791977
6177,0.812303
6178,1.0
6179,0.504062
6180,0.538712
6181,0.558932
6182,0.593638
6183,0.564526
6184,0.599277
6185,0.619606
6186,0.654364
6187,0.625177
6188,0.659904
6189,0.680026
6190,0.714666
6191,0.685346
6192,0.71998
6193,0.740063
6194,0.774778
6195,0.745654
6196,0.780417
6197,0.800857
6198,0.835655
6199,0.806678
6200,0.841441
6201,0.861712
6202,0.89634
6203,0.867081
6204,0.901736
6205,0.553282
6206,0.588016
6207,0.60829
6208,0.643125
6209,0.613934
6210,0.648713
6211,0.669035
6212,0.703821
6213,0.674598
6214,0.709284
6215,0.729318
6216,0.763997
6217,0.734676
6218,0.769318
6219,0.789484
6220,0.824269
6221,0.795082
6222,0.829885
6223,0.850287
6224,0.885084
6225,0.856079
6226,0.890807
6227,0.910958
6228,0.945599
6229,0.916408
6230,0.951048
6231,0.971118
6232,0.657834
6233,0.692698
6234,0.663449
6235,0.698271
6236,0.718527
6237,0.75327
6238,0.723948
6239,0.758655
6240,0.778654
6241,0.813346
6242,0.78406
6243,0.81882
6244,0.839019
6245,0.873833
6246,0.844569
6247,0.879404
6248,0.899729
6249,0.934527
6250,0.90541
6251,0.940158
6252,0.960258
6253,0.994984
6254,0.965649
6255,0.713029
6256,0.747879
6257,0.768032
6258,0.802771
6259,0.773298
6260,0.807963
6261,0.828027
6262,0.862752
6263,0.833477
6264,0.868249
6265,0.888497
6266,0.923289
6267,0.894145
6268,0.928914
6269,0.949166
6270,0.98385
6271,0.954765
6272,0.989447
6273,0.762711
6274,0.797541
6275,0.817583
6276,0.852338
6277,0.822719
6278,0.857396
6279,0.877501
6280,0.912293
6281,0.882955
6282,0.917774
6283,0.938026
6284,0.972841
6285,0.943599
6286,0.978293
6287,0.998447
6288,0.872247
6289,0.907003
6290,0.927147
6291,0.96193
6292,0.932555
6293,0.967419
6294,0.987657
6295,0.99297
6296,0.92171
6297,0.956428
6298,0.976624
6299,0.98228
6300,0.004127
6301,0.005619
6302,0.037961
6303,0.015518
6304,0.047889
6305,0.069036
6306,0.10141
6307,0.01875
6308,0.028426
6309,0.049432
6310,0.081783
6311,0.059247
6312,0.091688
6313,0.11276
6314,0.145095
6315,0.122339
6316,0.154642
6317,0.00898
6318,0.030056
6319,0.062424
6320,0.039827
6321,0.072143
6322,0.093151
6323,0.125537
6324,0.103036
6325,0.135444
6326,0.156517
6327,0.188819
6328,0.166033
6329,0.198359
6330,0.219295
6331,0.251655
6332,0.010742
6333,0.043047
6334,0.020319
6335,0.052691
6336,0.073739
6337,0.106056
6338,0.083537
6339,0.115806
6340,0.136843
6341,0.169269
6342,0.146693
6343,0.179057
6344,0.200176
6345,0.232442
6346,0.209734
6347,0.242096
6348,0.263003
6349,0.295352
6350,0.272658
6351,0.30498
6352,0.023575
6353,0.001082
6354,0.033357
6355,0.054346
6356,0.086664
6357,0.063983
6358,0.09636
6359,0.117385
6360,0.149681
6361,0.127208
6362,0.159573
6363,0.180637
6364,0.213058
6365,0.190369
6366,0.222721
6367,0.243758
6368,0.276107
6369,0.253376
6370,0.285746
6371,0.306657
6372,0.338955
6373,0.316399
6374,0.348729
6375,0.370002
6376,0.402388
6377,0.013888
6378,0.034915
6379,0.067267
6380,0.044647
6381,0.076938
6382,0.097928
6383,0.130314
6384,0.107607
6385,0.139955
6386,0.160988
6387,0.193293
6388,0.170922
6389,0.203293
6390,0.22439
6391,0.256754
6392,0.234087
6393,0.266393
6394,0.287422
6395,0.319784
6396,0.29707
6397,0.329442
6398,0.350403
6399,0.382741
6400,0.360089
6401,0.392488
6402,0.413652
6403,0.446052
6404,0.4234
6405,0.455703
6406,0.025288
6407,0.057709
6408,0.078664
6409,0.110972
6410,0.088272
6411,0.120628
6412,0.141643
6413,0.174054
6414,0.151308
6415,0.183639
6416,0.204691
6417,0.23709
6418,0.21453
6419,0.246945
6420,0.268035
6421,0.300343
6422,0.277711
6423,0.309972
6424,0.331025
6425,0.363396
6426,0.340799
6427,0.373142
6428,0.394161
6429,0.426447
6430,0.403893
6431,0.436294
6432,0.457424
6433,0.489757
6434,0.467066
6435,0.499354
6436,0.520319
6437,0.552691
6438,0.131952
6439,0.164284
6440,0.185359
6441,0.21773
6442,0.195083
6443,0.227395
6444,0.248461
6445,0.28083
6446,0.258286
6447,0.290706
6448,0.311716
6449,0.343995
6450,0.321269
6451,0.35363
6452,0.374672
6453,0.407017
6454,0.384456
6455,0.416721
6456,0.437767
6457,0.470095
6458,0.447582
6459,0.479964
6460,0.501082
6461,0.533357
6462,0.510742
6463,0.543047
6464,0.563983
6465,0.59636
6466,0.573739
6467,0.606056
6468,0.175587
6469,0.207992
6470,0.229032
6471,0.261302
6472,0.238774
6473,0.271092
6474,0.292133
6475,0.324552
6476,0.302045
6477,0.334361
6478,0.355404
6479,0.387688
6480,0.364966
6481,0.397319
6482,0.418321
6483,0.450649
6484,0.428073
6485,0.460361
6486,0.481461
6487,0.513888
6488,0.491203
6489,0.523575
6490,0.544647
6491,0.576938
6492,0.554346
6493,0.586664
6494,0.607607
6495,0.639955
6496,0.617385
6497,0.649681
6498,0.670922
6499,0.703293
6500,0.282483
6501,0.314838
6502,0.335904
6503,0.3683
6504,0.345688
6505,0.377982
6506,0.39903
6507,0.431352
6508,0.408629
6509,0.441015
6510,0.461988
6511,0.49427
6512,0.471748
6513,0.504127
6514,0.525288
6515,0.557709
6516,0.534915
6517,0.567267
6518,0.588272
6519,0.620629
6520,0.597928
6521,0.630314
6522,0.651308
6523,0.683639
6524,0.660988
6525,0.693293
6526,0.71453
6527,0.746945
6528,0.756754
6529,0.326271
6530,0.358682
6531,0.379708
6532,0.412067
6533,0.389354
6534,0.421668
6535,0.442666
6536,0.475061
6537,0.452291
6538,0.484649
6539,0.505619
6540,0.537961
6541,0.515518
6542,1.0
6543,0.569036
6544,0.60141
6545,0.578664
6546,0.610972
6547,0.631952
6548,0.664284
6549,0.641643
6550,0.674054
6551,0.695083
6552,0.727395
6553,0.704691
6554,0.73709
6555,0.758286
6556,0.790706
6557,0.768035
6558,0.800343
6559,0.821269
6560,0.85363
6561,0.433021
6562,0.465319
6563,0.486375
6564,0.51875
6565,0.496072
6566,0.528426
6567,0.549432
6568,0.581783
6569,0.559247
6570,0.591688
6571,0.61276
6572,0.645095
6573,0.622339
6574,0.654642
6575,0.675587
6576,0.707993
6577,0.685359
6578,0.71773
6579,0.738774
6580,0.771092
6581,0.748461
6582,0.78083
6583,0.802045
6584,0.834361
6585,0.811716
6586,0.843995
6587,0.864966
6588,0.897319
6589,0.907017
6590,0.476649
6591,0.50898
6592,0.530056
6593,0.562424
6594,0.539827
6595,0.572143
6596,0.593151
6597,0.625537
6598,0.603036
6599,0.635444
6600,0.656517
6601,0.688819
6602,0.666033
6603,0.698359
6604,0.719295
6605,0.751655
6606,0.729032
6607,0.761302
6608,0.782483
6609,0.814838
6610,0.792133
6611,0.824552
6612,0.845688
6613,0.877982
6614,0.855404
6615,0.887688
6616,0.908629
6617,0.941015
6618,0.918321
6619,0.950649
6620,0.971748
6621,0.583537
6622,0.615806
6623,0.636843
6624,0.669269
6625,0.646693
6626,0.679057
6627,0.700176
6628,0.732442
6629,0.709734
6630,0.742096
6631,0.763003
6632,0.795352
6633,0.772658
6634,0.80498
6635,0.826271
6636,0.858682
6637,0.835904
6638,0.8683
6639,0.889354
6640,0.921668
6641,0.89903
6642,0.931352
6643,0.952291
6644,0.984649
6645,0.961988
6646,0.99427
6647,0.627208
6648,0.659573
6649,0.680637
6650,0.713058
6651,0.690369
6652,0.722721
6653,0.743758
6654,0.776107
6655,0.753376
6656,0.785746
6657,0.806657
6658,0.838955
6659,0.816399
6660,0.848729
6661,0.870002
6662,0.902388
6663,0.879708
6664,0.912067
6665,0.933021
6666,0.965319
6667,0.942666
6668,0.975061
6669,0.996072
6670,0.72439
6671,0.734087
6672,0.766393
6673,0.787422
6674,0.819784
6675,0.79707
6676,0.829442
6677,0.850403
6678,0.882741
6679,0.860089
6680,0.892488
6681,0.913652
6682,0.946052
6683,0.9234
6684,0.955703
6685,0.976649
6686,0.986375
6687,0.777711
6688,0.809972
6689,0.831025
6690,0.863396
6691,0.840799
6692,0.873142
6693,0.894161
6694,0.926447
6695,0.903893
6696,0.936294
6697,0.957424
6698,0.989757
6699,0.967066
6700,0.999354
6701,0.874672
6702,0.884456
6703,0.916721
6704,0.937767
6705,0.970095
6706,0.947582
6707,0.979964
6708,0.928073
6709,0.960361
6710,0.981461
6711,0.991203
6712,0.008471
6713,0.161936
6714,0.08499
6715,0.034375
6716,0.123947
6717,0.188001
6718,0.27753
6719,0.008376
6720,0.046506
6721,0.110717
6722,0.200278
6723,0.149595
6724,0.239133
6725,0.30341
6726,0.393029
6727,0.341487
6728,0.431129
6729,0.49528
6730,0.584967
6731,0.034089
6732,0.12379
6733,0.072399
6734,0.162086
6735,0.225979
6736,0.315592
6737,0.264802
6738,0.354425
6739,0.418897
6740,0.50849
6741,0.457004
6742,0.546591
6743,0.610724
6744,0.700346
6745,0.046591
6746,0.084967
6747,0.149513
6748,0.239188
6749,0.188057
6750,0.277836
6751,0.341568
6752,0.431169
6753,0.38006
6754,0.469819
6755,0.534386
6756,0.624007
6757,0.572544
6758,0.662136
6759,0.726129
6760,0.815749
6761,0.764887
6762,0.854484
6763,0.918944
6764,0.00849
6765,0.072544
6766,0.162136
6767,0.110724
6768,0.200346
6769,0.264887
6770,0.354484
6771,0.303619
6772,0.39303
6773,0.456921
6774,0.546459
6775,0.495453
6776,0.585143
6777,0.649654
6778,0.739217
6779,0.68816
6780,0.77769
6781,0.841641
6782,0.931123
6783,0.880145
6784,0.969796
6785,0.085143
6786,0.034386
6787,0.124007
6788,0.18816
6789,0.27769
6790,0.226129
6791,0.315749
6792,0.380145
6793,0.469796
6794,0.418944
6795,0.508471
6796,0.572462
6797,0.661936
6798,0.610681
6799,0.700227
6800,0.764718
6801,0.854313
6802,0.803481
6803,0.893011
6804,0.95694
6805,0.995418
6806,0.046459
6807,0.110681
6808,0.200227
6809,0.149654
6810,0.239217
6811,0.303481
6812,0.393011
6813,0.341641
6814,0.431123
6815,0.495418
6816,0.58499
6817,0.534375
6818,0.623947
6819,0.688001
6820,0.77753
6821,0.725864
6822,0.815379
6823,0.879753
6824,0.969531
6825,0.918781
6826,0.072462
6827,0.225864
6828,0.315379
6829,0.264718
6830,0.354313
6831,0.418781
6832,0.508376
6833,0.45694
6834,0.546506
6835,0.610717
6836,0.700278
6837,0.649595
6838,0.739133
6839,0.80341
6840,0.893029
6841,0.841487
6842,0.931129
6843,0.99528
6844,0.379753
6845,0.469531
6846,0.534089
6847,0.62379
6848,0.572399
6849,0.662086
6850,0.725979
6851,0.815592
6852,0.764802
6853,0.854425
6854,0.918897
6855,0.957004
6856,0.649513
6857,0.739188
6858,0.688057
6859,0.777836
6860,0.841568
6861,0.931169
6862,0.88006
6863,0.969819
6864,0.803619
6865,0.89303
6866,0.956921
6867,0.995453
6868,0.001476
6869,0.050507
6870,0.020631
6871,0.007912
6872,0.035552
6873,0.056962
6874,0.084579
6875,0.005591
6876,0.02703
6877,0.054575
6878,0.041986
6879,0.069585
6880,0.090987
6881,0.118582
6882,0.105927
6883,0.133589
6884,0.154909
6885,0.182515
6886,0.024291
6887,0.011875
6888,0.039372
6889,0.060804
6890,0.08831
6891,0.075922
6892,0.103487
6893,0.124933
6894,0.15242
6895,0.139975
6896,0.167557
6897,0.188874
6898,0.216367
6899,0.203871
6900,0.231457
6901,0.009108
6902,0.030508
6903,0.057963
6904,0.045619
6905,0.073107
6906,0.094548
6907,0.121985
6908,0.109724
6909,0.13721
6910,0.158614
6911,0.186058
6912,0.173853
6913,0.201337
6914,0.22264
6915,0.250129
6916,0.237788
6917,0.265292
6918,0.286677
6919,0.314179
6920,0.000348
6921,0.027827
6922,0.015385
6923,0.042847
6924,0.064215
6925,0.091659
6926,0.0793
6927,0.106728
6928,0.128123
6929,0.155554
6930,0.14338
6931,0.17084
6932,0.192205
6933,0.219647
6934,0.207559
6935,0.234998
6936,0.25638
6937,0.283824
6938,0.271533
6939,0.298971
6940,0.320339
6941,0.347799
6942,0.335404
6943,0.362888
6944,0.384222
6945,0.411668
6946,0.012765
6947,0.034117
6948,0.06154
6949,0.049082
6950,0.076518
6951,0.097888
6952,0.125291
6953,0.112967
6954,0.140416
6955,0.161769
6956,0.189201
6957,0.177015
6958,0.204478
6959,0.225797
6960,0.253278
6961,0.241098
6962,0.268574
6963,0.289947
6964,0.317466
6965,0.305154
6966,0.332652
6967,0.354044
6968,0.38146
6969,0.369046
6970,0.396505
6971,0.417892
6972,0.445292
6973,0.460383
6974,0.003971
6975,0.031459
6976,0.018988
6977,0.046452
6978,0.067842
6979,0.095332
6980,0.082827
6981,0.110277
6982,0.131551
6983,0.159081
6984,0.1467
6985,0.174162
6986,0.195426
6987,0.222935
6988,0.210617
6989,0.238103
6990,0.259393
6991,0.286915
6992,0.27469
6993,0.302177
6994,0.323643
6995,0.351129
6996,0.338874
6997,0.366345
6998,0.387709
6999,0.415172
7000,0.402756
7001,0.430225
7002,0.451525
7003,0.478983
7004,0.466621
7005,0.494075
7006,0.515385
7007,0.542847
7008,0.016353
7009,0.037777
7010,0.065371
7011,0.052779
7012,0.080357
7013,0.101671
7014,0.129269
7015,0.11664
7016,0.144177
7017,0.165407
7018,0.19302
7019,0.180361
7020,0.207912
7021,0.229217
7022,0.256771
7023,0.244386
7024,0.271882
7025,0.293223
7026,0.320783
7027,0.308346
7028,0.33583
7029,0.357299
7030,0.384765
7031,0.372501
7032,0.399983
7033,0.421358
7034,0.448805
7035,0.436512
7036,0.463975
7037,0.48532
7038,0.512765
7039,0.500348
7040,0.527827
7041,0.549082
7042,0.576518
7043,0.564215
7044,0.591659
7045,0.640416
7046,0.022819
7047,0.07184
7048,0.099436
7049,0.08667
7050,0.114304
7051,0.135626
7052,0.163279
7053,0.150585
7054,0.178245
7055,0.199442
7056,0.227037
7057,0.214299
7058,0.241871
7059,0.263113
7060,0.290689
7061,0.278182
7062,0.305738
7063,0.327156
7064,0.354685
7065,0.342092
7066,0.369593
7067,0.391025
7068,0.418529
7069,0.406185
7070,0.433677
7071,0.455029
7072,0.482548
7073,0.470201
7074,0.497685
7075,0.518988
7076,0.546452
7077,0.534117
7078,0.56154
7079,0.582827
7080,0.610277
7081,0.597888
7082,0.625291
7083,0.6467
7084,0.674162
7085,0.120811
7086,0.148442
7087,0.169735
7088,0.197378
7089,0.184549
7090,0.212149
7091,0.233414
7092,0.261068
7093,0.248272
7094,0.275864
7095,0.297129
7096,0.324728
7097,0.312107
7098,0.339663
7099,0.361065
7100,0.38864
7101,0.375973
7102,0.403526
7103,0.424889
7104,0.452438
7105,0.439885
7106,0.467406
7107,0.488801
7108,0.516353
7109,0.503971
7110,1.0
7111,0.552779
7112,0.580357
7113,0.567842
7114,0.595332
7115,0.61664
7116,0.644177
7117,0.631551
7118,0.659081
7119,0.680361
7120,0.707912
7121,0.695426
7122,0.722935
7123,0.744386
7124,0.771882
7125,0.218679
7126,0.2463
7127,0.267513
7128,0.295136
7129,0.282358
7130,0.30999
7131,0.331175
7132,0.358794
7133,0.346119
7134,0.373737
7135,0.395102
7136,0.422743
7137,0.409929
7138,0.437555
7139,0.458911
7140,0.486552
7141,0.473852
7142,0.501476
7143,0.522819
7144,0.550507
7145,0.537777
7146,0.565371
7147,0.58667
7148,0.614304
7149,0.601671
7150,0.629269
7151,0.650585
7152,0.678245
7153,0.665407
7154,0.69302
7155,0.714299
7156,0.741871
7157,0.729217
7158,0.756771
7159,0.778182
7160,0.805738
7161,0.793223
7162,0.820783
7163,0.869593
7164,0.252733
7165,0.280303
7166,0.301545
7167,0.329049
7168,0.316455
7169,0.344078
7170,0.365274
7171,0.39282
7172,0.380156
7173,0.407786
7174,0.429094
7175,0.456657
7176,0.444072
7177,0.471668
7178,0.492995
7179,0.520631
7180,0.507912
7181,0.535552
7182,0.556962
7183,0.584579
7184,0.57184
7185,0.599436
7186,0.620811
7187,0.648442
7188,0.635626
7189,0.663279
7190,0.684549
7191,0.712149
7192,0.699442
7193,0.727037
7194,0.748272
7195,0.775864
7196,0.763113
7197,0.790689
7198,0.812107
7199,0.839663
7200,0.827156
7201,0.854685
7202,0.875973
7203,0.903526
7204,0.350402
7205,0.37792
7206,0.39909
7207,0.426603
7208,0.41415
7209,0.441711
7210,0.463019
7211,0.490556
7212,0.478061
7213,0.505591
7214,0.52703
7215,0.554575
7216,0.541986
7217,0.569585
7218,0.590987
7219,0.618582
7220,0.605927
7221,0.633589
7222,0.654909
7223,0.682515
7224,0.669735
7225,0.697378
7226,0.718679
7227,0.7463
7228,0.733414
7229,0.761068
7230,0.782358
7231,0.80999
7232,0.797129
7233,0.824728
7234,0.846119
7235,0.873737
7236,0.861065
7237,0.88864
7238,0.909929
7239,0.937555
7240,0.924889
7241,0.952438
7242,0.973852
7243,0.432949
7244,0.44801
7245,0.475457
7246,0.496831
7247,0.524291
7248,0.511875
7249,0.539372
7250,0.560804
7251,0.58831
7252,0.575922
7253,0.603487
7254,0.624933
7255,0.65242
7256,0.639975
7257,0.667557
7258,0.688874
7259,0.716367
7260,0.703871
7261,0.731457
7262,0.752733
7263,0.780303
7264,0.767513
7265,0.795136
7266,0.816455
7267,0.844078
7268,0.831175
7269,0.858794
7270,0.880156
7271,0.907786
7272,0.895102
7273,0.922743
7274,0.944072
7275,0.971668
7276,0.958911
7277,0.986552
7278,0.481686
7279,0.509108
7280,0.530508
7281,0.557963
7282,0.545619
7283,0.573107
7284,0.594548
7285,0.621985
7286,0.609724
7287,0.63721
7288,0.658614
7289,0.686058
7290,0.673853
7291,0.701337
7292,0.72264
7293,0.750129
7294,0.737788
7295,0.765292
7296,0.786677
7297,0.814179
7298,0.801545
7299,0.829049
7300,0.850402
7301,0.87792
7302,0.865274
7303,0.89282
7304,0.91415
7305,0.941711
7306,0.929094
7307,0.956657
7308,0.978061
7309,0.992995
7310,0.5793
7311,0.606728
7312,0.628123
7313,0.655554
7314,0.64338
7315,0.67084
7316,0.692205
7317,0.719647
7318,0.707559
7319,0.734998
7320,0.75638
7321,0.783824
7322,0.771533
7323,0.798971
7324,0.820339
7325,0.847799
7326,0.835404
7327,0.862888
7328,0.884222
7329,0.911668
7330,0.89909
7331,0.926603
7332,0.94801
7333,0.975457
7334,0.963019
7335,0.990556
7336,0.612967
7337,0.661769
7338,0.689201
7339,0.677015
7340,0.704478
7341,0.725797
7342,0.753278
7343,0.741098
7344,0.768574
7345,0.789947
7346,0.817466
7347,0.805154
7348,0.832652
7349,0.854044
7350,1.0
7351,0.869046
7352,0.896505
7353,0.917892
7354,0.945292
7355,0.932949
7356,0.960383
7357,0.981686
7358,0.996831
7359,0.710617
7360,0.738103
7361,0.759393
7362,0.786915
7363,0.77469
7364,0.802177
7365,0.823643
7366,0.851129
7367,0.838874
7368,0.866345
7369,0.887709
7370,0.915172
7371,0.902756
7372,0.930225
7373,0.951525
7374,0.978983
7375,0.966621
7376,0.994075
7377,0.808346
7378,0.83583
7379,0.857299
7380,0.884765
7381,0.872501
7382,0.899983
7383,0.921358
7384,0.948805
7385,0.936512
7386,0.963975
7387,0.98532
7388,0.842092
7389,0.891025
7390,0.918529
7391,0.906185
7392,0.933677
7393,0.955029
7394,0.982548
7395,0.970201
7396,0.997685
7397,0.939885
7398,0.967406
7399,0.988801
7400,0.131325
7401,0.026374
7402,0.008529
7403,0.078605
7404,0.139993
7405,0.210298
7406,0.263192
7407,0.035287
7408,0.105559
7409,0.087461
7410,0.157837
7411,0.219136
7412,0.28943
7413,0.271867
7414,0.342127
7415,0.40365
7416,0.473836
7417,0.052722
7418,0.114324
7419,0.184476
7420,0.166774
7421,0.237
7422,0.29831
7423,0.368431
7424,0.3509
7425,0.421068
7426,0.482568
7427,0.552639
7428,0.535408
7429,0.605688
7430,0.667031
7431,0.737261
7432,0.008737
7433,0.078859
7434,0.061349
7435,0.13145
7436,0.193017
7437,0.263171
7438,0.24578
7439,0.315845
7440,0.377286
7441,0.447167
7442,0.42984
7443,0.499733
7444,0.561219
7445,0.631333
7446,0.6144
7447,0.684533
7448,0.745981
7449,0.81605
7450,0.798478
7451,0.868582
7452,0.9299
7453,0.026457
7454,0.087771
7455,0.158114
7456,0.14025
7457,0.210574
7458,0.271987
7459,0.342208
7460,0.324628
7461,0.394745
7462,0.456143
7463,0.526351
7464,0.508535
7465,0.578642
7466,0.640086
7467,0.710394
7468,0.693008
7469,0.763105
7470,0.824724
7471,0.894807
7472,0.877349
7473,0.947233
7474,0.052639
7475,0.035408
7476,0.105688
7477,0.167031
7478,0.237261
7479,0.219397
7480,0.289685
7481,0.351029
7482,0.421159
7483,0.403634
7484,0.473833
7485,0.535351
7486,0.605593
7487,0.587578
7488,0.657954
7489,0.719303
7490,0.789561
7491,0.771858
7492,0.84211
7493,0.903614
7494,0.973832
7495,0.956134
7496,0.061219
7497,0.131333
7498,0.1144
7499,0.184533
7500,0.245981
7501,0.316051
7502,0.298478
7503,0.368582
7504,0.4299
7505,0.499755
7506,0.482622
7507,0.552679
7508,0.614386
7509,0.684493
7510,0.666894
7511,0.73709
7512,0.798411
7513,0.868544
7514,0.850985
7515,0.9211
7516,0.982598
7517,0.026351
7518,0.008535
7519,0.078642
7520,0.140086
7521,0.210394
7522,0.193008
7523,0.263105
7524,0.324724
7525,0.394807
7526,0.377349
7527,0.447233
7528,0.508529
7529,0.578605
7530,0.56128
7531,0.631325
7532,0.693042
7533,0.763192
7534,0.745842
7535,0.815953
7536,0.877367
7537,0.947307
7538,0.929903
7539,0.035351
7540,0.105593
7541,0.087578
7542,0.157954
7543,0.219303
7544,0.289561
7545,0.271858
7546,0.34211
7547,0.403614
7548,0.473832
7549,0.456134
7550,0.526374
7551,0.587461
7552,0.657837
7553,0.639994
7554,0.710298
7555,0.771867
7556,0.842127
7557,0.824692
7558,0.894833
7559,0.956222
7560,0.052679
7561,0.114386
7562,0.184493
7563,0.166894
7564,0.23709
7565,0.298411
7566,0.368544
7567,0.350985
7568,0.4211
7569,0.482598
7570,0.552722
7571,0.535287
7572,0.605559
7573,0.666774
7574,0.737
7575,0.719136
7576,0.78943
7577,0.8509
7578,0.921068
7579,0.90365
7580,0.973836
7581,0.06128
7582,0.193042
7583,0.245842
7584,0.315953
7585,0.377367
7586,0.447307
7587,0.429903
7588,0.499889
7589,0.561349
7590,0.63145
7591,0.614324
7592,0.684476
7593,0.74578
7594,0.815845
7595,0.79831
7596,0.868431
7597,0.92984
7598,0.982568
7599,0.324692
7600,0.394833
7601,0.456222
7602,0.526457
7603,0.508737
7604,0.578859
7605,0.64025
7606,0.710574
7607,0.693017
7608,0.763171
7609,0.824628
7610,0.894745
7611,0.877286
7612,0.947167
7613,0.587771
7614,0.658114
7615,0.719397
7616,0.789685
7617,0.771987
7618,0.842208
7619,0.903634
7620,0.973833
7621,0.956143
7622,0.851029
7623,0.921159
7624,0.982622
7625,0.023667
7626,0.015046
7627,0.019586
7628,0.037423
7629,0.068923
7630,0.041557
7631,0.073054
7632,0.005555
7633,0.010224
7634,0.028436
7635,0.059927
7636,0.03318
7637,0.064653
7638,0.082608
7639,0.114094
7640,0.086765
7641,0.118338
7642,0.136293
7643,0.167875
7644,0.001208
7645,0.019133
7646,0.050617
7647,0.023603
7648,0.055103
7649,0.073337
7650,0.10483
7651,0.078148
7652,0.109655
7653,0.127688
7654,0.159198
7655,0.13201
7656,0.163594
7657,0.181541
7658,0.213115
7659,0.010593
7660,0.042114
7661,0.014875
7662,0.046448
7663,0.064288
7664,0.095788
7665,0.068591
7666,0.100063
7667,0.118212
7668,0.149698
7669,0.12304
7670,0.154505
7671,0.172643
7672,0.204128
7673,0.177259
7674,0.208781
7675,0.22684
7676,0.258344
7677,0.230955
7678,0.262455
7679,0.280304
7680,0.311803
7681,0.001236
7682,0.032706
7683,0.005976
7684,0.037462
7685,0.055609
7686,0.087113
7687,0.060173
7688,0.091677
7689,0.109555
7690,0.141079
7691,0.113637
7692,0.145136
7693,0.163159
7694,0.194655
7695,0.167903
7696,0.199373
7697,0.217566
7698,0.249028
7699,0.222275
7700,0.253779
7701,0.271921
7702,0.303416
7703,0.276222
7704,0.307745
7705,0.325478
7706,0.357
7707,0.027989
7708,0.046144
7709,0.077646
7710,0.0509
7711,0.082361
7712,0.100553
7713,0.132024
7714,0.105254
7715,0.13675
7716,0.154753
7717,0.186252
7718,0.158811
7719,0.190333
7720,0.208224
7721,0.239721
7722,0.212811
7723,0.244313
7724,0.262463
7725,0.293948
7726,0.26722
7727,0.298691
7728,0.316893
7729,0.348379
7730,0.32142
7731,0.352919
7732,0.370756
7733,0.402257
7734,0.374891
7735,0.406387
7736,0.091129
7737,0.122644
7738,0.095796
7739,0.127282
7740,0.145425
7741,0.176891
7742,0.150226
7743,0.181712
7744,0.199847
7745,0.23132
7746,0.20409
7747,0.23559
7748,0.253432
7749,0.285004
7750,0.257796
7751,0.28931
7752,0.307384
7753,0.338888
7754,0.312092
7755,0.343557
7756,0.361769
7757,0.39326
7758,0.366513
7759,0.397987
7760,0.415941
7761,0.447428
7762,0.420099
7763,0.451671
7764,0.469627
7765,0.501208
7766,0.140717
7767,0.172222
7768,0.19027
7769,0.221769
7770,0.195102
7771,0.226593
7772,0.244815
7773,0.276321
7774,0.249274
7775,0.280761
7776,0.298676
7777,0.330261
7778,0.30296
7779,0.334541
7780,0.352467
7781,0.38395
7782,0.356936
7783,0.388436
7784,0.40667
7785,0.438163
7786,0.411481
7787,0.442988
7788,0.461021
7789,0.492531
7790,0.465343
7791,0.496927
7792,0.514875
7793,0.546448
7794,0.1858
7795,0.217283
7796,0.235258
7797,0.266729
7798,0.240004
7799,0.271496
7800,0.289707
7801,0.321172
7802,0.294355
7803,0.325864
7804,0.343926
7805,0.375448
7806,0.348208
7807,0.379782
7808,0.397621
7809,0.429122
7810,0.401924
7811,0.433396
7812,0.451546
7813,0.483032
7814,0.456373
7815,0.487838
7816,0.505976
7817,0.537462
7818,0.510593
7819,0.542114
7820,0.560173
7821,0.591677
7822,0.564288
7823,0.595788
7824,0.613637
7825,0.645136
7826,0.284879
7827,0.316365
7828,0.334569
7829,0.36604
7830,0.33931
7831,0.370795
7832,0.388942
7833,0.420446
7834,0.393507
7835,0.42501
7836,0.442888
7837,0.474412
7838,0.446971
7839,0.47847
7840,0.496492
7841,0.527989
7842,0.501236
7843,0.532706
7844,0.5509
7845,0.582361
7846,0.555609
7847,0.587113
7848,0.605254
7849,0.63675
7850,0.609555
7851,0.641079
7852,0.658811
7853,0.690333
7854,0.329826
7855,0.361322
7856,0.379477
7857,0.410979
7858,0.384233
7859,0.415695
7860,0.433887
7861,0.465358
7862,0.438587
7863,0.470083
7864,0.488086
7865,0.519586
7866,0.492145
7867,1.0
7868,0.541557
7869,0.573054
7870,0.546144
7871,0.577646
7872,0.595796
7873,0.627282
7874,0.600553
7875,0.632024
7876,0.650226
7877,0.681712
7878,0.654753
7879,0.686252
7880,0.70409
7881,0.73559
7882,0.708224
7883,0.739721
7884,0.424462
7885,0.455977
7886,0.42913
7887,0.460615
7888,0.478758
7889,0.510224
7890,0.483559
7891,0.515046
7892,0.53318
7893,0.564653
7894,0.537423
7895,0.568923
7896,0.586765
7897,0.618338
7898,0.591129
7899,0.622644
7900,0.640717
7901,0.672222
7902,0.645425
7903,0.676891
7904,0.695102
7905,0.726593
7906,0.699847
7907,0.73132
7908,0.749274
7909,0.780761
7910,0.753432
7911,0.785004
7912,0.80296
7913,0.834542
7914,0.47405
7915,0.505555
7916,0.523603
7917,0.555103
7918,0.528436
7919,0.559927
7920,0.578148
7921,0.609655
7922,0.582608
7923,0.614094
7924,0.63201
7925,0.663594
7926,0.636293
7927,0.667875
7928,0.6858
7929,0.717283
7930,0.69027
7931,0.721769
7932,0.740004
7933,0.771497
7934,0.744815
7935,0.776321
7936,0.794355
7937,0.825864
7938,0.798676
7939,0.830261
7940,0.848208
7941,0.879782
7942,0.519133
7943,0.550617
7944,0.568591
7945,0.600063
7946,0.573337
7947,0.60483
7948,0.62304
7949,0.654505
7950,0.627688
7951,0.659198
7952,0.677259
7953,0.708781
7954,0.681541
7955,0.713115
7956,0.730955
7957,0.762455
7958,0.735258
7959,0.766729
7960,0.784879
7961,0.816365
7962,0.789707
7963,0.821172
7964,0.83931
7965,0.870795
7966,0.843926
7967,0.875448
7968,0.893507
7969,0.92501
7970,0.897621
7971,0.929122
7972,0.946971
7973,0.97847
7974,0.618212
7975,0.649698
7976,0.667903
7977,0.699373
7978,0.672643
7979,0.704128
7980,0.722275
7981,0.753779
7982,0.72684
7983,0.758344
7984,0.776222
7985,0.807745
7986,0.780304
7987,0.811803
7988,0.829826
7989,0.861322
7990,0.834569
7991,0.86604
7992,0.884233
7993,0.915695
7994,0.888942
7995,0.920446
7996,0.938587
7997,0.970083
7998,0.942888
7999,0.974412
8000,0.992145
8001,0.663159
8002,0.694655
8003,0.712811
8004,0.744313
8005,0.717566
8006,0.749028
8007,0.76722
8008,0.798691
8009,0.771921
8010,0.803416
8011,0.82142
8012,0.852919
8013,0.825478
8014,0.857
8015,0.874891
8016,0.906387
8017,0.879477
8018,0.910979
8019,0.92913
8020,0.960615
8021,0.933887
8022,0.965358
8023,0.983559
8024,0.988086
8025,0.757796
8026,0.78931
8027,0.762463
8028,0.793948
8029,0.812092
8030,0.843557
8031,0.816892
8032,0.848379
8033,0.866513
8034,0.897987
8035,0.870756
8036,0.902257
8037,0.920099
8038,0.951671
8039,0.924462
8040,0.955977
8041,0.97405
8042,0.978758
8043,0.807384
8044,0.838888
8045,0.856936
8046,0.888436
8047,0.861769
8048,0.89326
8049,0.911481
8050,0.942988
8051,0.915941
8052,0.947428
8053,0.965343
8054,0.996927
8055,0.969627
8056,0.852467
8057,0.88395
8058,0.901924
8059,0.933396
8060,0.90667
8061,0.938163
8062,0.956373
8063,0.987838
8064,0.961021
8065,0.992531
8066,0.951546
8067,0.983032
8068,0.996492
8069,0.039793
8070,0.007405
8071,0.023614
8072,0.061251
8073,0.120331
8074,0.077459
8075,0.136476
8076,0.233125
8077,0.028904
8078,0.08803
8079,0.045242
8080,0.104236
8081,0.141899
8082,0.200848
8083,0.158003
8084,0.217125
8085,0.254736
8086,0.313704
8087,0.055699
8088,0.012757
8089,0.071928
8090,0.109605
8091,0.168689
8092,0.125729
8093,0.184888
8094,0.222555
8095,0.281599
8096,0.238576
8097,0.297696
8098,0.33534
8099,0.394444
8100,0.351343
8101,0.41037
8102,0.023614
8103,0.039793
8104,0.077459
8105,0.136476
8106,0.093427
8107,0.15259
8108,0.190292
8109,0.249406
8110,0.206322
8111,0.265521
8112,0.303205
8113,0.362424
8114,0.319322
8115,0.378327
8116,0.415948
8117,0.475096
8118,0.432031
8119,0.491042
8120,0.528773
8121,0.587847
8122,0.007405
8123,0.045242
8124,0.104236
8125,0.061251
8126,0.120331
8127,0.158003
8128,0.217125
8129,0.174154
8130,0.233125
8131,0.2708
8132,0.329866
8133,0.287099
8134,0.346128
8135,0.383791
8136,0.442937
8137,0.400067
8138,0.459108
8139,0.496722
8140,0.555683
8141,0.512731
8142,0.571829
8143,0.609617
8144,0.668652
8145,0.625623
8146,0.684793
8147,0.012757
8148,0.071928
8149,0.028904
8150,0.08803
8151,0.125729
8152,0.184888
8153,0.141899
8154,0.200848
8155,0.238576
8156,0.297696
8157,0.254736
8158,0.313704
8159,0.351343
8160,0.41037
8161,0.367744
8162,0.426788
8163,0.464546
8164,0.523555
8165,0.480635
8166,0.539814
8167,0.577436
8168,0.636481
8169,0.593362
8170,0.652484
8171,0.69036
8172,0.749441
8173,0.706331
8174,0.765452
8175,0.803266
8176,0.862418
8177,0.055699
8178,0.093428
8179,0.15259
8180,0.109605
8181,0.168689
8182,0.206322
8183,0.265521
8184,0.222555
8185,0.281599
8186,0.319322
8187,0.378327
8188,0.33534
8189,0.394444
8190,0.432031
8191,0.491042
8192,0.448239
8193,0.507397
8194,0.545192
8195,0.604246
8196,0.561265
8197,0.620446
8198,0.657994
8199,0.717166
8200,0.674018
8201,0.733045
8202,0.770827
8203,0.829984
8204,0.787141
8205,0.846154
8206,0.883894
8207,0.943005
8208,0.900054
8209,0.959053
8210,0.174154
8211,0.190292
8212,0.249406
8213,0.287099
8214,0.346128
8215,0.303205
8216,0.362424
8217,0.400067
8218,0.459108
8219,0.415948
8220,0.475096
8221,0.512731
8222,0.571829
8223,0.528773
8224,0.587847
8225,0.625623
8226,0.684793
8227,0.642042
8228,0.701015
8229,0.738583
8230,0.797739
8231,0.754697
8232,0.813751
8233,0.851455
8234,0.910524
8235,0.86772
8236,0.926786
8237,0.964618
8238,0.980633
8239,0.2708
8240,0.329866
8241,0.367744
8242,0.426788
8243,0.383791
8244,0.442937
8245,0.480635
8246,0.539814
8247,0.496722
8248,0.555683
8249,0.593362
8250,0.652484
8251,0.609617
8252,0.668652
8253,0.706331
8254,0.765452
8255,0.722673
8256,0.781685
8257,0.81936
8258,0.878315
8259,0.835364
8260,0.894522
8261,0.932201
8262,0.991233
8263,0.94826
8264,0.448239
8265,0.507397
8266,0.464546
8267,0.523555
8268,0.561265
8269,0.620446
8270,0.577436
8271,0.636481
8272,0.674018
8273,0.733045
8274,0.69036
8275,0.749441
8276,0.787141
8277,0.846154
8278,0.803266
8279,0.862418
8280,0.900054
8281,0.959053
8282,0.915956
8283,0.97511
8284,0.545192
8285,0.604246
8286,0.642042
8287,0.701015
8288,0.657994
8289,0.717166
8290,0.754697
8291,0.813751
8292,0.770827
8293,0.829984
8294,0.86772
8295,0.926786
8296,0.883894
8297,0.943005
8298,0.980633
8299,0.996677
8300,0.722673
8301,0.781685
8302,0.738583
8303,0.797739
8304,0.835364
8305,0.894522
8306,0.851455
8307,0.910524
8308,0.94826
8309,0.964618
8310,0.81936
8311,1.0
8312,0.915956
8313,0.97511
8314,0.932201
8315,0.991233
8316,0.996677
8317,0.026721
8318,0.001159
8319,0.039691
8320,0.090823
8321,0.06534
8322,0.116542
8323,0.154938
8324,0.206179
8325,0.039832
8326,0.014183
8327,0.065403
8328,0.103943
8329,0.155093
8330,0.129501
8331,0.180688
8332,0.219146
8333,0.270341
8334,0.295793
8335,0.014009
8336,0.052509
8337,0.103672
8338,0.078311
8339,0.129466
8340,0.16815
8341,0.219314
8342,0.193646
8343,0.244891
8344,0.283268
8345,0.334492
8346,0.308911
8347,0.360054
8348,0.398673
8349,0.449876
8350,0.001041
8351,0.05225
8352,0.026638
8353,0.07793
8354,0.116488
8355,0.167699
8356,0.142257
8357,0.193465
8358,0.232155
8359,0.283347
8360,0.257919
8361,0.309098
8362,0.347517
8363,0.398736
8364,0.373024
8365,0.424157
8366,0.462834
8367,0.514021
8368,0.488271
8369,0.539512
8370,0.629126
8371,0.001159
8372,0.026721
8373,0.06534
8374,0.116542
8375,0.090734
8376,0.141939
8377,0.180466
8378,0.23163
8379,0.206333
8380,0.257539
8381,0.296189
8382,0.347342
8383,0.321893
8384,0.373165
8385,0.411644
8386,0.462799
8387,0.437276
8388,0.488426
8389,0.52698
8390,0.578224
8391,0.552479
8392,0.603675
8393,0.642244
8394,0.693388
8395,0.014183
8396,0.065403
8397,0.039691
8398,0.090823
8399,0.129501
8400,0.180688
8401,0.154938
8402,0.206179
8403,0.244638
8404,0.295793
8405,0.270309
8406,0.321464
8407,0.359971
8408,0.411263
8409,0.385843
8410,0.437005
8411,0.475591
8412,0.526798
8413,0.501483
8414,0.552647
8415,0.591252
8416,0.642432
8417,0.616601
8418,0.667825
8419,0.706358
8420,0.75749
8421,0.732007
8422,0.783209
8423,0.821604
8424,0.872846
8425,0.014009
8426,0.039832
8427,0.078311
8428,0.129466
8429,0.103943
8430,0.155093
8431,0.193646
8432,0.244891
8433,0.219146
8434,0.270341
8435,0.308911
8436,0.360054
8437,0.334375
8438,0.385583
8439,0.424067
8440,0.475272
8441,0.449821
8442,0.501032
8443,0.539666
8444,0.590872
8445,0.565488
8446,0.61668
8447,0.655226
8448,0.706499
8449,0.68085
8450,0.73207
8451,0.77061
8452,0.82176
8453,0.796168
8454,0.847355
8455,0.885812
8456,0.937008
8457,0.962459
8458,0.026638
8459,0.07793
8460,0.052509
8461,0.103672
8462,0.142257
8463,0.193465
8464,0.16815
8465,0.219314
8466,0.257919
8467,0.309098
8468,0.283268
8469,0.334492
8470,0.373024
8471,0.424157
8472,0.398673
8473,0.449876
8474,0.488271
8475,0.539512
8476,0.513799
8477,0.564963
8478,0.603642
8479,0.654797
8480,0.629522
8481,0.680676
8482,0.719176
8483,0.770339
8484,0.744978
8485,0.796132
8486,0.834816
8487,0.88598
8488,0.860313
8489,0.911558
8490,0.949935
8491,0.975577
8492,0.001041
8493,0.05225
8494,0.090734
8495,0.141939
8496,0.116488
8497,0.167699
8498,0.206333
8499,0.257539
8500,0.232155
8501,0.283347
8502,0.321893
8503,0.373165
8504,0.347517
8505,0.398736
8506,0.437276
8507,0.488426
8508,0.462835
8509,0.514021
8510,0.552479
8511,0.603675
8512,0.577971
8513,0.629126
8514,0.667708
8515,0.718916
8516,0.693305
8517,0.744597
8518,0.783154
8519,0.834365
8520,0.808924
8521,0.860132
8522,0.898822
8523,0.950013
8524,0.924585
8525,0.975765
8526,0.180466
8527,0.23163
8528,0.270309
8529,0.321464
8530,0.296189
8531,0.347342
8532,0.385843
8533,0.437005
8534,0.411644
8535,0.462799
8536,0.501483
8537,0.552647
8538,0.52698
8539,0.578224
8540,0.616601
8541,0.667825
8542,0.642244
8543,0.693388
8544,0.732007
8545,0.783209
8546,0.7574
8547,0.808606
8548,0.847133
8549,0.898296
8550,0.873
8551,0.924205
8552,0.962856
8553,0.988559
8554,0.244638
8555,0.334375
8556,0.385583
8557,0.359971
8558,0.411263
8559,0.0
8560,0.501032
8561,0.475591
8562,0.526798
8563,0.565488
8564,0.61668
8565,0.591252
8566,0.642432
8567,0.68085
8568,0.73207
8569,0.706358
8570,0.75749
8571,0.796168
8572,0.847355
8573,0.821604
8574,0.872846
8575,0.911305
8576,0.962459
8577,0.936975
8578,0.988131
8579,0.424067
8580,0.475272
8581,0.513799
8582,0.564963
8583,0.539666
8584,0.590872
8585,0.629522
8586,0.680676
8587,0.655226
8588,0.706499
8589,0.744978
8590,0.796132
8591,0.77061
8592,0.82176
8593,0.860313
8594,0.911558
8595,0.885812
8596,0.937008
8597,0.975577
8598,0.577971
8599,0.603642
8600,0.654797
8601,0.693305
8602,0.744597
8603,0.719176
8604,0.770339
8605,0.808924
8606,0.860132
8607,0.834816
8608,0.88598
8609,0.924585
8610,0.975765
8611,0.949935
8612,0.667708
8613,0.718916
8614,0.7574
8615,0.808606
8616,0.783154
8617,0.834365
8618,0.873
8619,0.924205
8620,0.898822
8621,0.950013
8622,0.988559
8623,0.847132
8624,0.898296
8625,0.936975
8626,0.988131
8627,0.962856
8628,0.911305
8629,0.055268
8630,0.078729
8631,0.19769
8632,0.15051
8633,0.269687
8634,0.364782
8635,0.483569
8636,0.054708
8637,0.007488
8638,0.126237
8639,0.221644
8640,0.340564
8641,0.293388
8642,0.412156
8643,0.507584
8644,0.626441
8645,0.579122
8646,0.697987
8647,0.912036
8648,0.0784
8649,0.197272
8650,0.149868
8651,0.268901
8652,0.364265
8653,0.482983
8654,0.43585
8655,0.554669
8656,0.650207
8657,0.769159
8658,0.721865
8659,0.840759
8660,0.936374
8661,0.054228
8662,0.006797
8663,0.125823
8664,0.221178
8665,0.34018
8666,0.292778
8667,0.411766
8668,0.506892
8669,0.625989
8670,0.578504
8671,0.697666
8672,0.793039
8673,0.912141
8674,0.864553
8675,0.983609
8676,0.077832
8677,0.196562
8678,0.149558
8679,0.268391
8680,0.363861
8681,0.48276
8682,0.435476
8683,0.554439
8684,0.649848
8685,0.768763
8686,0.721367
8687,0.840378
8688,0.935952
8689,0.054081
8690,0.00646
8691,0.12519
8692,0.220608
8693,0.339574
8694,0.292228
8695,0.411113
8696,0.506443
8697,0.625445
8698,0.578207
8699,0.697144
8700,0.792434
8701,0.911431
8702,0.864167
8703,0.983013
8704,0.078067
8705,0.197032
8706,0.149116
8707,0.268241
8708,0.363445
8709,0.482394
8710,0.434879
8711,0.553847
8712,0.649312
8713,0.768293
8714,0.720787
8715,0.839869
8716,0.935313
8717,0.05462
8718,0.006719
8719,0.125704
8720,0.220989
8721,0.340078
8722,0.292413
8723,0.41143
8724,0.506352
8725,0.625399
8726,0.577741
8727,0.696709
8728,0.792228
8729,0.911115
8730,0.863486
8731,0.982424
8732,0.078513
8733,0.197526
8734,0.149849
8735,0.268825
8736,0.364124
8737,0.483015
8738,0.435255
8739,0.554263
8740,0.649647
8741,0.768549
8742,0.720724
8743,0.839694
8744,0.93524
8745,0.007124
8746,0.126149
8747,0.221487
8748,0.340647
8749,0.292955
8750,0.411949
8751,0.507061
8752,0.626106
8753,0.578371
8754,0.697352
8755,0.792516
8756,0.911479
8757,0.864014
8758,0.983032
8759,0.435837
8760,0.554832
8761,0.650075
8762,0.769
8763,0.721287
8764,0.840322
8765,0.935621
8766,0.793163
8767,0.864322
8768,0.983259
8769,0.017508
8770,0.024365
8771,0.068623
8772,0.054811
8773,0.099072
8774,0.136554
8775,0.180845
8776,0.007373
8777,0.038078
8778,0.075424
8779,0.119695
8780,0.105909
8781,0.150174
8782,0.187594
8783,0.231797
8784,0.21841
8785,0.262568
8786,0.300036
8787,0.344272
8788,0.014169
8789,0.058442
8790,0.044817
8791,0.089015
8792,0.12647
8793,0.170696
8794,0.157036
8795,0.201232
8796,0.238559
8797,0.282865
8798,0.269286
8799,0.313525
8800,0.351042
8801,0.395229
8802,0.425806
8803,0.027992
8804,0.065307
8805,0.109502
8806,0.095748
8807,0.139981
8808,0.177416
8809,0.221595
8810,0.207995
8811,0.252251
8812,0.289573
8813,0.333776
8814,0.32029
8815,0.364496
8816,0.401991
8817,0.44622
8818,0.432597
8819,0.476845
8820,0.514032
8821,0.558313
8822,0.003989
8823,0.048155
8824,0.034734
8825,0.078947
8826,0.116349
8827,0.160591
8828,0.146827
8829,0.191046
8830,0.228371
8831,0.27261
8832,0.259037
8833,0.303258
8834,0.340647
8835,0.384894
8836,0.371124
8837,0.415362
8838,0.452886
8839,0.497104
8840,0.483701
8841,0.527941
8842,0.565251
8843,0.609475
8844,0.5957
8845,0.639981
8846,0.67755
8847,0.721749
8848,0.017508
8849,0.054811
8850,0.099072
8851,0.085736
8852,0.129984
8853,0.16744
8854,0.211736
8855,0.197874
8856,0.242135
8857,0.279454
8858,0.323685
8859,0.310056
8860,0.354287
8861,0.391727
8862,0.435941
8863,0.422147
8864,0.466326
8865,0.503843
8866,0.547989
8867,0.534663
8868,0.578828
8869,0.616299
8870,0.660537
8871,0.646845
8872,0.691019
8873,0.728496
8874,0.772722
8875,0.759204
8876,0.803442
8877,0.884978
8878,0.038078
8879,0.024365
8880,0.068623
8881,0.105909
8882,0.150174
8883,0.136554
8884,0.180845
8885,0.21841
8886,0.262568
8887,0.249033
8888,0.293281
8889,0.330539
8890,0.37472
8891,0.361098
8892,0.405282
8893,0.442796
8894,0.487058
8895,0.473206
8896,0.517441
8897,0.55477
8898,0.599102
8899,0.585503
8900,0.629782
8901,0.667231
8902,0.711528
8903,0.697835
8904,0.742135
8905,0.779475
8906,0.823718
8907,0.810199
8908,0.854421
8909,0.891798
8910,0.935971
8911,0.966525
8912,0.007373
8913,0.044817
8914,0.089015
8915,0.075424
8916,0.119695
8917,0.157036
8918,0.201232
8919,0.187594
8920,0.231797
8921,0.269286
8922,0.313525
8923,0.300036
8924,0.344272
8925,0.381544
8926,0.425806
8927,0.412094
8928,0.456316
8929,0.493822
8930,0.538044
8931,0.524372
8932,0.568677
8933,0.605933
8934,0.650191
8935,0.636548
8936,0.680848
8937,0.718328
8938,0.762483
8939,0.748904
8940,0.793126
8941,0.830415
8942,0.874636
8943,0.861187
8944,0.905366
8945,0.942818
8946,0.987038
8947,0.973283
8948,0.027992
8949,0.014169
8950,0.058442
8951,0.095748
8952,0.139981
8953,0.12647
8954,0.170696
8955,0.207995
8956,0.252251
8957,0.238559
8958,0.282865
8959,0.32029
8960,0.364496
8961,0.351042
8962,0.395229
8963,0.432597
8964,0.476845
8965,0.463097
8966,0.507329
8967,0.544812
8968,0.589019
8969,0.5755
8970,0.619696
8971,0.657034
8972,0.701251
8973,0.687616
8974,0.731749
8975,0.769269
8976,0.813482
8977,0.800007
8978,0.8442
8979,0.881495
8980,0.925761
8981,0.912056
8982,0.956309
8983,0.993814
8984,0.034734
8985,0.078947
8986,0.065307
8987,0.109502
8988,0.146827
8989,0.191046
8990,0.177416
8991,0.221595
8992,0.259037
8993,0.303258
8994,0.289573
8995,0.333776
8996,0.371124
8997,0.415362
8998,0.401991
8999,0.44622
9000,0.483701
9001,0.527941
9002,0.514032
9003,0.558313
9004,0.5957
9005,0.639981
9006,0.626586
9007,0.670863
9008,0.708221
9009,0.752499
9010,0.738549
9011,1.0
9012,0.820256
9013,0.864511
9014,0.850994
9015,0.895251
9016,0.932612
9017,0.976864
9018,0.963126
9019,0.003989
9020,0.048155
9021,0.085736
9022,0.129984
9023,0.116349
9024,0.160591
9025,0.197874
9026,0.242135
9027,0.228371
9028,0.27261
9029,0.310056
9030,0.354287
9031,0.340647
9032,0.384894
9033,0.422147
9034,0.466326
9035,0.452886
9036,0.497104
9037,0.534663
9038,0.578828
9039,0.565251
9040,0.609475
9041,0.646845
9042,0.691019
9043,0.67755
9044,0.721749
9045,0.759204
9046,0.803442
9047,0.789673
9048,0.833916
9049,0.871283
9050,0.915497
9051,0.902019
9052,0.946266
9053,0.983697
9054,0.167441
9055,0.211736
9056,0.249033
9057,0.293281
9058,0.279454
9059,0.323685
9060,0.361098
9061,0.405282
9062,0.391727
9063,0.435941
9064,0.473206
9065,0.517441
9066,0.503843
9067,0.547989
9068,0.585503
9069,0.629782
9070,0.616299
9071,0.660537
9072,0.697835
9073,0.742135
9074,0.728496
9075,0.772722
9076,0.810199
9077,0.854421
9078,0.840718
9079,0.884978
9080,0.922286
9081,0.966525
9082,0.953017
9083,0.997247
9084,0.330539
9085,0.37472
9086,0.412094
9087,0.456316
9088,0.442796
9089,0.487058
9090,0.524372
9091,0.568677
9092,0.55477
9093,0.599102
9094,0.636548
9095,0.680848
9096,0.667231
9097,0.711528
9098,0.748904
9099,0.793126
9100,0.779475
9101,0.823718
9102,0.861187
9103,0.905366
9104,0.891798
9105,0.935971
9106,0.973283
9107,0.381544
9108,0.463097
9109,0.507329
9110,0.493822
9111,0.538044
9112,0.5755
9113,0.619696
9114,0.605933
9115,0.650191
9116,0.687616
9117,0.731749
9118,0.718328
9119,0.762483
9120,0.800007
9121,0.8442
9122,0.830415
9123,0.874636
9124,0.912056
9125,0.956309
9126,0.942818
9127,0.987038
9128,0.544812
9129,0.589019
9130,0.626586
9131,0.670863
9132,0.657034
9133,0.701251
9134,0.738549
9135,0.78281
9136,0.769269
9137,0.813482
9138,0.850994
9139,0.895251
9140,0.881495
9141,0.925761
9142,0.963126
9143,0.993814
9144,0.708221
9145,0.752499
9146,0.789673
9147,0.833916
9148,0.820256
9149,0.864511
9150,0.902019
9151,0.946266
9152,0.932612
9153,0.976864
9154,0.840718
9155,0.871283
9156,0.915497
9157,0.953017
9158,0.997247
9159,0.983697
9160,0.922286
9161,0.013012
9162,0.040159
9163,0.026586
9164,0.006225
9165,0.033432
9166,0.050426
9167,0.07761
9168,0.01306
9169,0.0197
9170,0.036744
9171,0.063964
9172,0.043632
9173,0.070798
9174,0.087818
9175,0.115029
9176,0.094629
9177,0.1218
9178,0.16603
9179,0.006234
9180,0.023223
9181,0.050354
9182,0.030011
9183,0.057168
9184,0.074146
9185,0.101262
9186,0.081061
9187,0.108255
9188,0.125374
9189,0.152561
9190,0.132032
9191,0.159236
9192,0.17631
9193,0.203531
9194,0.009646
9195,0.036808
9196,0.016401
9197,0.043585
9198,0.060602
9199,0.087799
9200,0.067305
9201,0.094487
9202,0.11146
9203,0.138684
9204,0.11835
9205,0.145501
9206,0.162631
9207,0.189807
9208,0.169578
9209,0.196753
9210,0.213823
9211,0.240985
9212,0.220585
9213,0.247774
9214,0.023236
9215,0.002832
9216,0.029994
9217,0.047004
9218,0.074188
9219,0.053833
9220,0.080966
9221,0.098008
9222,0.125188
9223,0.10481
9224,0.131994
9225,0.148932
9226,0.176141
9227,0.155804
9228,0.183031
9229,0.200123
9230,0.227288
9231,0.20684
9232,0.234056
9233,0.251175
9234,0.278393
9235,0.257957
9236,0.285116
9237,0.302201
9238,0.329392
9239,0.009562
9240,0.016419
9241,0.033428
9242,0.060557
9243,0.040247
9244,0.067417
9245,0.084454
9246,0.111582
9247,0.091192
9248,0.118391
9249,0.135487
9250,0.162672
9251,0.142225
9252,0.169396
9253,0.186486
9254,0.213703
9255,0.193239
9256,0.220445
9257,0.237473
9258,0.264683
9259,0.244299
9260,0.271512
9261,0.288539
9262,0.315743
9263,0.295432
9264,0.32263
9265,0.339725
9266,0.366891
9267,0.346455
9268,0.373673
9269,0.002904
9270,0.019927
9271,0.047097
9272,0.026646
9273,0.053863
9274,0.070882
9275,0.098088
9276,0.077558
9277,0.104739
9278,0.121734
9279,0.148885
9280,0.128603
9281,0.155755
9282,0.172819
9283,0.19998
9284,0.179685
9285,0.206826
9286,0.223869
9287,0.251007
9288,0.230807
9289,0.25801
9290,0.275039
9291,0.30221
9292,0.281769
9293,0.308952
9294,0.326009
9295,0.353184
9296,0.332761
9297,0.359937
9298,0.37706
9299,0.404253
9300,0.383891
9301,0.411028
9302,0.427994
9303,0.455131
9304,0.057184
9305,0.084378
9306,0.064145
9307,0.091288
9308,0.108276
9309,0.135445
9310,0.115142
9311,0.142314
9312,0.15927
9313,0.186453
9314,0.165995
9315,0.193198
9316,0.210297
9317,0.23749
9318,0.216937
9319,0.244117
9320,0.261162
9321,0.288378
9322,0.268103
9323,0.295258
9324,0.312354
9325,0.339563
9326,0.319261
9327,0.346421
9328,0.363382
9329,0.390539
9330,0.370231
9331,0.397443
9332,0.41451
9333,0.441655
9334,0.421328
9335,0.448518
9336,0.465492
9337,0.492661
9338,0.499323
9339,0.101457
9340,0.12867
9341,0.145755
9342,0.172977
9343,0.1525
9344,0.179689
9345,0.196668
9346,0.223898
9347,0.203441
9348,0.230625
9349,0.247691
9350,0.274879
9351,0.25449
9352,0.281702
9353,0.298639
9354,0.32585
9355,0.305477
9356,0.332693
9357,0.349822
9358,0.377015
9359,0.35662
9360,0.383836
9361,0.400832
9362,0.428042
9363,0.407524
9364,0.434692
9365,0.451746
9366,0.478946
9367,0.458708
9368,0.485849
9369,0.502832
9370,0.529994
9371,0.509646
9372,0.536809
9373,0.553833
9374,0.580966
9375,0.138848
9376,0.183098
9377,0.210268
9378,0.190007
9379,0.217178
9380,0.23416
9381,0.261302
9382,0.240877
9383,0.268086
9384,0.285141
9385,0.312316
9386,0.291963
9387,0.319177
9388,0.336229
9389,0.36341
9390,0.342859
9391,0.370065
9392,0.387145
9393,0.414338
9394,0.394043
9395,0.421228
9396,0.438229
9397,0.465408
9398,0.44501
9399,0.472199
9400,0.489259
9401,0.516419
9402,0.496037
9403,1.0
9404,0.540247
9405,0.567417
9406,0.547004
9407,0.574188
9408,0.591192
9409,0.618391
9410,0.227284
9411,0.254479
9412,0.271511
9413,0.298715
9414,0.278273
9415,0.30545
9416,0.322502
9417,0.349701
9418,0.3294
9419,0.356545
9420,0.373554
9421,0.400688
9422,0.380444
9423,0.407623
9424,0.424623
9425,0.451761
9426,0.431444
9427,0.458652
9428,0.475728
9429,0.502904
9430,0.482376
9431,0.509562
9432,0.526646
9433,0.553863
9434,0.533428
9435,0.560557
9436,0.577558
9437,0.604739
9438,0.584454
9439,0.611582
9440,0.628603
9441,0.655755
9442,0.635487
9443,0.662672
9444,0.679685
9445,0.706826
9446,0.264866
9447,0.292054
9448,0.309084
9449,0.336276
9450,0.315812
9451,0.342986
9452,0.360062
9453,0.387264
9454,0.366766
9455,0.393947
9456,0.410993
9457,0.438187
9458,0.417737
9459,0.444901
9460,0.461929
9461,0.489141
9462,0.46883
9463,0.49597
9464,0.513012
9465,0.540159
9466,0.519927
9467,0.547097
9468,0.564145
9469,0.591288
9470,0.570882
9471,0.598088
9472,0.615142
9473,0.642314
9474,0.621734
9475,0.648885
9476,0.665995
9477,0.693198
9478,0.672819
9479,0.69998
9480,0.716937
9481,0.744117
9482,0.35323
9483,0.38042
9484,0.397475
9485,0.424655
9486,0.404217
9487,0.431391
9488,0.448394
9489,0.475546
9490,0.455187
9491,0.482356
9492,0.499404
9493,0.526586
9494,0.506225
9495,0.533432
9496,0.550426
9497,0.57761
9498,0.557184
9499,0.584378
9500,0.601456
9501,0.62867
9502,0.608276
9503,0.635445
9504,0.6525
9505,0.679689
9506,0.65927
9507,0.686453
9508,0.703441
9509,0.730625
9510,0.710297
9511,0.73749
9512,0.75449
9513,0.781702
9514,0.761162
9515,0.788378
9516,0.832693
9517,0.390697
9518,0.417885
9519,0.434913
9520,0.462044
9521,0.441656
9522,0.46885
9523,0.485864
9524,0.51306
9525,0.492523
9526,0.5197
9527,0.536744
9528,0.563964
9529,0.543632
9530,0.570798
9531,0.587818
9532,0.615029
9533,0.594629
9534,0.6218
9535,0.638848
9536,0.66603
9537,0.645755
9538,0.672977
9539,0.690007
9540,0.717178
9541,0.696668
9542,0.723898
9543,0.740877
9544,0.768086
9545,0.747691
9546,0.774879
9547,0.791963
9548,0.819177
9549,0.798639
9550,0.82585
9551,0.842859
9552,0.870065
9553,0.472129
9554,0.479097
9555,0.506234
9556,0.523223
9557,0.550354
9558,0.530011
9559,0.557168
9560,0.574146
9561,0.601262
9562,0.581061
9563,0.608255
9564,0.625374
9565,0.652561
9566,0.632032
9567,0.659236
9568,0.67631
9569,0.70353
9570,0.683098
9571,0.710268
9572,0.727284
9573,0.754479
9574,0.73416
9575,0.761302
9576,0.778273
9577,0.80545
9578,0.785141
9579,0.812316
9580,0.8294
9581,0.856545
9582,0.836229
9583,0.86341
9584,0.880444
9585,0.907623
9586,0.887145
9587,0.914338
9588,0.516401
9589,0.543585
9590,0.560602
9591,0.587799
9592,0.567305
9593,0.594487
9594,0.61146
9595,0.638684
9596,0.61835
9597,0.645501
9598,0.662631
9599,0.689807
9600,0.669578
9601,0.696753
9602,0.713823
9603,0.740985
9604,0.720585
9605,0.747774
9606,0.764866
9607,0.792054
9608,0.771511
9609,0.798715
9610,0.815812
9611,0.842986
9612,0.822503
9613,0.849701
9614,0.866766
9615,0.893947
9616,0.873554
9617,0.900688
9618,0.917737
9619,0.944901
9620,0.924623
9621,0.951761
9622,0.96883
9623,0.99597
9624,0.598008
9625,0.625188
9626,0.60481
9627,0.631994
9628,0.648932
9629,0.676141
9630,0.655804
9631,0.683031
9632,0.700123
9633,0.727288
9634,0.706839
9635,0.734056
9636,0.751175
9637,0.778393
9638,0.757957
9639,0.785116
9640,0.802201
9641,0.829392
9642,0.809084
9643,1.0
9644,0.85323
9645,0.88042
9646,0.860062
9647,0.887264
9648,0.904217
9649,0.931391
9650,0.910993
9651,0.938187
9652,0.955187
9653,0.982356
9654,0.961929
9655,0.989141
9656,0.642225
9657,0.669396
9658,0.686486
9659,0.713703
9660,0.693239
9661,0.720445
9662,0.737473
9663,0.764683
9664,0.744299
9665,0.771512
9666,0.788539
9667,0.815743
9668,0.795432
9669,0.82263
9670,0.839725
9671,0.866891
9672,0.846455
9673,0.873673
9674,0.890697
9675,0.917885
9676,0.897475
9677,0.924655
9678,0.941656
9679,0.96885
9680,0.948394
9681,0.975546
9682,0.992523
9683,0.999404
9684,0.723869
9685,0.751007
9686,0.730807
9687,0.75801
9688,0.775039
9689,0.80221
9690,0.781769
9691,0.808952
9692,0.826009
9693,0.853184
9694,0.832761
9695,0.859937
9696,0.87706
9697,0.904253
9698,0.883891
9699,0.911028
9700,0.927994
9701,0.955131
9702,0.934913
9703,0.962044
9704,0.979097
9705,0.985864
9706,0.768103
9707,0.795258
9708,0.812354
9709,0.839563
9710,0.819261
9711,0.846421
9712,0.863382
9713,0.890539
9714,0.870231
9715,0.897443
9716,0.91451
9717,0.941655
9718,0.921328
9719,0.948518
9720,0.965492
9721,0.992661
9722,0.972129
9723,0.999323
9724,0.805477
9725,0.849822
9726,0.877015
9727,0.85662
9728,0.883836
9729,0.900832
9730,0.928042
9731,0.907524
9732,0.934692
9733,0.951746
9734,0.978946
9735,0.958708
9736,0.985849
9737,0.894043
9738,0.921228
9739,0.938229
9740,0.965408
9741,0.94501
9742,0.972199
9743,0.989259
9744,0.996037
9745,0.931444
9746,0.958652
9747,0.975728
9748,0.982376
9749,0.020769
9750,0.009119
9751,0.040099
9752,0.090617
9753,0.051664
9754,0.102147
9755,0.133191
9756,0.18366
9757,0.016976
9758,0.06729
9759,0.028657
9760,0.079095
9761,0.110057
9762,0.16036
9763,0.121581
9764,0.172009
9765,0.203037
9766,0.253392
9767,0.044072
9768,0.005259
9769,0.055611
9770,0.086532
9771,0.137018
9772,0.098246
9773,0.148558
9774,0.179518
9775,0.229874
9776,0.191247
9777,0.241568
9778,0.272589
9779,0.323028
9780,0.28439
9781,0.334681
9782,0.41603
9783,0.020769
9784,0.032468
9785,0.063451
9786,0.113885
9787,0.075081
9788,0.125561
9789,0.156491
9790,0.206922
9791,0.168029
9792,0.218514
9793,0.249473
9794,0.299907
9795,0.26096
9796,0.311403
9797,0.342487
9798,0.392912
9799,0.354025
9800,0.404449
9801,0.435514
9802,0.485977
9803,0.009119
9804,0.040099
9805,0.090617
9806,0.051664
9807,0.102147
9808,0.133191
9809,0.18366
9810,0.144872
9811,0.195338
9812,0.226243
9813,0.27666
9814,0.237865
9815,0.288305
9816,0.319211
9817,0.369644
9818,0.33077
9819,0.381166
9820,0.412151
9821,0.462573
9822,0.423824
9823,0.474214
9824,0.505122
9825,0.555498
9826,0.517028
9827,0.567347
9828,0.016976
9829,0.06729
9830,0.028657
9831,0.079095
9832,0.110057
9833,0.16036
9834,0.121581
9835,0.172009
9836,0.203037
9837,0.253392
9838,0.214777
9839,0.265207
9840,0.296172
9841,0.346541
9842,0.307755
9843,0.358229
9844,0.389122
9845,0.439533
9846,0.400625
9847,0.451093
9848,0.482116
9849,0.532517
9850,0.493493
9851,0.54393
9852,0.574935
9853,0.625408
9854,0.586519
9855,0.636961
9856,0.667977
9857,0.718383
9858,0.044072
9859,0.005259
9860,0.055611
9861,0.086532
9862,0.137018
9863,0.098246
9864,0.148558
9865,0.179518
9866,0.229874
9867,0.191247
9868,0.241568
9869,0.272589
9870,0.323028
9871,0.28439
9872,0.334681
9873,0.365618
9874,0.41603
9875,0.377603
9876,0.427956
9877,0.458763
9878,0.509202
9879,0.470457
9880,0.520814
9881,0.55182
9882,0.602241
9883,0.563306
9884,0.613756
9885,0.644716
9886,0.69511
9887,0.656418
9888,0.706844
9889,0.737665
9890,0.788095
9891,0.749463
9892,0.799921
9893,0.032468
9894,0.063451
9895,0.113885
9896,0.075081
9897,0.125561
9898,0.156491
9899,0.206922
9900,0.168029
9901,0.218514
9902,0.249473
9903,0.299907
9904,0.26096
9905,0.311403
9906,0.342487
9907,0.392912
9908,0.354025
9909,0.404449
9910,0.435514
9911,0.485977
9912,0.44725
9913,0.497734
9914,0.528763
9915,0.579153
9916,0.540188
9917,0.590662
9918,0.621783
9919,0.672239
9920,0.63317
9921,0.683594
9922,0.714581
9923,0.765026
9924,0.726178
9925,0.77662
9926,0.807624
9927,0.858023
9928,0.81912
9929,0.869557
9930,0.900593
9931,0.951057
9932,0.144872
9933,0.195338
9934,0.226243
9935,0.27666
9936,0.237865
9937,0.288305
9938,0.319211
9939,0.369644
9940,0.33077
9941,0.381166
9942,0.412151
9943,0.462573
9944,0.423824
9945,0.474214
9946,0.505122
9947,0.555498
9948,0.517028
9949,0.567347
9950,0.598282
9951,0.648633
9952,0.610064
9953,0.660402
9954,0.691441
9955,0.74179
9956,0.703095
9957,0.753439
9958,0.784361
9959,0.834728
9960,0.796062
9961,0.846447
9962,0.877305
9963,0.927727
9964,0.889041
9965,0.939446
9966,0.97038
9967,0.214777
9968,0.265207
9969,0.296172
9970,0.346541
9971,0.307755
9972,0.358229
9973,0.389122
9974,0.439533
9975,0.400625
9976,0.451093
9977,0.482116
9978,0.532517
9979,0.493493
9980,0.54393
9981,0.574935
9982,0.625408
9983,0.586519
9984,0.636961
9985,0.667977
9986,0.718383
9987,0.679627
9988,0.730075
9989,0.761239
9990,0.811662
9991,1.0
9992,0.823104
9993,0.854115
9994,0.904574
9995,0.865729
9996,0.916166
9997,0.947127
9998,0.997625
9999,0.958675
10000,0.365618
10001,0.377603
10002,0.427956
10003,0.458763
10004,0.509202
10005,0.470457
10006,0.520814
10007,0.55182
10008,0.602241
10009,0.563306
10010,0.613756
10011,0.644716
10012,0.69511
10013,0.656418
10014,0.706844
10015,0.737665
10016,0.788095
10017,0.749463
10018,0.799921
10019,0.830941
10020,0.881275
10021,0.842596
10022,0.892976
10023,0.923896
10024,0.974253
10025,0.935698
10026,0.986106
10027,0.44725
10028,0.497734
10029,0.528763
10030,0.579153
10031,0.540188
10032,0.590662
10033,0.621783
10034,0.672239
10035,0.63317
10036,0.683594
10037,0.714581
10038,0.765026
10039,0.726178
10040,0.77662
10041,0.807624
10042,0.858023
10043,0.81912
10044,0.869557
10045,0.900593
10046,0.951057
10047,0.912186
10048,0.962593
10049,0.993601
10050,0.598282
10051,0.648633
10052,0.610064
10053,0.660402
10054,0.691441
10055,0.74179
10056,0.703095
10057,0.753439
10058,0.784361
10059,0.834728
10060,0.796062
10061,0.846447
10062,0.877305
10063,0.927727
10064,0.889041
10065,0.939447
10066,0.97038
10067,0.982069
10068,0.679627
10069,0.730075
10070,0.761239
10071,0.811662
10072,0.772673
10073,0.823104
10074,0.854115
10075,0.904574
10076,0.865729
10077,0.916166
10078,0.947127
10079,0.997625
10080,0.958675
10081,0.830941
10082,0.881275
10083,0.842596
10084,0.892976
10085,0.923896
10086,0.974253
10087,0.935698
10088,0.986106
10089,0.912186
10090,0.962593
10091,0.993601
10092,0.982069
10093,0.022777
10094,0.046508
10095,0.117878
10096,0.070624
10097,0.142026
10098,0.189852
10099,0.261126
10100,0.070972
10101,0.022991
10102,0.094275
10103,0.141957
10104,0.213252
10105,0.165731
10106,0.237072
10107,0.284712
10108,0.35611
10109,0.022884
10110,0.047092
10111,0.094893
10112,0.166248
10113,0.118461
10114,0.189837
10115,0.237387
10116,0.308812
10117,0.260894
10118,0.332244
10119,0.379841
10120,0.451211
10121,0.403957
10122,0.47536
10123,0.523185
10124,0.59446
10125,0.046536
10126,0.117901
10127,0.070684
10128,0.142074
10129,0.189899
10130,0.261241
10131,0.213887
10132,0.285238
10133,0.332944
10134,0.404305
10135,0.356324
10136,0.427609
10137,0.47529
10138,0.546585
10139,0.499065
10140,0.570406
10141,0.618045
10142,0.689443
10143,0.070898
10144,0.022962
10145,0.094217
10146,0.141907
10147,0.213235
10148,0.165756
10149,0.237144
10150,0.284805
10151,0.356217
10152,0.309023
10153,0.380425
10154,0.428227
10155,0.499581
10156,0.451794
10157,0.52317
10158,0.57072
10159,0.642145
10160,0.594228
10161,0.665577
10162,0.713175
10163,0.784545
10164,0.73729
10165,0.808693
10166,0.856519
10167,0.927793
10168,0.022753
10169,0.047049
10170,0.094836
10171,0.166187
10172,0.118418
10173,0.189731
10174,0.237364
10175,0.308735
10176,0.260907
10177,0.332259
10178,0.37987
10179,0.451234
10180,0.404018
10181,0.475407
10182,0.523232
10183,0.594574
10184,0.547221
10185,0.618571
10186,0.666277
10187,0.737638
10188,0.689658
10189,0.760942
10190,0.808624
10191,0.879918
10192,0.832398
10193,0.903739
10194,0.951379
10195,0.046375
10196,0.117707
10197,0.070592
10198,0.141974
10199,0.18985
10200,0.261147
10201,0.213866
10202,0.285228
10203,0.332916
10204,0.404231
10205,0.356296
10206,0.42755
10207,0.475241
10208,0.546568
10209,0.499089
10210,0.570478
10211,0.618138
10212,0.68955
10213,0.642356
10214,0.713759
10215,0.76156
10216,0.832914
10217,0.785127
10218,0.856503
10219,0.904053
10220,0.975479
10221,0.927561
10222,0.998911
10223,0.070817
10224,0.0229
10225,0.094178
10226,0.141799
10227,0.213137
10228,0.165611
10229,0.236967
10230,0.284631
10231,0.356087
10232,0.309062
10233,0.380383
10234,0.42817
10235,0.49952
10236,0.451751
10237,0.523064
10238,0.570697
10239,0.642068
10240,0.594241
10241,0.665592
10242,0.713203
10243,0.784568
10244,0.737351
10245,0.80874
10246,0.856565
10247,0.927907
10248,0.880554
10249,0.951905
10250,0.999611
10251,0.047007
10252,0.094785
10253,0.166158
10254,0.118337
10255,0.189672
10256,0.237237
10257,0.308664
10258,0.260784
10259,0.332166
10260,0.379708
10261,0.45104
10262,0.403925
10263,0.475307
10264,0.523184
10265,0.59448
10266,0.547199
10267,0.618561
10268,0.666249
10269,0.737565
10270,0.689629
10271,0.760884
10272,0.808574
10273,0.879902
10274,0.832423
10275,0.903811
10276,0.951472
10277,0.97569
10278,0.213791
10279,0.285154
10280,0.332782
10281,0.40415
10282,0.356233
10283,0.427511
10284,0.475132
10285,0.54647
10286,0.498944
10287,0.570301
10288,0.617964
10289,0.68942
10290,0.642395
10291,0.713716
10292,0.761503
10293,0.832853
10294,0.785085
10295,0.856397
10296,0.904031
10297,0.975401
10298,0.927574
10299,0.998925
10300,0.308968
10301,0.380341
10302,0.428118
10303,0.499491
10304,0.45167
10305,0.523006
10306,0.57057
10307,0.641998
10308,0.594117
10309,0.665499
10310,0.713042
10311,0.784374
10312,0.737259
10313,0.808641
10314,0.856517
10315,0.927814
10316,0.880532
10317,0.951895
10318,0.999583
10319,0.547124
10320,0.618487
10321,0.666116
10322,0.737483
10323,0.689567
10324,0.760845
10325,0.808465
10326,0.879804
10327,0.832277
10328,0.903634
10329,0.951297
10330,0.975729
10331,0.642301
10332,0.713674
10333,0.761452
10334,0.832825
10335,1.0
10336,0.856339
10337,0.903903
10338,0.975331
10339,0.92745
10340,0.998833
10341,0.880458
10342,0.951821
10343,0.999449
10344,0.975634
10345,0.021442
10346,0.046976
10347,0.136805
10348,0.085683
10349,0.175335
10350,0.239195
10351,0.328926
10352,0.059778
10353,0.007928
10354,0.097793
10355,0.162337
10356,0.25226
10357,0.201038
10358,0.290872
10359,0.354744
10360,0.444457
10361,0.482786
10362,0.021758
10363,0.0857
10364,0.175288
10365,0.123559
10366,0.213298
10367,0.277743
10368,0.367386
10369,0.316606
10370,0.406409
10371,0.47032
10372,0.55993
10373,0.508371
10374,0.598098
10375,0.662659
10376,0.752316
10377,0.008564
10378,0.098121
10379,0.047309
10380,0.136891
10381,0.201127
10382,0.290712
10383,0.23913
10384,0.328661
10385,0.392853
10386,0.482336
10387,0.431915
10388,0.521472
10389,0.585644
10390,0.675133
10391,0.623776
10392,0.71331
10393,0.777666
10394,0.86716
10395,0.816871
10396,0.906375
10397,0.021442
10398,0.05994
10399,0.123845
10400,0.213393
10401,0.162485
10402,0.252036
10403,0.316467
10404,0.406217
10405,0.354623
10406,0.444094
10407,0.508013
10408,0.597781
10409,0.546863
10410,0.636509
10411,0.70074
10412,0.790521
10413,0.738966
10414,0.828523
10415,0.892606
10416,0.982296
10417,0.931768
10418,0.046976
10419,0.136805
10420,0.085683
10421,0.175335
10422,0.239195
10423,0.328926
10424,0.277552
10425,0.367277
10426,0.431854
10427,0.521825
10428,0.47006
10429,0.559829
10430,0.623685
10431,0.713426
10432,0.662169
10433,0.751956
10434,0.816317
10435,0.906226
10436,0.854326
10437,0.944081
10438,0.059778
10439,0.007928
10440,0.097793
10441,0.162337
10442,0.25226
10443,0.201038
10444,0.290872
10445,0.354744
10446,0.444457
10447,0.392913
10448,0.482786
10449,0.547522
10450,0.637348
10451,0.585842
10452,0.675666
10453,0.739427
10454,0.82923
10455,0.777603
10456,0.867551
10457,0.931992
10458,0.970046
10459,0.021758
10460,0.0857
10461,0.175288
10462,0.123559
10463,0.213298
10464,0.277743
10465,0.367386
10466,0.316606
10467,0.406409
10468,0.47032
10469,0.55993
10470,0.508371
10471,0.598098
10472,0.662659
10473,0.752316
10474,0.701601
10475,0.791357
10476,0.85518
10477,0.944702
10478,0.893183
10479,0.982816
10480,0.008564
10481,0.098121
10482,0.047309
10483,0.136891
10484,0.201127
10485,0.290712
10486,0.23913
10487,0.328661
10488,0.392853
10489,0.482336
10490,0.431915
10491,0.521472
10492,0.585644
10493,0.675133
10494,0.623776
10495,0.71331
10496,0.777666
10497,0.86716
10498,0.816871
10499,0.906375
10500,0.970526
10501,0.05994
10502,0.123845
10503,0.213393
10504,0.162485
10505,0.252036
10506,0.316467
10507,0.406217
10508,0.354623
10509,0.444094
10510,0.508013
10511,0.597781
10512,0.546863
10513,0.636509
10514,0.70074
10515,0.790521
10516,0.738967
10517,0.828523
10518,0.892606
10519,0.982296
10520,0.931768
10521,0.277552
10522,0.367277
10523,0.431854
10524,0.521825
10525,0.47006
10526,0.559829
10527,0.623685
10528,0.713426
10529,0.662169
10530,0.751956
10531,0.816317
10532,0.906226
10533,0.854326
10534,0.944081
10535,0.392913
10536,0.547522
10537,0.637348
10538,0.585842
10539,0.675666
10540,0.739427
10541,0.82923
10542,0.777603
10543,0.867552
10544,0.931992
10545,0.970046
10546,0.701601
10547,0.791357
10548,0.85518
10549,0.944702
10550,0.893183
10551,0.982816
10552,0.970526
10553,0.010312
10554,0.081728
10555,0.033912
10556,0.15292
10557,0.105629
10558,0.224643
10559,0.31991
10560,0.438845
10561,0.010451
10562,0.081722
10563,0.176964
10564,0.295898
10565,0.248472
10566,0.367393
10567,0.462752
10568,0.581692
10569,0.53423
10570,0.653093
10571,0.748412
10572,0.867309
10573,0.03427
10574,0.153168
10575,0.105682
10576,0.2246
10577,0.319801
10578,0.438769
10579,0.391067
10580,0.509931
10581,0.605415
10582,0.724463
10583,0.676856
10584,0.795887
10585,0.89139
10586,0.010149
10587,0.08173
10588,0.177134
10589,0.296102
10590,0.248491
10591,0.367504
10592,0.462855
10593,0.581792
10594,0.534049
10595,0.65308
10596,0.748443
10597,0.867382
10598,0.819678
10599,0.938626
10600,0.034007
10601,0.153046
10602,0.105364
10603,0.224446
10604,0.319788
10605,0.438961
10606,0.391302
10607,0.510399
10608,0.605706
10609,0.724856
10610,0.676975
10611,0.796076
10612,0.891509
10613,0.962661
10614,0.010312
10615,0.081728
10616,0.177064
10617,0.296021
10618,0.248468
10619,0.367511
10620,0.462934
10621,0.581936
10622,0.534307
10623,0.653269
10624,0.748524
10625,0.867488
10626,0.820112
10627,0.939122
10628,0.033912
10629,0.15292
10630,0.105629
10631,0.224643
10632,0.319911
10633,0.438845
10634,0.391238
10635,0.510211
10636,0.60567
10637,0.724611
10638,0.677103
10639,0.796005
10640,0.891356
10641,0.962833
10642,0.010451
10643,0.081722
10644,0.176964
10645,0.295898
10646,0.248472
10647,0.367393
10648,0.462752
10649,0.581692
10650,0.53423
10651,0.653093
10652,0.748412
10653,0.867309
10654,0.819879
10655,0.938755
10656,0.03427
10657,0.153168
10658,0.105682
10659,0.2246
10660,0.319801
10661,0.438769
10662,0.391067
10663,0.50993
10664,0.605415
10665,0.724463
10666,0.676856
10667,0.795887
10668,0.89139
10669,0.962605
10670,0.010149
10671,0.08173
10672,0.177134
10673,0.296102
10674,0.248491
10675,0.367504
10676,0.462855
10677,0.581792
10678,0.534049
10679,0.65308
10680,0.748443
10681,0.867382
10682,0.819678
10683,0.938625
10684,0.034007
10685,0.153046
10686,0.105364
10687,0.224445
10688,0.319788
10689,0.438961
10690,0.391302
10691,0.510399
10692,0.605706
10693,0.724856
10694,0.676975
10695,0.796076
10696,0.891509
10697,0.962661
10698,0.177064
10699,0.296021
10700,0.248468
10701,0.367511
10702,0.462934
10703,0.581936
10704,0.534307
10705,0.653269
10706,0.748524
10707,0.867488
10708,0.820112
10709,0.939122
10710,0.391238
10711,0.510211
10712,0.60567
10713,0.724611
10714,0.677102
10715,0.796005
10716,0.891356
10717,0.962833
10718,0.819879
10719,0.938755
10720,0.962605
