,Calculated atomic coordinates v'
0,0.730232
1,0.65675
2,0.263221
3,0.657897
4,0.558807
5,0.725608
6,0.657645
7,0.561494
8,0.261433
9,0.2335
10,0.328729
11,0.269615
12,0.760009
13,0.736991
14,0.738577
15,0.766301
16,0.444562
17,0.552056
18,0.342069
19,0.441516
20,0.438057
21,0.343512
22,0.555754
23,0.44817
24,0.670869
25,0.27443
26,0.342123
27,0.240071
28,0.779052
29,0.414703
30,0.618899
31,0.556575
32,0.742501
33,0.774579
34,0.647285
35,0.700545
36,0.444281
37,0.516121
38,0.229065
39,0.22059
40,0.304156
41,0.263096
42,0.732466
43,0.685067
44,0.782562
45,0.763965
46,0.322504
47,0.383646
48,0.239962
49,0.27459
50,0.42237
51,0.358527
52,0.555719
53,0.483879
54,0.770935
55,0.77941
56,0.695844
57,0.736904
58,0.51884
59,0.585297
60,0.221578
61,0.220949
62,0.257499
63,0.225421
64,0.677496
65,0.616354
66,0.760038
67,0.72541
68,0.641473
69,0.381101
70,0.443425
71,0.267534
72,0.314933
73,0.352715
74,0.299455
75,0.48116
76,0.778422
77,0.57763
78,0.217438
79,0.236035
80,0.803969
81,0.694676
82,0.607015
83,0.775437
84,0.804355
85,0.749432
86,0.794402
87,0.269279
88,0.246063
89,0.363701
90,0.280628
91,0.732091
92,0.654129
93,0.763508
94,0.694968
95,0.718068
96,0.777448
97,0.681054
98,0.753937
99,0.487774
100,0.588879
101,0.199315
102,0.236223
103,0.192911
104,0.215511
105,0.412301
106,0.319888
107,0.460817
108,0.362862
109,0.784127
110,0.730721
111,0.800685
112,0.763777
113,0.719372
114,0.680112
115,0.436767
116,0.539864
117,0.389132
118,0.491718
119,0.197217
120,0.203804
121,0.207219
122,0.196031
123,0.512226
124,0.411121
125,0.563233
126,0.460136
127,0.807089
128,0.784489
129,0.802783
130,0.796196
131,0.346247
132,0.442763
133,0.305324
134,0.392986
135,0.224563
136,0.195645
137,0.250569
138,0.205597
139,0.610868
140,0.508282
141,0.653753
142,0.557237
143,0.792781
144,0.636299
145,0.267909
146,0.345871
147,0.236492
148,0.305032
149,0.281932
150,0.222552
151,0.318946
152,0.587699
153,0.539183
154,0.637138
155,0.215873
156,0.658326
157,0.697932
158,0.426673
159,0.801366
160,0.783893
161,0.811887
162,0.815991
163,0.431654
164,0.184129
165,0.238728
166,0.215492
167,0.612095
168,0.568083
169,0.730007
170,0.69492
171,0.761253
172,0.783672
173,0.658325
174,0.697932
175,0.270349
176,0.306347
177,0.199076
178,0.214825
179,0.340879
180,0.302779
181,0.472308
182,0.426673
183,0.801366
184,0.783893
185,0.811887
186,0.815991
187,0.528527
188,0.573294
189,0.387602
190,0.431653
191,0.187916
192,0.184129
193,0.238728
194,0.215492
195,0.612095
196,0.568083
197,0.730007
198,0.69492
199,0.761253
200,0.783671
201,0.658326
202,0.697932
203,0.270348
204,0.306346
205,0.199076
206,0.214825
207,0.340879
208,0.30278
209,0.472308
210,0.426673
211,0.801366
212,0.783893
213,0.811887
214,0.81599
215,0.528527
216,0.573293
217,0.387602
218,0.431653
219,0.187917
220,0.184129
221,0.238728
222,0.215492
223,0.612095
224,0.568083
225,0.730006
226,0.694919
227,0.761253
228,0.783672
229,0.270349
230,0.306347
231,0.199076
232,0.214825
233,0.340879
234,0.302779
235,0.472308
236,0.528527
237,0.573293
238,0.387602
239,0.187917
240,0.686446
241,0.743529
242,0.524519
243,0.808905
244,0.83037
245,0.827636
246,0.686314
247,0.313554
248,0.256471
249,0.666125
250,0.597625
251,0.724498
252,0.665535
253,0.817994
254,0.831602
255,0.787117
256,0.818039
257,0.475481
258,0.191095
259,0.16963
260,0.172363
261,0.379864
262,0.313686
263,0.451036
264,0.379033
265,0.774451
266,0.724069
267,0.809031
268,0.774033
269,0.74349
270,0.787174
271,0.333875
272,0.402376
273,0.275502
274,0.334465
275,0.182006
276,0.168398
277,0.212882
278,0.181961
279,0.52466
280,0.450293
281,0.598218
282,0.827591
283,0.620136
284,0.548964
285,0.620968
286,0.225549
287,0.275931
288,0.190969
289,0.225967
290,0.25651
291,0.212826
292,0.47534
293,0.549706
294,0.401781
295,0.172409
296,0.705715
297,0.768864
298,0.837903
299,0.845584
300,0.839401
301,0.676577
302,0.743802
303,0.719244
304,0.433431
305,0.345791
306,0.73275
307,0.657504
308,0.749982
309,0.680317
310,0.83738
311,0.842441
312,0.830405
313,0.845414
314,0.69801
315,0.676139
316,0.158256
317,0.197577
318,0.160287
319,0.457925
320,0.368933
321,0.484912
322,0.396106
323,0.768093
324,0.703963
325,0.786301
326,0.728694
327,0.823311
328,0.844251
329,0.813527
330,0.841744
331,0.51235
332,0.182789
333,0.227861
334,0.167834
335,0.205154
336,0.207778
337,0.166578
338,0.225
339,0.175615
340,0.513734
341,0.425216
342,0.544873
343,0.455462
344,0.802733
345,0.750994
346,0.817211
347,0.77214
348,0.802423
349,0.839713
350,0.792222
351,0.833423
352,0.393343
353,0.479148
354,0.360996
355,0.444452
356,0.154084
357,0.184268
358,0.143914
359,0.170495
360,0.24497
361,0.191984
362,0.268313
363,0.208873
364,0.57553
365,0.48765
366,0.606657
367,0.520853
368,0.832166
369,0.794846
370,0.845916
371,0.815731
372,0.774999
373,0.824385
374,0.75503
375,0.808016
376,0.644594
377,0.329885
378,0.414285
379,0.304519
380,0.388486
381,0.143347
382,0.164984
383,0.146816
384,0.162097
385,0.294285
386,0.231136
387,0.323423
388,0.256198
389,0.639004
390,0.555548
391,0.670115
392,0.585715
393,0.856086
394,0.829505
395,0.856653
396,0.835015
397,0.731687
398,0.791128
399,0.616159
400,0.591466
401,0.285542
402,0.364731
403,0.26725
404,0.342496
405,0.154416
406,0.160599
407,0.16262
408,0.157558
409,0.355407
410,0.280756
411,0.383841
412,0.30199
413,0.695481
414,0.611514
415,0.714459
416,0.635269
417,0.853184
418,0.566569
419,0.654209
420,0.542075
421,0.631067
422,0.250018
423,0.319683
424,0.231907
425,0.296037
426,0.169595
427,0.154586
428,0.176689
429,0.15575
430,0.408534
431,0.323861
432,0.515088
433,0.603894
434,0.486266
435,0.574784
436,0.213699
437,0.271307
438,0.197268
439,0.249006
440,0.186473
441,0.455127
442,0.544538
443,0.42447
444,0.83773
445,0.658136
446,0.780342
447,0.756888
448,0.788111
449,0.80209
450,0.692557
451,0.716871
452,0.183055
453,0.17091
454,0.458761
455,0.421486
456,0.589257
457,0.553304
458,0.825617
459,0.81734
460,0.820119
461,0.825113
462,0.640649
463,0.285121
464,0.184115
465,0.194294
466,0.246423
467,0.220291
468,0.35124
469,0.319429
470,0.706452
471,0.678132
472,0.790592
473,0.774824
474,0.761092
475,0.781988
476,0.697156
477,0.470233
478,0.501183
479,0.334049
480,0.362553
481,0.153651
482,0.152931
483,0.183784
484,0.173711
485,0.484973
486,0.452166
487,0.621341
488,0.591171
489,0.828985
490,0.82775
491,0.816945
492,0.82909
493,0.563732
494,0.597007
495,0.226306
496,0.249987
497,0.16777
498,0.181191
499,0.269447
500,0.24667
501,0.389262
502,0.359351
503,0.738275
504,0.71488
505,0.815885
506,0.805706
507,0.753578
508,0.779709
509,0.427966
510,0.465471
511,0.308127
512,0.341864
513,0.162269
514,0.16227
515,0.211889
516,0.19791
517,0.529767
518,0.498817
519,0.665951
520,0.637447
521,0.846349
522,0.847069
523,0.816216
524,0.826289
525,0.664249
526,0.541239
527,0.578514
528,0.219658
529,0.243112
530,0.174383
531,0.18266
532,0.307443
533,0.283129
534,0.436268
535,0.402993
536,0.773694
537,0.750013
538,0.83223
539,0.818809
540,0.730553
541,0.75333
542,0.410743
543,0.446696
544,0.293548
545,0.321868
546,0.179881
547,0.174887
548,0.238908
549,0.218012
550,0.572034
551,0.534529
552,0.691873
553,0.837731
554,0.64876
555,0.680571
556,0.515027
557,0.547834
558,0.209409
559,0.225176
560,0.171015
561,0.17225
562,0.335751
563,0.302844
564,0.378659
565,0.408829
566,0.610738
567,0.84995
568,0.824081
569,0.796017
570,0.800935
571,0.826235
572,0.747541
573,0.787161
574,0.212839
575,0.56548
576,0.508269
577,0.645899
578,0.591484
579,0.847847
580,0.832521
581,0.854216
582,0.852653
583,0.68182
584,0.728745
585,0.167479
586,0.145784
587,0.147347
588,0.31818
589,0.271255
590,0.395334
591,0.342194
592,0.718346
593,0.671125
594,0.777837
595,0.74002
596,0.836801
597,0.84995
598,0.800935
599,0.826235
600,0.657807
601,0.281655
602,0.328875
603,0.222163
604,0.25998
605,0.163199
606,0.15005
607,0.199065
608,0.173765
609,0.480065
610,0.424181
611,0.56548
612,0.508269
613,0.824081
614,0.796017
615,0.847847
616,0.832521
617,0.747541
618,0.787161
619,0.68182
620,0.728745
621,0.519936
622,0.57582
623,0.43452
624,0.491731
625,0.175919
626,0.203983
627,0.152153
628,0.167479
629,0.252459
630,0.212839
631,0.31818
632,0.271255
633,0.645899
634,0.591484
635,0.718346
636,0.671125
637,0.854216
638,0.852653
639,0.836801
640,0.84995
641,0.354101
642,0.408516
643,0.281654
644,0.328875
645,0.145784
646,0.147347
647,0.163199
648,0.15005
649,0.395334
650,0.342193
651,0.480065
652,0.424181
653,0.777837
654,0.74002
655,0.824081
656,0.796017
657,0.800935
658,0.826235
659,0.747541
660,0.787161
661,0.604666
662,0.657807
663,0.519935
664,0.575819
665,0.222163
666,0.259979
667,0.175919
668,0.203983
669,0.199065
670,0.173765
671,0.252459
672,0.212839
673,0.56548
674,0.508269
675,0.645899
676,0.591484
677,0.847847
678,0.832521
679,0.854216
680,0.852653
681,0.68182
682,0.728745
683,0.43452
684,0.491731
685,0.354101
686,0.408516
687,0.152153
688,0.167479
689,0.145784
690,0.147347
691,0.31818
692,0.271255
693,0.395334
694,0.342193
695,0.718345
696,0.671125
697,0.777837
698,0.74002
699,0.836801
700,0.604666
701,0.657806
702,0.281654
703,0.328875
704,0.222163
705,0.259979
706,0.163199
707,0.15005
708,0.199065
709,0.173765
710,0.480064
711,0.42418
712,0.519935
713,0.575819
714,0.43452
715,0.491731
716,0.175919
717,0.203983
718,0.152153
719,0.252459
720,0.354101
721,0.408516
722,0.604666
723,0.852801
724,0.847026
725,0.822432
726,0.80849
727,0.839232
728,0.779714
729,0.819557
730,0.592888
731,0.701113
732,0.639055
733,0.858747
734,0.843906
735,0.866416
736,0.857869
737,0.746842
738,0.79563
739,0.714275
740,0.770483
741,0.174851
742,0.149585
743,0.407148
744,0.341856
745,0.454383
746,0.384757
747,0.739033
748,0.680204
749,0.770459
750,0.716223
751,0.866048
752,0.86756
753,0.860819
754,0.87066
755,0.739914
756,0.701585
757,0.182655
758,0.138962
759,0.157284
760,0.202196
761,0.164831
762,0.229172
763,0.183417
764,0.50002
765,0.428304
766,0.544588
767,0.473981
768,0.798074
769,0.752213
770,0.823734
771,0.786092
772,0.847444
773,0.86447
774,0.825149
775,0.850415
776,0.675224
777,0.314689
778,0.376554
779,0.270333
780,0.330205
781,0.1291
782,0.13914
783,0.124489
784,0.127891
785,0.259346
786,0.207453
787,0.295342
788,0.240127
789,0.591728
790,0.52281
791,0.638442
792,0.573004
793,0.845854
794,0.817345
795,0.861038
796,0.842716
797,0.797804
798,0.835169
799,0.770828
800,0.816583
801,0.562315
802,0.628441
803,0.513439
804,0.583755
805,0.234408
806,0.290758
807,0.205061
808,0.258174
809,0.129621
810,0.126959
811,0.144569
812,0.134388
813,0.339396
814,0.280445
815,0.388154
816,0.324776
817,0.685311
818,0.623446
819,0.729667
820,0.669795
821,0.8709
822,0.86086
823,0.875511
824,0.872109
825,0.740654
826,0.792547
827,0.704658
828,0.759874
829,0.467665
830,0.540408
831,0.425723
832,0.498145
833,0.183106
834,0.229741
835,0.168065
836,0.204704
837,0.165989
838,0.147199
839,0.19151
840,0.160768
841,0.437685
842,0.371559
843,0.486561
844,0.416245
845,0.765592
846,0.709242
847,0.794939
848,0.741826
849,0.870379
850,0.873041
851,0.855431
852,0.865612
853,0.719555
854,0.679633
855,0.38345
856,0.453787
857,0.342196
858,0.407112
859,0.152974
860,0.177568
861,0.141253
862,0.156094
863,0.220286
864,0.180443
865,0.253158
866,0.20437
867,0.532335
868,0.459592
869,0.574277
870,0.501855
871,0.816894
872,0.770259
873,0.831935
874,0.795296
875,0.834011
876,0.63881
877,0.592852
878,0.658144
879,0.298887
880,0.360945
881,0.260967
882,0.319796
883,0.133584
884,0.142131
885,0.133952
886,0.13244
887,0.285725
888,0.229517
889,0.320367
890,0.260086
891,0.61655
892,0.546213
893,0.657804
894,0.545617
895,0.615243
896,0.49998
897,0.571696
898,0.229541
899,0.283777
900,0.201926
901,0.247788
902,0.139181
903,0.12934
904,0.152556
905,0.13553
906,0.36119
907,0.298415
908,0.455412
909,0.526019
910,0.408272
911,0.47719
912,0.176266
913,0.213908
914,0.154146
915,0.660604
916,0.361558
917,0.426996
918,0.611846
919,0.695538
920,0.875888
921,0.855589
922,0.819785
923,0.85412
924,0.807853
925,0.846796
926,0.680282
927,0.76078
928,0.698169
929,0.877772
930,0.862131
931,0.880687
932,0.870117
933,0.795916
934,0.84063
935,0.784638
936,0.829537
937,0.203862
938,0.512424
939,0.434346
940,0.532582
941,0.453429
942,0.773178
943,0.712212
944,0.786415
945,0.728898
946,0.883912
947,0.875342
948,0.881092
949,0.87791
950,0.770383
951,0.820519
952,0.757683
953,0.809367
954,0.12602
955,0.118021
956,0.274086
957,0.215329
958,0.289332
959,0.227809
960,0.550105
961,0.471262
962,0.569382
963,0.49184
964,0.798812
965,0.74489
966,0.812379
967,0.760745
968,0.879952
969,0.879991
970,0.876436
971,0.881634
972,0.741481
973,0.796138
974,0.725914
975,0.784671
976,0.214574
977,0.159115
978,0.202284
979,0.131615
980,0.119875
981,0.13884
982,0.123306
983,0.304305
984,0.241451
985,0.322563
986,0.257475
987,0.589941
988,0.512288
989,0.609112
990,0.53124
991,0.822093
992,0.77161
993,0.830244
994,0.785426
995,0.87398
996,0.881979
997,0.868385
998,0.880125
999,0.710668
1000,0.772191
1001,0.695695
1002,0.758549
1003,0.355335
1004,0.430796
1005,0.337603
1006,0.410912
1007,0.15185
1008,0.189888
1009,0.144891
1010,0.178152
1011,0.146009
1012,0.124716
1013,0.151676
1014,0.126414
1015,0.341472
1016,0.272688
1017,0.35883
1018,0.289231
1019,0.626206
1020,0.549456
1021,0.644665
1022,0.569204
1023,0.840885
1024,0.797716
1025,0.84815
1026,0.810112
1027,0.861159
1028,0.876694
1029,0.85399
1030,0.875284
1031,0.742525
1032,0.727312
1033,0.604541
1034,0.677369
1035,0.585109
1036,0.658861
1037,0.319524
1038,0.391881
1039,0.301815
1040,0.373505
1041,0.137749
1042,0.169917
1043,0.131887
1044,0.158694
1045,0.161047
1046,0.134282
1047,0.172974
1048,0.139552
1049,0.376323
1050,0.304461
1051,0.395459
1052,0.32263
1053,0.662397
1054,0.589088
1055,0.680476
1056,0.608119
1057,0.85511
1058,0.821848
1059,0.862251
1060,0.830083
1061,0.848324
1062,0.873586
1063,0.838954
1064,0.865718
1065,0.710769
1066,0.56568
1067,0.641706
1068,0.546413
1069,0.622794
1070,0.2869
1071,0.354765
1072,0.269157
1073,0.337169
1074,0.127361
1075,0.151412
1076,0.124112
1077,0.144411
1078,0.180215
1079,0.145881
1080,0.192147
1081,0.153205
1082,0.41489
1083,0.341139
1084,0.43432
1085,0.358294
1086,0.698185
1087,0.626495
1088,0.7131
1089,0.645235
1090,0.868113
1091,0.841306
1092,0.872638
1093,0.848588
1094,0.827026
1095,0.860448
1096,0.526711
1097,0.604154
1098,0.507296
1099,0.584966
1100,0.25502
1101,0.319718
1102,0.23922
1103,0.301831
1104,0.122228
1105,0.137869
1106,0.119313
1107,0.129883
1108,0.204084
1109,0.15937
1110,0.215362
1111,0.170463
1112,0.453587
1113,0.377207
1114,0.473289
1115,0.395847
1116,0.730843
1117,0.662831
1118,0.74498
1119,0.487576
1120,0.565654
1121,0.467418
1122,0.546571
1123,0.226822
1124,0.287788
1125,0.213585
1126,0.271102
1127,0.116089
1128,0.124658
1129,0.118908
1130,0.12209
1131,0.229617
1132,0.179481
1133,0.242317
1134,0.190633
1135,0.492704
1136,0.415033
1137,0.449895
1138,0.528738
1139,0.430618
1140,0.50816
1141,0.201188
1142,0.25511
1143,0.187622
1144,0.239255
1145,0.120048
1146,0.120009
1147,0.123564
1148,0.118366
1149,0.258519
1150,0.677437
1151,0.410059
1152,0.487712
1153,0.390888
1154,0.46876
1155,0.177907
1156,0.22839
1157,0.169756
1158,0.658528
1159,0.64117
1160,0.373794
1161,0.450544
1162,0.623677
1163,0.73923
1164,0.759597
1165,0.657144
1166,0.856987
1167,0.855543
1168,0.849361
1169,0.856558
1170,0.146751
1171,0.327971
1172,0.479592
1173,0.455982
1174,0.781305
1175,0.765511
1176,0.846866
1177,0.840435
1178,0.794881
1179,0.813054
1180,0.702733
1181,0.724237
1182,0.26256
1183,0.173112
1184,0.184642
1185,0.197961
1186,0.187131
1187,0.289178
1188,0.268557
1189,0.612156
1190,0.587386
1191,0.729135
1192,0.706144
1193,0.870514
1194,0.87034
1195,0.837662
1196,0.84404
1197,0.422734
1198,0.449907
1199,0.304179
1200,0.326979
1201,0.147679
1202,0.149084
1203,0.167693
1204,0.156999
1205,0.405409
1206,0.379133
1207,0.533929
1208,0.504729
1209,0.814226
1210,0.79475
1211,0.854871
1212,0.847323
1213,0.760974
1214,0.775332
1215,0.630266
1216,0.655468
1217,0.502965
1218,0.530444
1219,0.212051
1220,0.228496
1221,0.156649
1222,0.164588
1223,0.229455
1224,0.212064
1225,0.326212
1226,0.302205
1227,0.655481
1228,0.62942
1229,0.75791
1230,0.73744
1231,0.851474
1232,0.853249
1233,0.802039
1234,0.812869
1235,0.375703
1236,0.400328
1237,0.263935
1238,0.283678
1239,0.149055
1240,0.146028
1241,0.18262
1242,0.171069
1243,0.449331
1244,0.422204
1245,0.577266
1246,0.550093
1247,0.826888
1248,0.815358
1249,0.852321
1250,0.850916
1251,0.710822
1252,0.731443
1253,0.581455
1254,0.605589
1255,0.448809
1256,0.472264
1257,0.182811
1258,0.192854
1259,0.143014
1260,0.144457
1261,0.26077
1262,0.240403
1263,0.369734
1264,0.344532
1265,0.695821
1266,0.673021
1267,0.787949
1268,0.771504
1269,0.832307
1270,0.843
1271,0.770545
1272,0.787936
1273,0.650303
1274,0.672029
1275,0.321378
1276,0.342855
1277,0.218695
1278,0.234489
1279,0.150639
1280,0.143442
1281,0.205119
1282,0.186946
1283,0.497035
1284,0.469556
1285,0.624297
1286,0.599672
1287,0.843351
1288,0.835412
1289,0.850945
1290,0.853972
1291,0.697795
1292,0.520408
1293,0.544018
1294,0.387844
1295,0.412614
1296,0.153134
1297,0.159565
1298,0.129486
1299,0.12966
1300,0.297267
1301,0.275763
1302,0.418545
1303,0.394411
1304,0.736065
1305,0.716322
1306,0.817189
1307,0.807146
1308,0.81738
1309,0.828931
1310,0.594591
1311,0.620867
1312,0.270865
1313,0.293856
1314,0.185774
1315,0.20525
1316,0.162338
1317,0.15596
1318,0.239026
1319,0.224668
1320,0.551191
1321,0.527735
1322,0.678622
1323,0.466071
1324,0.495271
1325,0.344519
1326,0.37058
1327,0.145129
1328,0.152677
1329,0.148526
1330,0.349697
1331,0.673788
1332,0.55067
1333,0.577796
1334,0.24209
1335,0.743638
1336,0.776536
1337,0.711763
1338,0.869459
1339,0.860607
1340,0.869199
1341,0.709471
1342,0.547009
1343,0.501612
1344,0.806196
1345,0.777563
1346,0.847715
1347,0.828769
1348,0.827002
1349,0.845574
1350,0.774407
1351,0.803294
1352,0.130541
1353,0.256362
1354,0.223463
1355,0.329161
1356,0.290529
1357,0.632902
1358,0.590691
1359,0.712364
1360,0.674538
1361,0.868755
1362,0.860501
1363,0.867751
1364,0.870403
1365,0.709423
1366,0.744945
1367,0.288237
1368,0.193804
1369,0.222436
1370,0.139393
1371,0.1308
1372,0.172998
1373,0.154426
1374,0.414072
1375,0.371419
1376,0.503078
1377,0.45674
1378,0.779133
1379,0.746196
1380,0.827593
1381,0.803939
1382,0.846018
1383,0.858242
1384,0.802126
1385,0.826041
1386,0.452991
1387,0.498388
1388,0.367098
1389,0.409309
1390,0.152285
1391,0.17123
1392,0.131245
1393,0.139499
1394,0.225593
1395,0.196706
1396,0.290577
1397,0.255055
1398,0.590319
1399,0.545884
1400,0.673853
1401,0.632494
1402,0.858861
1403,0.847025
1404,0.870898
1405,0.670838
1406,0.585928
1407,0.628581
1408,0.287636
1409,0.325462
1410,0.220868
1411,0.253804
1412,0.132249
1413,0.129597
1414,0.153982
1415,0.141758
1416,0.370099
1417,0.328607
1418,0.457216
1419,0.41308
1420,0.746773
1421,0.496922
1422,0.543261
1423,0.409682
1424,0.454116
1425,0.172407
1426,0.196061
1427,0.141139
1428,0.152975
1429,0.197875
1430,0.173959
1431,0.629902
1432,0.671393
1433,0.326147
1434,0.367506
1435,0.253228
1436,0.129102
1437,0.542785
1438,0.58692
1439,0.739548
1440,0.78219
1441,0.780228
1442,0.884426
1443,0.867344
1444,0.87886
1445,0.692286
1446,0.739429
1447,0.691384
1448,0.639558
1449,0.584584
1450,0.843892
1451,0.814738
1452,0.865339
1453,0.844035
1454,0.843521
1455,0.864608
1456,0.814181
1457,0.84354
1458,0.308493
1459,0.414417
1460,0.359739
1461,0.690621
1462,0.639025
1463,0.738511
1464,0.691422
1465,0.879163
1466,0.867516
1467,0.884297
1468,0.881188
1469,0.78026
1470,0.815961
1471,0.120801
1472,0.132748
1473,0.185192
1474,0.155654
1475,0.219057
1476,0.183247
1477,0.47078
1478,0.414447
1479,0.528366
1480,0.470704
1481,0.781789
1482,0.738953
1483,0.816537
1484,0.880877
1485,0.585649
1486,0.308798
1487,0.218824
1488,0.261521
1489,0.115562
1490,0.118855
1491,0.118611
1492,0.115486
1493,0.260308
1494,0.217567
1495,0.307446
1496,0.260512
1497,0.584811
1498,0.528509
1499,0.471729
1500,0.529279
1501,0.415335
1502,0.471841
1503,0.184447
1504,0.220573
1505,0.156694
1506,0.186129
1507,0.132262
1508,0.120601
1509,0.155634
1510,0.360042
1511,0.640311
1512,0.360654
1513,0.415338
1514,0.309516
1515,0.360982
1516,0.135081
1517,0.156364
1518,0.585435
1519,0.640211
1520,0.529239
1521,0.261685
1522,0.754527
1523,0.800517
1524,0.895196
1525,0.878347
1526,0.892687
1527,0.728883
1528,0.779466
1529,0.701345
1530,0.755109
1531,0.643768
1532,0.868569
1533,0.840097
1534,0.880536
1535,0.857168
1536,0.868217
1537,0.888018
1538,0.855748
1539,0.879904
1540,0.728109
1541,0.700353
1542,0.388652
1543,0.485007
1544,0.419755
1545,0.730526
1546,0.674266
1547,0.757489
1548,0.703705
1549,0.888898
1550,0.869666
1551,0.894022
1552,0.880624
1553,0.837708
1554,0.866715
1555,0.818789
1556,0.852953
1557,0.104804
1558,0.245473
1559,0.199483
1560,0.271117
1561,0.220534
1562,0.517331
1563,0.452287
1564,0.55083
1565,0.485719
1566,0.781041
1567,0.731185
1568,0.803347
1569,0.756581
1570,0.895988
1571,0.888311
1572,0.89575
1573,0.894185
1574,0.798658
1575,0.837647
1576,0.778348
1577,0.821132
1578,0.131431
1579,0.159903
1580,0.121653
1581,0.107313
1582,0.131783
1583,0.111982
1584,0.298655
1585,0.244891
1586,0.328632
1587,0.271891
1588,0.583297
1589,0.517717
1590,0.61438
1591,0.550098
1592,0.822796
1593,0.780485
1594,0.841132
1595,0.803424
1596,0.893195
1597,0.896885
1598,0.887043
1599,0.611348
1600,0.356232
1601,0.269474
1602,0.325734
1603,0.119463
1604,0.142832
1605,0.111102
1606,0.130334
1607,0.144252
1608,0.120096
1609,0.162292
1610,0.133285
1611,0.358615
1612,0.299647
1613,0.389238
1614,0.329068
1615,0.644514
1616,0.582506
1617,0.675525
1618,0.614451
1619,0.856766
1620,0.821906
1621,0.514993
1622,0.580245
1623,0.482669
1624,0.547712
1625,0.242511
1626,0.296294
1627,0.218959
1628,0.268815
1629,0.105978
1630,0.119375
1631,0.104013
1632,0.111689
1633,0.18121
1634,0.147047
1635,0.201341
1636,0.162353
1637,0.421717
1638,0.358903
1639,0.453668
1640,0.70341
1641,0.44917
1642,0.514281
1643,0.416703
1644,0.482283
1645,0.196653
1646,0.243419
1647,0.177204
1648,0.219515
1649,0.104249
1650,0.105815
1651,0.106805
1652,0.103115
1653,0.221652
1654,0.178868
1655,0.671368
1656,0.641385
1657,0.38562
1658,0.449903
1659,0.355486
1660,0.417494
1661,0.158868
1662,0.196576
1663,0.143234
1664,0.178094
1665,0.112957
1666,0.610762
1667,0.670931
1668,0.578283
1669,0.641097
1670,0.324475
1671,0.385549
1672,0.29659
1673,0.546332
1674,0.75704
1675,0.807163
1676,0.900993
1677,0.882603
1678,0.899948
1679,0.745665
1680,0.796591
1681,0.733808
1682,0.788774
1683,0.713384
1684,0.89049
1685,0.867859
1686,0.89612
1687,0.874816
1688,0.877746
1689,0.898763
1690,0.874338
1691,0.895975
1692,0.72363
1693,0.778887
1694,0.710797
1695,0.767128
1696,0.570598
1697,0.501029
1698,0.779925
1699,0.725725
1700,0.790484
1701,0.738041
1702,0.899291
1703,0.879916
1704,0.901155
1705,0.883272
1706,0.867809
1707,0.890659
1708,0.85911
1709,0.886172
1710,0.75742
1711,0.746084
1712,0.277112
1713,0.351172
1714,0.288711
1715,0.585635
1716,0.516337
1717,0.598917
1718,0.529092
1719,0.800467
1720,0.747987
1721,0.808754
1722,0.757857
1723,0.901024
1724,0.887303
1725,0.903876
1726,0.891707
1727,0.854947
1728,0.88343
1729,0.848092
1730,0.8777
1731,0.734633
1732,0.722888
1733,0.099715
1734,0.167124
1735,0.131777
1736,0.174921
1737,0.140054
1738,0.365186
1739,0.301094
1740,0.377677
1741,0.312775
1742,0.611507
1743,0.542552
1744,0.624587
1745,0.55619
1746,0.815365
1747,0.76751
1748,0.824353
1749,0.778296
1750,0.904054
1751,0.894959
1752,0.904747
1753,0.897269
1754,0.839584
1755,0.873193
1756,0.832876
1757,0.868223
1758,0.711289
1759,0.150612
1760,0.19115
1761,0.095893
1762,0.099163
1763,0.098133
1764,0.097303
1765,0.185193
1766,0.14514
1767,0.192857
1768,0.152145
1769,0.390536
1770,0.325323
1771,0.404625
1772,0.337913
1773,0.636633
1774,0.569474
1775,0.651125
1776,0.584253
1777,0.832996
1778,0.788366
1779,0.840515
1780,0.798854
1781,0.903539
1782,0.900285
1783,0.904108
1784,0.900837
1785,0.825079
1786,0.859946
1787,0.814807
1788,0.85486
1789,0.623502
1790,0.389156
1791,0.310146
1792,0.375186
1793,0.145132
1794,0.185223
1795,0.139803
1796,0.175422
1797,0.09859
1798,0.096899
1799,0.100085
1800,0.094513
1801,0.204349
1802,0.161323
1803,0.21218
1804,0.166651
1805,0.417362
1806,0.350102
1807,0.431817
1808,0.364043
1809,0.663968
1810,0.597505
1811,0.676815
1812,0.610844
1813,0.849388
1814,0.80885
1815,0.854868
1816,0.814777
1817,0.901867
1818,0.902697
1819,0.90141
1820,0.903101
1821,0.807143
1822,0.847855
1823,0.795651
1824,0.838677
1825,0.541195
1826,0.609592
1827,0.526059
1828,0.595121
1829,0.299016
1830,0.362346
1831,0.285815
1832,0.348728
1833,0.132885
1834,0.166484
1835,0.125577
1836,0.158293
1837,0.102411
1838,0.095473
1839,0.104407
1840,0.095544
1841,0.221082
1842,0.174668
1843,0.232574
1844,0.185048
1845,0.445453
1846,0.376498
1847,0.458805
1848,0.390407
1849,0.689854
1850,0.624814
1851,0.700983
1852,0.637654
1853,0.860197
1854,0.824578
1855,0.867115
1856,0.833516
1857,0.899915
1858,0.905487
1859,0.897589
1860,0.904527
1861,0.78782
1862,0.833349
1863,0.778918
1864,0.825331
1865,0.512644
1866,0.582615
1867,0.498713
1868,0.567838
1869,0.274254
1870,0.335014
1871,0.261719
1872,0.322795
1873,0.121284
1874,0.152372
1875,0.117765
1876,0.14586
1877,0.109059
1878,0.099234
1879,0.115068
1880,0.099007
1881,0.24296
1882,0.192837
1883,0.254335
1884,0.203409
1885,0.473941
1886,0.404879
1887,0.487356
1888,0.417385
1889,0.714185
1890,0.651272
1891,0.725746
1892,0.664986
1893,0.874423
1894,0.841707
1895,0.878716
1896,0.847628
1897,0.895593
1898,0.904456
1899,0.890941
1900,0.900766
1901,0.767426
1902,0.814952
1903,0.483519
1904,0.554217
1905,0.470483
1906,0.541127
1907,0.252176
1908,0.310987
1909,0.241223
1910,0.298911
1911,0.114799
1912,0.140316
1913,0.10951
1914,0.132141
1915,0.117397
1916,0.100052
1917,0.122254
1918,0.101237
1919,0.266192
1920,0.211226
1921,0.27637
1922,0.221113
1923,0.501287
1924,0.432162
1925,0.516481
1926,0.445783
1927,0.738281
1928,0.677205
1929,0.747824
1930,0.689012
1931,0.882235
1932,0.85414
1933,0.885201
1934,0.859684
1935,0.884932
1936,0.698911
1937,0.686925
1938,0.457022
1939,0.526511
1940,0.443054
1941,0.513005
1942,0.231382
1943,0.286617
1944,0.220075
1945,0.274275
1946,0.10388
1947,0.125184
1948,0.100709
1949,0.120084
1950,0.125662
1951,0.104025
1952,0.132191
1953,0.109341
1954,0.289203
1955,0.232872
1956,0.301089
1957,0.24258
1958,0.529517
1959,0.458873
1960,0.542978
1961,0.473489
1962,0.758777
1963,0.701089
1964,0.768618
1965,0.674413
1966,0.66116
1967,0.429402
1968,0.498971
1969,0.414365
1970,0.483663
1971,0.209516
1972,0.261959
1973,0.199533
1974,0.252013
1975,0.098845
1976,0.116728
1977,0.098976
1978,0.112697
1979,0.14089
1980,0.113828
1981,0.145053
1982,0.11657
1983,0.313075
1984,0.253916
1985,0.325587
1986,0.265366
1987,0.556946
1988,0.486995
1989,0.648828
1990,0.634814
1991,0.698906
1992,0.401084
1993,0.470908
1994,0.388493
1995,0.457449
1996,0.191246
1997,0.242143
1998,0.184635
1999,0.23249
2000,0.096124
2001,0.108293
2002,0.095946
2003,0.105041
2004,0.151908
2005,0.122299
2006,0.160416
2007,0.126807
2008,0.33884
2009,0.622323
2010,0.687225
2011,0.609464
2012,0.674677
2013,0.375413
2014,0.44381
2015,0.363367
2016,0.430526
2017,0.175647
2018,0.221704
2019,0.167004
2020,0.211634
2021,0.095253
2022,0.102731
2023,0.096461
2024,0.595375
2025,0.662087
2026,0.582638
2027,0.649898
2028,0.348875
2029,0.415747
2030,0.336032
2031,0.402495
2032,0.159485
2033,0.201146
2034,0.568183
2035,0.635957
2036,0.554547
2037,0.323185
2038,0.87377
2039,0.710215
2040,0.792929
2041,0.861497
2042,0.854552
2043,0.822573
2044,0.833382
2045,0.744282
2046,0.760346
2047,0.362009
2048,0.343715
2049,0.664762
2050,0.64646
2051,0.766507
2052,0.750832
2053,0.876441
2054,0.876624
2055,0.85097
2056,0.85809
2057,0.17251
2058,0.148539
2059,0.141389
2060,0.212309
2061,0.198727
2062,0.484593
2063,0.463149
2064,0.607252
2065,0.587329
2066,0.838583
2067,0.827672
2068,0.874647
2069,0.87152
2070,0.787416
2071,0.800992
2072,0.69286
2073,0.709838
2074,0.412704
2075,0.281981
2076,0.29958
2077,0.124913
2078,0.128267
2079,0.129396
2080,0.126246
2081,0.307191
2082,0.289794
2083,0.422734
2084,0.401617
2085,0.71827
2086,0.700891
2087,0.806178
2088,0.793544
2089,0.870112
2090,0.87353
2091,0.822066
2092,0.832853
2093,0.577225
2094,0.598663
2095,0.454254
2096,0.475204
2097,0.194184
2098,0.207112
2099,0.138299
2100,0.145129
2101,0.177345
2102,0.166729
2103,0.256156
2104,0.240372
2105,0.546152
2106,0.525599
2107,0.665359
2108,0.646553
2109,0.862161
2110,0.855074
2111,0.876647
2112,0.876457
2113,0.743396
2114,0.759391
2115,0.63767
2116,0.656173
2117,0.3352
2118,0.353545
2119,0.233428
2120,0.249365
2121,0.12326
2122,0.123317
2123,0.149203
2124,0.142093
2125,0.363033
2126,0.343998
2127,0.484796
2128,0.462855
2129,0.766696
2130,0.75048
2131,0.837432
2132,0.826966
2133,0.851046
2134,0.857986
2135,0.787343
2136,0.80107
2137,0.515234
2138,0.53683
2139,0.392698
2140,0.412294
2141,0.161962
2142,0.172647
2143,0.125659
2144,0.128338
2145,0.212716
2146,0.199091
2147,0.307047
2148,0.290451
2149,0.607149
2150,0.587924
2151,0.71857
2152,0.701296
2153,0.874296
2154,0.871878
2155,0.870814
2156,0.873317
2157,0.692968
2158,0.709491
2159,0.576711
2160,0.59787
2161,0.281406
2162,0.298648
2163,0.193284
2164,0.205967
2165,0.129758
2166,0.126646
2167,0.178472
2168,0.167444
2169,0.423821
2170,0.402418
2171,0.546595
2172,0.525748
2173,0.806953
2174,0.794069
2175,0.86213
2176,0.854558
2177,0.821348
2178,0.832559
2179,0.743674
2180,0.760587
2181,0.453444
2182,0.473974
2183,0.334317
2184,0.353451
2185,0.137691
2186,0.145176
2187,0.123826
2188,0.123977
2189,0.256671
2190,0.240125
2191,0.362984
2192,0.344011
2193,0.6656
2194,0.646591
2195,0.766595
2196,0.750413
2197,0.875831
2198,0.876011
2199,0.851791
2200,0.858772
2201,0.63668
2202,0.655955
2203,0.515366
2204,0.537438
2205,0.233385
2206,0.249731
2207,0.163148
2208,0.173314
2209,0.148498
2210,0.141753
2211,0.212535
2212,0.198672
2213,0.484524
2214,0.4626
2215,0.606955
2216,0.587559
2217,0.837179
2218,0.827007
2219,0.87499
2220,0.872022
2221,0.787699
2222,0.801387
2223,0.692796
2224,0.393033
2225,0.412197
2226,0.281699
2227,0.299027
2228,0.125504
2229,0.127882
2230,0.128551
2231,0.126388
2232,0.307085
2233,0.29017
2234,0.423469
2235,0.401734
2236,0.718118
2237,0.700552
2238,0.806119
2239,0.871279
2240,0.576092
2241,0.597725
2242,0.453657
2243,0.474897
2244,0.193244
2245,0.206374
2246,0.138223
2247,0.145523
2248,0.178095
2249,0.16698
2250,0.255828
2251,0.239171
2252,0.545896
2253,0.524536
2254,0.637628
2255,0.656144
2256,0.334743
2257,0.353372
2258,0.23339
2259,0.249249
2260,0.123974
2261,0.123701
2262,0.515474
2263,0.537082
2264,0.392867
2265,0.161981
2266,0.878247
2267,0.721237
2268,0.879063
2269,0.869017
2270,0.830696
2271,0.846242
2272,0.773
2273,0.798564
2274,0.41045
2275,0.69009
2276,0.787914
2277,0.762336
2278,0.886622
2279,0.884849
2280,0.871916
2281,0.881198
2282,0.706051
2283,0.736675
2284,0.178826
2285,0.263559
2286,0.235243
2287,0.53637
2288,0.499266
2289,0.62437
2290,0.590052
2291,0.839464
2292,0.821532
2293,0.873601
2294,0.863071
2295,0.840291
2296,0.856239
2297,0.788082
2298,0.811903
2299,0.18101
2300,0.202359
2301,0.117773
2302,0.114468
2303,0.143318
2304,0.130114
2305,0.340634
2306,0.308941
2307,0.428618
2308,0.39278
2309,0.707486
2310,0.675638
2311,0.777618
2312,0.751611
2313,0.887882
2314,0.887859
2315,0.880869
2316,0.886374
2317,0.72067
2318,0.750307
2319,0.446076
2320,0.325471
2321,0.357004
2322,0.139114
2323,0.150878
2324,0.112849
2325,0.118158
2326,0.187339
2327,0.16644
2328,0.249103
2329,0.22327
2330,0.51885
2331,0.483253
2332,0.609179
2333,0.573767
2334,0.834745
2335,0.813875
2336,0.870645
2337,0.858206
2338,0.847872
2339,0.861466
2340,0.798792
2341,0.820515
2342,0.607421
2343,0.640146
2344,0.515965
2345,0.553259
2346,0.248591
2347,0.278398
2348,0.187542
2349,0.211141
2350,0.112118
2351,0.110889
2352,0.137666
2353,0.128124
2354,0.32626
2355,0.294871
2356,0.412363
2357,0.377248
2358,0.692617
2359,0.660696
2360,0.765776
2361,0.737431
2362,0.886607
2363,0.882456
2364,0.881839
2365,0.885423
2366,0.735886
2367,0.764357
2368,0.42728
2369,0.463399
2370,0.340724
2371,0.374374
2372,0.141709
2373,0.157551
2374,0.117589
2375,0.125007
2376,0.180875
2377,0.161152
2378,0.238103
2379,0.212512
2380,0.502578
2381,0.465526
2382,0.591392
2383,0.555473
2384,0.821879
2385,0.79961
2386,0.861746
2387,0.848808
2388,0.856081
2389,0.869461
2390,0.812422
2391,0.833396
2392,0.624484
2393,0.658312
2394,0.534961
2395,0.57062
2396,0.262149
2397,0.291946
2398,0.198556
2399,0.223617
2400,0.114263
2401,0.112875
2402,0.131729
2403,0.122087
2404,0.310926
2405,0.27993
2406,0.394017
2407,0.35989
2408,0.675715
2409,0.64268
2410,0.750232
2411,0.72056
2412,0.886828
2413,0.881815
2414,0.887751
2415,0.88846
2416,0.750339
2417,0.775045
2418,0.704795
2419,0.444104
2420,0.481683
2421,0.357718
2422,0.391567
2423,0.151081
2424,0.167576
2425,0.121415
2426,0.13173
2427,0.170255
2428,0.154216
2429,0.226125
2430,0.200254
2431,0.483671
2432,0.445991
2433,0.571988
2434,0.536126
2435,0.811915
2436,0.7884
2437,0.857542
2438,0.841732
2439,0.860668
2440,0.8693
2441,0.817904
2442,0.838256
2443,0.641127
2444,0.674
2445,0.55295
2446,0.589098
2447,0.277997
2448,0.309561
2449,0.212119
2450,0.238156
2451,0.114101
2452,0.11531
2453,0.126805
2454,0.118266
2455,0.293247
2456,0.263051
2457,0.375207
2458,0.341547
2459,0.658877
2460,0.625679
2461,0.737776
2462,0.708138
2463,0.880921
2464,0.873617
2465,0.884685
2466,0.88647
2467,0.762195
2468,0.787803
2469,0.463318
2470,0.500773
2471,0.375987
2472,0.410893
2473,0.161753
2474,0.180896
2475,0.128021
2476,0.138313
2477,0.159266
2478,0.143327
2479,0.211767
2480,0.188145
2481,0.464753
2482,0.42951
2483,0.555716
2484,0.517953
2485,0.800626
2486,0.775349
2487,0.847665
2488,0.831732
2489,0.868153
2490,0.659209
2491,0.691177
2492,0.572109
2493,0.607714
2494,0.294014
2495,0.324946
2496,0.222867
2497,0.247655
2498,0.112305
2499,0.111955
2500,0.119128
2501,0.113998
2502,0.279653
2503,0.250021
2504,0.358738
2505,0.325544
2506,0.641393
2507,0.60747
2508,0.48136
2509,0.516256
2510,0.390612
2511,0.426416
2512,0.165215
2513,0.186352
2514,0.130103
2515,0.143023
2516,0.153051
2517,0.139187
2518,0.20085
2519,0.446119
2520,0.673002
2521,0.587788
2522,0.623205
2523,0.307795
2524,0.339847
2525,0.235673
2526,0.264529
2527,0.114712
2528,0.118845
2529,0.498057
2530,0.535488
2531,0.410313
2532,0.689825
2533,0.729017
2534,0.893778
2535,0.885177
2536,0.835686
2537,0.857856
2538,0.797073
2539,0.827071
2540,0.492909
2541,0.741536
2542,0.818299
2543,0.788682
2544,0.895139
2545,0.892886
2546,0.886493
2547,0.893197
2548,0.753655
2549,0.78859
2550,0.701929
2551,0.73985
2552,0.340096
2553,0.297806
2554,0.602286
2555,0.555676
2556,0.661447
2557,0.616804
2558,0.851184
2559,0.827345
2560,0.875466
2561,0.85946
2562,0.870724
2563,0.88535
2564,0.842303
2565,0.86389
2566,0.123207
2567,0.130292
2568,0.183898
2569,0.158122
2570,0.3998
2571,0.354896
2572,0.461586
2573,0.414434
2574,0.716035
2575,0.675162
2576,0.766854
2577,0.730935
2578,0.892392
2579,0.883239
2580,0.898004
2581,0.894012
2582,0.807502
2583,0.835697
2584,0.765037
2585,0.798261
2586,0.200853
2587,0.234282
2588,0.104457
2589,0.109519
2590,0.107806
2591,0.103125
2592,0.223464
2593,0.190835
2594,0.271852
2595,0.235761
2596,0.52479
2597,0.478619
2598,0.588464
2599,0.540688
2600,0.811037
2601,0.778442
2602,0.843466
2603,0.817293
2604,0.891039
2605,0.895731
2606,0.875836
2607,0.88894
2608,0.714939
2609,0.753818
2610,0.702194
2611,0.476047
2612,0.367394
2613,0.412733
2614,0.164392
2615,0.191884
2616,0.135473
2617,0.156725
2618,0.118285
2619,0.108655
2620,0.142112
2621,0.12581
2622,0.327627
2623,0.285651
2624,0.385249
2625,0.340354
2626,0.647301
2627,0.602314
2628,0.703439
2629,0.661208
2630,0.870255
2631,0.852285
2632,0.889624
2633,0.876793
2634,0.852015
2635,0.869708
2636,0.816102
2637,0.841878
2638,0.6308
2639,0.673901
2640,0.568714
2641,0.615692
2642,0.311006
2643,0.35449
2644,0.25871
2645,0.296084
2646,0.114623
2647,0.128259
2648,0.105934
2649,0.111389
2650,0.17398
2651,0.149003
2652,0.212434
2653,0.182313
2654,0.446444
2655,0.39946
2656,0.508717
2657,0.461016
2658,0.754553
2659,0.716019
2660,0.799147
2661,0.765718
2662,0.895543
2663,0.890481
2664,0.892194
2665,0.896875
2666,0.776536
2667,0.809165
2668,0.728148
2669,0.764239
2670,0.507285
2671,0.554251
2672,0.443542
2673,0.490407
2674,0.209252
2675,0.244216
2676,0.171398
2677,0.201289
2678,0.10601
2679,0.104057
2680,0.114666
2681,0.106342
2682,0.259526
2683,0.222504
2684,0.311628
2685,0.270983
2686,0.571117
2687,0.523953
2688,0.632606
2689,0.587267
2690,0.835608
2691,0.808116
2692,0.864527
2693,0.843275
2694,0.881715
2695,0.891345
2696,0.857888
2697,0.87419
2698,0.714349
2699,0.643738
2700,0.687748
2701,0.382003
2702,0.429033
2703,0.324608
2704,0.367666
2705,0.14094
2706,0.163375
2707,0.118528
2708,0.134539
2709,0.13507
2710,0.118976
2711,0.164314
2712,0.142144
2713,0.3692
2714,0.326099
2715,0.431286
2716,0.384308
2717,0.688994
2718,0.64551
2719,0.74129
2720,0.703916
2721,0.885377
2722,0.871741
2723,0.894066
2724,0.888611
2725,0.82602
2726,0.850997
2727,0.787566
2728,0.817687
2729,0.585208
2730,0.630961
2731,0.52201
2732,0.569112
2733,0.269591
2734,0.310435
2735,0.22159
2736,0.258464
2737,0.106222
2738,0.114823
2739,0.104861
2740,0.107114
2741,0.202927
2742,0.172929
2743,0.246345
2744,0.21141
2745,0.492715
2746,0.445749
2747,0.556459
2748,0.509593
2749,0.790748
2750,0.755784
2751,0.828602
2752,0.798711
2753,0.89399
2754,0.895943
2755,0.885333
2756,0.893658
2757,0.740474
2758,0.777496
2759,0.459485
2760,0.507091
2761,0.397714
2762,0.444324
2763,0.181701
2764,0.211318
2765,0.148816
2766,0.172655
2767,0.113507
2768,0.106803
2769,0.129275
2770,0.11465
2771,0.298071
2772,0.26015
2773,0.356262
2774,0.312252
2775,0.617997
2776,0.570967
2777,0.675392
2778,0.632334
2779,0.85906
2780,0.836625
2781,0.881472
2782,0.865461
2783,0.86493
2784,0.881024
2785,0.659904
2786,0.6002
2787,0.645104
2788,0.338553
2789,0.383197
2790,0.283965
2791,0.324838
2792,0.124534
2793,0.14054
2794,0.107608
2795,0.116761
2796,0.157697
2797,0.13611
2798,0.192498
2799,0.164303
2800,0.414792
2801,0.369039
2802,0.47799
2803,0.430888
2804,0.730409
2805,0.689565
2806,0.77841
2807,0.538414
2808,0.585566
2809,0.47521
2810,0.521381
2811,0.233146
2812,0.269065
2813,0.188963
2814,0.221558
2815,0.101996
2816,0.105988
2817,0.108961
2818,0.104269
2819,0.234963
2820,0.201739
2821,0.285061
2822,0.246182
2823,0.540515
2824,0.672373
2825,0.411536
2826,0.459312
2827,0.352699
2828,0.397686
2829,0.156534
2830,0.182707
2831,0.129745
2832,0.147715
2833,0.124164
2834,0.11106
2835,0.147985
2836,0.614751
2837,0.659646
2838,0.553556
2839,0.60054
2840,0.296561
2841,0.338792
2842,0.245447
2843,0.283981
2844,0.110376
2845,0.491283
2846,0.538984
2847,0.428883
2848,0.688372
2849,0.732413
2850,0.899239
2851,0.835217
2852,0.862766
2853,0.812629
2854,0.845879
2855,0.792414
2856,0.84859
2857,0.816218
2858,0.901106
2859,0.901685
2860,0.898602
2861,0.904445
2862,0.787337
2863,0.823672
2864,0.756121
2865,0.795439
2866,0.376724
2867,0.672104
2868,0.61929
2869,0.706559
2870,0.658169
2871,0.864851
2872,0.839765
2873,0.881287
2874,0.861294
2875,0.889624
2876,0.900206
2877,0.875424
2878,0.893565
2879,0.722078
2880,0.76615
2881,0.732691
2882,0.17834
2883,0.245748
2884,0.206083
2885,0.471183
2886,0.416293
2887,0.51175
2888,0.45624
2889,0.741889
2890,0.695202
2891,0.77231
2892,0.730457
2893,0.895225
2894,0.880514
2895,0.903867
2896,0.894192
2897,0.857841
2898,0.880221
2899,0.835772
2900,0.863345
2901,0.140163
2902,0.111372
2903,0.099966
2904,0.124853
2905,0.105382
2906,0.278758
2907,0.23415
2908,0.313826
2909,0.267285
2910,0.552123
2911,0.497664
2912,0.593225
2913,0.539116
2914,0.803727
2915,0.764232
2916,0.828854
2917,0.791578
2918,0.905769
2919,0.899344
2920,0.902066
2921,0.902235
2922,0.812426
2923,0.845449
2924,0.786055
2925,0.82166
2926,0.229286
2927,0.270774
2928,0.105354
2929,0.119782
2930,0.095452
2931,0.10464
2932,0.141816
2933,0.119398
2934,0.164158
2935,0.136796
2936,0.350955
2937,0.301661
2938,0.390162
2939,0.338485
2940,0.633462
2941,0.580071
2942,0.670902
2943,0.617635
2944,0.847596
2945,0.814596
2946,0.864112
2947,0.838493
2948,0.898913
2949,0.904119
2950,0.888628
2951,0.900034
2952,0.754252
2953,0.793917
2954,0.721242
2955,0.76585
2956,0.448346
2957,0.502765
2958,0.407549
2959,0.461514
2960,0.197202
2961,0.236478
2962,0.171021
2963,0.208135
2964,0.093291
2965,0.100069
2966,0.097973
2967,0.097939
2968,0.187725
2969,0.154549
2970,0.21363
2971,0.177183
2972,0.430522
2973,0.375482
2974,0.469539
2975,0.414878
2976,0.704829
2977,0.656896
2978,0.740262
2979,0.694082
2980,0.880264
2981,0.859837
2982,0.894646
2983,0.880218
2984,0.875147
2985,0.894618
2986,0.858184
2987,0.880601
2988,0.732715
2989,0.64927
2990,0.698836
2991,0.610551
2992,0.662152
2993,0.367149
2994,0.420418
2995,0.329035
2996,0.382108
2997,0.151386
2998,0.183789
2999,0.135084
3000,0.160876
3001,0.10112
3002,0.095865
3003,0.110781
3004,0.099857
3005,0.244268
3006,0.204742
3007,0.277558
3008,0.233727
3009,0.510684
3010,0.455655
3011,0.551654
3012,0.497235
3013,0.770714
3014,0.729226
3015,0.802798
3016,0.763522
3017,0.904548
3018,0.89536
3019,0.906709
3020,0.899931
3021,0.835842
3022,0.863204
3023,0.812275
3024,0.845451
3025,0.569974
3026,0.624358
3027,0.52981
3028,0.584341
3029,0.294215
3030,0.342315
3031,0.258666
3032,0.305021
3033,0.119621
3034,0.139977
3035,0.105573
3036,0.119809
3037,0.124364
3038,0.105331
3039,0.141419
3040,0.119583
3041,0.31394
3042,0.267587
3043,0.35073
3044,0.301164
3045,0.592451
3046,0.538486
3047,0.632852
3048,0.579582
3049,0.828979
3050,0.791865
3051,0.848614
3052,0.816211
3053,0.902028
3054,0.902061
3055,0.89888
3056,0.904135
3057,0.78637
3058,0.822817
3059,0.755732
3060,0.795258
3061,0.488656
3062,0.543765
3063,0.447843
3064,0.502491
3065,0.228744
3066,0.270243
3067,0.197034
3068,0.235928
3069,0.095642
3070,0.104844
3071,0.093675
3072,0.100761
3073,0.164783
3074,0.137234
3075,0.187371
3076,0.154121
3077,0.389449
3078,0.337848
3079,0.430026
3080,0.375642
3081,0.670965
3082,0.617892
3083,0.705785
3084,0.657685
3085,0.864916
3086,0.839124
3087,0.880379
3088,0.860023
3089,0.889219
3090,0.900143
3091,0.875636
3092,0.894669
3093,0.722442
3094,0.766273
3095,0.686083
3096,0.649105
3097,0.698441
3098,0.407064
3099,0.460908
3100,0.366509
3101,0.41941
3102,0.170515
3103,0.207586
3104,0.15141
3105,0.183782
3106,0.098894
3107,0.098315
3108,0.101398
3109,0.095555
3110,0.212663
3111,0.176328
3112,0.243879
3113,0.204561
3114,0.47019
3115,0.415658
3116,0.511343
3117,0.456235
3118,0.741334
3119,0.694979
3120,0.771256
3121,0.729756
3122,0.894426
3123,0.880191
3124,0.904358
3125,0.895156
3126,0.858581
3127,0.880417
3128,0.609865
3129,0.661285
3130,0.569049
3131,0.623276
3132,0.327896
3133,0.38071
3134,0.293441
3135,0.341831
3136,0.135149
3137,0.160236
3138,0.118713
3139,0.138706
3140,0.110376
3141,0.099794
3142,0.124576
3143,0.106435
3144,0.277921
3145,0.23385
3146,0.313917
3147,0.267309
3148,0.552157
3149,0.497509
3150,0.592936
3151,0.539092
3152,0.802965
3153,0.764072
3154,0.829485
3155,0.906325
3156,0.528817
3157,0.583707
3158,0.48825
3159,0.54376
3160,0.258111
3161,0.304798
3162,0.22769
3163,0.269543
3164,0.104775
3165,0.119486
3166,0.096133
3167,0.105808
3168,0.142159
3169,0.119779
3170,0.164228
3171,0.136655
3172,0.350895
3173,0.301558
3174,0.390135
3175,0.338715
3176,0.633491
3177,0.58059
3178,0.686174
3179,0.447877
3180,0.502336
3181,0.406775
3182,0.460884
3183,0.196273
3184,0.235768
3185,0.171146
3186,0.208422
3187,0.094231
3188,0.100656
3189,0.097934
3190,0.097765
3191,0.187574
3192,0.154551
3193,0.213944
3194,0.430951
3195,0.649045
3196,0.698339
3197,0.609838
3198,0.661515
3199,0.366538
3200,0.419929
3201,0.329098
3202,0.382365
3203,0.152404
3204,0.185404
3205,0.135888
3206,0.161507
3207,0.101087
3208,0.095881
3209,0.569478
3210,0.624518
3211,0.530461
3212,0.585122
3213,0.295171
3214,0.343104
3215,0.259738
3216,0.305918
3217,0.119736
3218,0.489316
3219,0.544345
3220,0.68606
3221,0.74746
3222,0.723306
3223,0.92055
3224,0.848078
3225,0.878219
3226,0.831011
3227,0.863958
3228,0.878918
3229,0.849404
3230,0.920828
3231,0.922935
3232,0.916346
3233,0.922073
3234,0.813558
3235,0.850602
3236,0.794958
3237,0.832578
3238,0.45999
3239,0.732472
3240,0.680363
3241,0.751744
3242,0.700806
3243,0.889685
3244,0.861743
3245,0.898412
3246,0.872637
3247,0.909381
3248,0.917192
3249,0.898201
3250,0.908515
3251,0.774767
3252,0.815354
3253,0.757453
3254,0.801943
3255,0.321392
3256,0.268961
3257,0.543481
3258,0.482995
3259,0.566353
3260,0.505799
3261,0.769116
3262,0.719977
3263,0.786421
3264,0.738411
3265,0.902664
3266,0.879669
3267,0.904614
3268,0.886193
3269,0.885158
3270,0.901209
3271,0.877558
3272,0.896921
3273,0.740749
3274,0.78724
3275,0.721164
3276,0.768883
3277,0.127944
3278,0.168159
3279,0.136611
3280,0.34274
3281,0.287941
3282,0.364125
3283,0.307512
3284,0.587964
3285,0.527503
3286,0.609651
3287,0.550203
3288,0.800158
3289,0.75524
3290,0.813944
3291,0.77129
3292,0.906393
3293,0.892823
3294,0.907224
3295,0.895963
3296,0.869642
3297,0.889645
3298,0.856003
3299,0.880071
3300,0.750001
3301,0.731039
3302,0.166523
3303,0.09387
3304,0.091732
3305,0.092666
3306,0.084898
3307,0.180536
3308,0.145422
3309,0.193899
3310,0.15661
3311,0.38556
3312,0.327828
3313,0.407566
3314,0.348833
3315,0.630904
3316,0.572116
3317,0.651382
3318,0.594024
3319,0.828181
3320,0.788689
3321,0.840468
3322,0.80374
3323,0.906297
3324,0.898595
3325,0.905527
3326,0.902291
3327,0.843911
3328,0.872056
3329,0.831841
3330,0.863389
3331,0.712059
3332,0.337454
3333,0.263077
3334,0.311854
3335,0.122953
3336,0.145361
3337,0.106704
3338,0.130534
3339,0.093339
3340,0.08408
3341,0.097811
3342,0.085324
3343,0.20888
3344,0.168445
3345,0.225668
3346,0.182966
3347,0.429681
3348,0.370741
3349,0.452379
3350,0.392316
3351,0.67261
3352,0.616324
3353,0.693453
3354,0.638997
3355,0.850602
3356,0.81722
3357,0.860737
3358,0.833477
3359,0.90613
3360,0.908268
3361,0.907334
3362,0.915102
3363,0.819464
3364,0.854578
3365,0.806101
3366,0.84339
3367,0.476073
3368,0.534098
3369,0.44861
3370,0.506108
3371,0.238495
3372,0.286497
3373,0.217305
3374,0.266263
3375,0.099607
3376,0.12149
3377,0.093993
3378,0.111689
3379,0.102369
3380,0.086959
3381,0.109158
3382,0.090795
3383,0.243264
3384,0.198046
3385,0.260526
3386,0.212531
3387,0.474796
3388,0.414832
3389,0.498833
3390,0.439373
3391,0.714418
3392,0.662546
3393,0.736923
3394,0.688146
3395,0.877047
3396,0.854639
3397,0.893296
3398,0.869466
3399,0.906661
3400,0.91592
3401,0.902189
3402,0.914676
3403,0.79112
3404,0.831555
3405,0.774332
3406,0.817034
3407,0.67252
3408,0.646187
3409,0.700027
3410,0.420908
3411,0.480001
3412,0.39665
3413,0.455533
3414,0.203088
3415,0.24805
3416,0.186871
3417,0.229348
3418,0.087294
3419,0.101245
3420,0.081866
3421,0.095139
3422,0.118487
3423,0.09545
3424,0.126038
3425,0.101302
3426,0.280087
3427,0.231005
3428,0.302156
3429,0.25254
3430,0.523927
3431,0.465902
3432,0.55139
3433,0.493892
3434,0.761505
3435,0.713503
3436,0.782695
3437,0.733737
3438,0.900393
3439,0.87851
3440,0.906007
3441,0.888311
3442,0.897631
3443,0.913041
3444,0.890842
3445,0.909205
3446,0.756736
3447,0.801954
3448,0.739474
3449,0.787469
3450,0.621781
3451,0.677451
3452,0.597871
3453,0.654494
3454,0.373569
3455,0.431347
3456,0.350944
3457,0.408324
3458,0.170005
3459,0.211202
3460,0.157396
3461,0.194677
3462,0.079465
3463,0.087356
3464,0.077547
3465,0.083031
3466,0.138085
3467,0.110574
3468,0.151922
3469,0.121781
3470,0.32748
3471,0.276694
3472,0.353813
3473,0.299973
3474,0.579092
3475,0.519999
3476,0.60335
3477,0.544467
3478,0.796912
3479,0.75195
3480,0.813129
3481,0.770652
3482,0.912706
3483,0.898755
3484,0.918134
3485,0.904861
3486,0.881513
3487,0.90455
3488,0.873962
3489,0.898698
3490,0.719914
3491,0.768995
3492,0.573928
3493,0.632074
3494,0.550249
3495,0.609834
3496,0.329166
3497,0.38542
3498,0.307796
3499,0.36263
3500,0.143049
3501,0.178345
3502,0.131497
3503,0.164928
3504,0.077632
3505,0.07945
3506,0.079172
3507,0.077065
3508,0.168989
3509,0.136042
3510,0.186442
3511,0.149398
3512,0.378219
3513,0.322549
3514,0.402129
3515,0.345506
3516,0.626431
3517,0.568653
3518,0.649056
3519,0.591676
3520,0.829995
3521,0.788798
3522,0.842604
3523,0.805323
3524,0.920535
3525,0.912644
3526,0.922453
3527,0.916969
3528,0.861915
3529,0.889426
3530,0.527088
3531,0.586944
3532,0.502988
3533,0.563307
3534,0.286912
3535,0.340829
3536,0.267528
3537,0.319637
3538,0.121082
3539,0.150596
3540,0.110314
3541,0.138257
3542,0.083654
3543,0.077927
3544,0.090619
3545,0.082808
3546,0.205042
3547,0.167422
3548,0.225233
3549,0.184646
3550,0.426072
3551,0.367926
3552,0.449751
3553,0.390166
3554,0.670834
3555,0.61458
3556,0.692204
3557,0.63737
3558,0.856951
3559,0.821655
3560,0.868503
3561,0.835072
3562,0.922368
3563,0.699982
3564,0.479811
3565,0.54001
3566,0.456519
3567,0.517005
3568,0.248256
3569,0.299194
3570,0.230884
3571,0.280023
3572,0.101588
3573,0.127363
3574,0.097336
3575,0.120331
3576,0.101799
3577,0.091485
3578,0.114842
3579,0.098791
3580,0.242547
3581,0.198057
3582,0.259251
3583,0.21276
3584,0.472912
3585,0.413056
3586,0.497012
3587,0.436693
3588,0.713088
3589,0.659171
3590,0.678608
3591,0.65726
3592,0.433647
3593,0.494201
3594,0.412036
3595,0.472497
3596,0.213579
3597,0.261589
3598,0.199842
3599,0.24476
3600,0.095386
3601,0.113807
3602,0.093607
3603,0.107177
3604,0.122441
3605,0.103079
3606,0.130358
3607,0.110355
3608,0.278836
3609,0.231117
3610,0.300018
3611,0.249999
3612,0.520189
3613,0.635876
3614,0.692488
3615,0.61444
3616,0.672172
3617,0.390349
3618,0.449797
3619,0.369096
3620,0.427884
3621,0.186056
3622,0.22871
3623,0.171819
3624,0.211311
3625,0.092776
3626,0.104037
3627,0.093703
3628,0.101405
3629,0.143997
3630,0.119929
3631,0.156089
3632,0.592434
3633,0.651167
3634,0.570319
3635,0.629259
3636,0.348618
3637,0.405976
3638,0.32739
3639,0.383676
3640,0.159532
3641,0.19626
3642,0.149398
3643,0.18278
3644,0.094473
3645,0.097709
3646,0.547621
3647,0.607684
3648,0.525204
3649,0.585168
3650,0.306547
3651,0.361003
3652,0.285582
3653,0.139263
3654,0.501167
3655,0.560627
3656,0.697844
3657,0.746041
3658,0.736512
3659,0.926741
3660,0.841411
3661,0.874363
3662,0.833365
3663,0.867764
3664,0.726981
3665,0.718851
3666,0.903188
3667,0.878032
3668,0.919982
3669,0.925859
3670,0.916847
3671,0.923842
3672,0.826035
3673,0.862669
3674,0.821794
3675,0.859191
3676,0.737194
3677,0.795321
3678,0.746191
3679,0.906496
3680,0.8814
3681,0.907242
3682,0.884376
3683,0.913047
3684,0.923161
3685,0.911053
3686,0.921924
3687,0.815245
3688,0.853515
3689,0.807638
3690,0.846992
3691,0.345521
3692,0.613977
3693,0.552059
3694,0.624175
3695,0.562836
3696,0.802456
3697,0.755037
3698,0.809166
3699,0.763738
3700,0.910019
3701,0.889029
3702,0.911541
3703,0.891817
3704,0.910061
3705,0.922775
3706,0.907079
3707,0.922511
3708,0.800835
3709,0.841273
3710,0.791744
3711,0.83302
3712,0.228361
3713,0.183983
3714,0.416533
3715,0.355754
3716,0.427539
3717,0.366798
3718,0.634554
3719,0.574008
3720,0.645463
3721,0.584777
3722,0.817479
3723,0.772442
3724,0.823152
3725,0.778011
3726,0.914093
3727,0.8963
3728,0.919495
3729,0.903802
3730,0.90573
3731,0.922687
3732,0.901278
3733,0.917659
3734,0.783463
3735,0.825506
3736,0.777829
3737,0.82159
3738,0.090711
3739,0.092174
3740,0.113601
3741,0.091711
3742,0.236818
3743,0.191629
3744,0.245418
3745,0.198437
3746,0.438878
3747,0.377524
3748,0.449351
3749,0.387041
3750,0.655514
3751,0.594263
3752,0.663404
3753,0.603597
3754,0.827622
3755,0.784798
3756,0.835727
3757,0.793864
3758,0.924097
3759,0.907616
3760,0.922671
3761,0.907539
3762,0.893189
3763,0.911177
3764,0.887665
3765,0.907826
3766,0.771639
3767,0.816016
3768,0.763182
3769,0.808371
3770,0.146102
3771,0.183365
3772,0.079471
3773,0.088408
3774,0.077013
3775,0.086687
3776,0.117346
3777,0.09456
3778,0.120367
3779,0.095569
3780,0.254847
3781,0.205822
3782,0.263331
3783,0.215238
3784,0.459176
3785,0.396802
3786,0.468922
3787,0.406479
3788,0.672961
3789,0.613694
3790,0.682489
3791,0.62363
3792,0.843027
3793,0.801514
3794,0.848105
3795,0.807897
3796,0.920927
3797,0.909289
3798,0.920529
3799,0.911592
3800,0.886399
3801,0.908289
3802,0.882654
3803,0.90544
3804,0.754582
3805,0.801563
3806,0.745153
3807,0.794178
3808,0.355821
3809,0.287727
3810,0.344476
3811,0.139876
3812,0.176766
3813,0.136024
3814,0.171935
3815,0.07724
3816,0.083435
3817,0.074175
3818,0.078829
3819,0.124245
3820,0.099468
3821,0.131766
3822,0.105883
3823,0.272296
3824,0.222152
3825,0.280566
3826,0.228829
3827,0.479107
3828,0.416083
3829,0.489673
3830,0.426909
3831,0.692226
3832,0.633582
3833,0.701109
3834,0.644179
3835,0.853898
3836,0.816635
3837,0.860124
3838,0.823234
3839,0.922987
3840,0.913313
3841,0.92276
3842,0.916565
3843,0.879633
3844,0.904431
3845,0.875755
3846,0.900532
3847,0.736669
3848,0.784762
3849,0.727704
3850,0.777848
3851,0.489159
3852,0.551243
3853,0.477268
3854,0.540866
3855,0.279048
3856,0.335836
3857,0.270954
3858,0.325651
3859,0.130613
3860,0.163808
3861,0.122994
3862,0.156577
3863,0.074597
3864,0.078711
3865,0.076079
3866,0.077384
3867,0.137865
3868,0.110114
3869,0.14152
3870,0.111465
3871,0.288528
3872,0.236687
3873,0.29815
3874,0.244217
3875,0.500135
3876,0.437111
3877,0.510841
3878,0.448757
3879,0.712273
3880,0.655524
3881,0.720952
3882,0.664164
3883,0.863976
3884,0.828065
3885,0.869387
3886,0.836192
3887,0.925825
3888,0.921171
3889,0.925403
3890,0.921289
3891,0.868234
3892,0.894117
3893,0.862135
3894,0.889886
3895,0.719434
3896,0.771171
3897,0.763314
3898,0.681827
3899,0.67216
3900,0.467553
3901,0.530421
3902,0.456778
3903,0.520577
3904,0.261427
3905,0.316704
3906,0.252719
3907,0.305912
3908,0.118137
3909,0.150124
3910,0.114156
3911,0.144807
3912,0.076374
3913,0.076522
3914,0.076168
3915,0.073447
3916,0.145693
3917,0.114621
3918,0.15138
3919,0.119439
3920,0.306828
3921,0.253959
3922,0.318173
3923,0.263488
3924,0.522732
3925,0.459133
3926,0.532447
3927,0.469579
3928,0.729046
3929,0.674349
3930,0.738573
3931,0.683296
3932,0.877006
3933,0.843423
3934,0.881863
3935,0.849876
3936,0.923921
3937,0.922616
3938,0.923626
3939,0.923478
3940,0.858481
3941,0.888535
3942,0.854307
3943,0.885379
3944,0.755783
3945,0.66218
3946,0.653594
3947,0.710292
3948,0.446964
3949,0.509212
3950,0.435601
3951,0.498898
3952,0.243072
3953,0.297165
3954,0.235298
3955,0.287182
3956,0.110101
3957,0.139235
3958,0.106035
3959,0.135089
3960,0.075592
3961,0.074727
3962,0.078423
3963,0.073259
3964,0.158589
3965,0.125637
3966,0.166636
3967,0.132236
3968,0.32784
3969,0.27302
3970,0.33782
3971,0.281149
3972,0.543221
3973,0.479423
3974,0.553036
3975,0.490788
3976,0.747281
3977,0.694088
3978,0.756928
3979,0.702835
3980,0.885844
3981,0.855193
3982,0.889899
3983,0.860765
3984,0.923832
3985,0.926553
3986,0.924408
3987,0.925273
3988,0.84862
3989,0.880561
3990,0.642381
3991,0.699994
3992,0.632748
3993,0.69152
3994,0.425534
3995,0.48833
3996,0.41472
3997,0.477393
3998,0.227293
3999,0.279425
4000,0.221323
4001,0.271979
4002,0.103223
4003,0.129837
4004,0.096812
4005,0.121968
4006,0.080018
4007,0.074141
4008,0.083153
4009,0.076158
4010,0.173965
4011,0.137331
4012,0.178206
4013,0.14081
4014,0.346406
4015,0.289708
4016,0.357619
4017,0.300005
4018,0.564399
4019,0.501101
4020,0.574466
4021,0.51167
4022,0.764702
4023,0.712818
4024,0.772707
4025,0.720575
4026,0.893965
4027,0.864911
4028,0.896776
4029,0.870163
4030,0.921577
4031,0.62247
4032,0.680827
4033,0.612145
4034,0.671545
4035,0.404967
4036,0.467735
4037,0.395891
4038,0.458138
4039,0.214155
4040,0.262806
4041,0.204679
4042,0.253809
4043,0.093504
4044,0.1186
4045,0.092758
4046,0.115624
4047,0.086953
4048,0.076839
4049,0.088947
4050,0.078076
4051,0.184755
4052,0.146484
4053,0.192362
4054,0.153008
4055,0.367252
4056,0.30848
4057,0.37753
4058,0.319173
4059,0.58528
4060,0.522607
4061,0.595033
4062,0.532265
4063,0.778677
4064,0.728021
4065,0.785845
4066,0.602687
4067,0.662976
4068,0.593448
4069,0.654479
4070,0.386023
4071,0.447941
4072,0.375825
4073,0.437164
4074,0.197544
4075,0.244963
4076,0.190834
4077,0.236262
4078,0.089981
4079,0.110971
4080,0.088459
4081,0.108183
4082,0.089939
4083,0.077225
4084,0.092921
4085,0.077489
4086,0.199165
4087,0.158727
4088,0.208256
4089,0.16698
4090,0.387855
4091,0.328455
4092,0.397313
4093,0.337023
4094,0.604109
4095,0.541862
4096,0.583467
4097,0.644246
4098,0.572461
4099,0.633202
4100,0.365446
4101,0.425992
4102,0.354537
4103,0.415223
4104,0.182521
4105,0.227558
4106,0.176848
4107,0.221989
4108,0.085907
4109,0.1037
4110,0.080505
4111,0.096198
4112,0.09427
4113,0.077313
4114,0.098722
4115,0.082341
4116,0.216537
4117,0.174494
4118,0.222171
4119,0.17841
4120,0.406552
4121,0.561122
4122,0.622476
4123,0.550649
4124,0.612959
4125,0.344486
4126,0.405737
4127,0.336596
4128,0.396403
4129,0.172378
4130,0.215203
4131,0.164274
4132,0.206136
4133,0.075903
4134,0.092384
4135,0.077329
4136,0.092461
4137,0.106811
4138,0.088823
4139,0.540824
4140,0.603198
4141,0.531078
4142,0.593521
4143,0.327039
4144,0.386306
4145,0.317511
4146,0.37637
4147,0.156973
4148,0.198486
4149,0.151895
4150,0.192103
4151,0.079073
4152,0.520894
4153,0.583917
4154,0.510327
4155,0.573091
4156,0.307774
4157,0.366418
4158,0.298891
4159,0.711472
4160,0.70185
4161,0.499866
4162,0.562889
4163,0.693172
4164,0.788688
4165,0.799814
4166,0.781129
4167,0.891052
4168,0.872586
4169,0.878634
4170,0.697439
4171,0.712529
4172,0.259799
4173,0.527688
4174,0.658324
4175,0.642865
4176,0.85749
4177,0.850987
4178,0.890433
4179,0.888369
4180,0.821571
4181,0.831805
4182,0.741213
4183,0.755468
4184,0.113626
4185,0.161446
4186,0.153044
4187,0.378063
4188,0.362203
4189,0.494325
4190,0.477438
4191,0.758641
4192,0.744142
4193,0.833505
4194,0.823326
4195,0.8877
4196,0.889068
4197,0.848526
4198,0.855523
4199,0.267952
4200,0.282718
4201,0.115323
4202,0.11912
4203,0.109408
4204,0.108206
4205,0.233802
4206,0.220869
4207,0.33112
4208,0.315115
4209,0.610591
4210,0.593082
4211,0.715645
4212,0.701306
4213,0.87987
4214,0.873908
4215,0.890208
4216,0.889132
4217,0.778792
4218,0.788781
4219,0.698095
4220,0.538749
4221,0.55572
4222,0.421667
4223,0.438925
4224,0.184922
4225,0.19622
4226,0.13038
4227,0.135674
4228,0.137278
4229,0.131209
4230,0.19792
4231,0.187048
4232,0.44278
4233,0.426073
4234,0.559868
4235,0.542293
4236,0.802174
4237,0.790402
4238,0.862566
4239,0.856339
4240,0.865636
4241,0.872281
4242,0.811839
4243,0.822015
4244,0.589279
4245,0.606644
4246,0.312197
4247,0.32758
4248,0.218637
4249,0.232028
4250,0.107818
4251,0.109605
4252,0.12076
4253,0.116912
4254,0.285935
4255,0.271237
4256,0.392043
4257,0.376457
4258,0.671078
4259,0.657092
4260,0.769034
4261,0.757295
4262,0.889474
4263,0.888822
4264,0.88295
4265,0.886374
4266,0.727096
4267,0.740201
4268,0.47292
4269,0.490556
4270,0.359218
4271,0.374267
4272,0.151589
4273,0.159355
4274,0.113188
4275,0.11581
4276,0.168685
4277,0.160758
4278,0.245225
4279,0.23278
4280,0.509817
4281,0.493269
4282,0.626657
4283,0.611377
4284,0.841241
4285,0.833603
4286,0.884677
4287,0.88088
4288,0.838554
4289,0.846956
4290,0.766198
4291,0.779131
4292,0.639372
4293,0.654902
4294,0.523363
4295,0.539762
4296,0.256457
4297,0.269134
4298,0.175654
4299,0.185463
4300,0.111814
4301,0.110391
4302,0.144509
4303,0.13844
4304,0.345922
4305,0.331908
4306,0.461251
4307,0.44428
4308,0.732048
4309,0.717282
4310,0.815077
4311,0.80378
4312,0.890592
4313,0.891794
4314,0.862722
4315,0.868791
4316,0.683586
4317,0.406055
4318,0.42217
4319,0.297259
4320,0.313092
4321,0.126246
4322,0.13325
4323,0.110596
4324,0.108948
4325,0.211312
4326,0.200186
4327,0.302561
4328,0.287471
4329,0.578333
4330,0.561075
4331,0.687803
4332,0.67242
4333,0.86962
4334,0.864326
4335,0.892182
4336,0.890395
4337,0.80208
4338,0.812952
4339,0.714065
4340,0.728763
4341,0.572303
4342,0.589565
4343,0.456191
4344,0.472312
4345,0.209288
4346,0.218871
4347,0.14251
4348,0.149013
4349,0.127414
4350,0.121366
4351,0.178429
4352,0.168195
4353,0.410721
4354,0.393356
4355,0.52708
4356,0.509444
4357,0.781363
4358,0.767972
4359,0.848411
4360,0.840646
4361,0.87924
4362,0.883088
4363,0.831315
4364,0.839242
4365,0.621937
4366,0.637797
4367,0.341676
4368,0.357134
4369,0.241359
4370,0.255858
4371,0.109567
4372,0.111631
4373,0.1123
4374,0.110932
4375,0.258787
4376,0.244532
4377,0.360628
4378,0.345098
4379,0.640782
4380,0.625733
4381,0.743543
4382,0.730866
4383,0.886812
4384,0.88419
4385,0.888186
4386,0.889609
4387,0.754775
4388,0.76722
4389,0.505675
4390,0.522562
4391,0.389409
4392,0.406918
4393,0.166495
4394,0.176674
4395,0.12013
4396,0.126092
4397,0.151474
4398,0.144477
4399,0.221208
4400,0.211219
4401,0.476637
4402,0.460238
4403,0.593945
4404,0.57783
4405,0.824346
4406,0.814537
4407,0.873754
4408,0.86675
4409,0.855491
4410,0.86156
4411,0.66888
4412,0.684885
4413,0.55722
4414,0.573927
4415,0.284355
4416,0.298694
4417,0.197825
4418,0.209598
4419,0.109792
4420,0.110868
4421,0.134364
4422,0.127719
4423,0.316414
4424,0.301905
4425,0.427697
4426,0.410435
4427,0.702741
4428,0.686908
4429,0.790712
4430,0.889404
4431,0.440132
4432,0.457707
4433,0.328922
4434,0.342908
4435,0.137434
4436,0.143661
4437,0.110526
4438,0.111178
4439,0.188161
4440,0.177985
4441,0.272904
4442,0.543809
4443,0.607957
4444,0.623543
4445,0.490183
4446,0.506731
4447,0.230966
4448,0.242705
4449,0.158759
4450,0.166397
4451,0.11705
4452,0.654078
4453,0.668092
4454,0.373343
4455,0.388623
4456,0.80782
4457,0.82168
4458,0.905765
4459,0.883923
4460,0.891624
4461,0.714916
4462,0.739225
4463,0.712057
4464,0.685622
4465,0.881156
4466,0.868865
4467,0.901937
4468,0.896266
4469,0.841761
4470,0.857495
4471,0.785624
4472,0.80782
4473,0.19218
4474,0.45409
4475,0.423602
4476,0.543532
4477,0.513937
4478,0.783216
4479,0.760591
4480,0.839914
4481,0.82168
4482,0.902521
4483,0.905766
4484,0.883923
4485,0.891624
4486,0.714916
4487,0.739225
4488,0.17832
4489,0.094235
4490,0.116077
4491,0.108376
4492,0.285084
4493,0.260775
4494,0.366875
4495,0.338172
4496,0.631782
4497,0.602396
4498,0.712057
4499,0.685623
4500,0.881156
4501,0.868866
4502,0.901937
4503,0.896266
4504,0.841761
4505,0.857494
4506,0.785624
4507,0.80782
4508,0.287943
4509,0.314378
4510,0.118844
4511,0.131134
4512,0.098063
4513,0.103734
4514,0.158239
4515,0.142506
4516,0.214376
4517,0.19218
4518,0.45409
4519,0.423603
4520,0.543532
4521,0.513937
4522,0.783216
4523,0.760591
4524,0.839914
4525,0.82168
4526,0.902521
4527,0.905765
4528,0.883923
4529,0.891624
4530,0.714915
4531,0.739225
4532,0.54591
4533,0.576397
4534,0.456468
4535,0.486063
4536,0.216784
4537,0.239409
4538,0.160086
4539,0.17832
4540,0.097479
4541,0.094234
4542,0.116077
4543,0.108376
4544,0.285084
4545,0.260775
4546,0.366875
4547,0.338172
4548,0.631782
4549,0.602396
4550,0.712057
4551,0.685622
4552,0.881156
4553,0.868866
4554,0.901937
4555,0.896266
4556,0.841761
4557,0.857494
4558,0.785624
4559,0.633125
4560,0.661828
4561,0.368218
4562,0.397604
4563,0.287943
4564,0.314378
4565,0.118843
4566,0.131134
4567,0.098063
4568,0.103734
4569,0.158239
4570,0.142506
4571,0.214376
4572,0.19218
4573,0.45409
4574,0.423602
4575,0.543531
4576,0.513937
4577,0.783216
4578,0.760591
4579,0.839914
4580,0.902521
4581,0.54591
4582,0.576398
4583,0.456468
4584,0.486063
4585,0.216784
4586,0.239409
4587,0.160086
4588,0.17832
4589,0.097479
4590,0.094234
4591,0.116077
4592,0.108376
4593,0.285084
4594,0.260775
4595,0.366875
4596,0.338172
4597,0.631782
4598,0.602396
4599,0.633125
4600,0.661828
4601,0.368218
4602,0.397604
4603,0.287943
4604,0.314378
4605,0.118844
4606,0.131134
4607,0.098063
4608,0.103734
4609,0.158239
4610,0.142506
4611,0.214376
4612,0.54591
4613,0.576397
4614,0.456468
4615,0.486063
4616,0.216784
4617,0.239409
4618,0.160086
4619,0.097479
4620,0.633125
4621,0.661828
4622,0.368218
4623,0.397604
4624,0.815289
4625,0.906936
4626,0.885162
4627,0.896673
4628,0.739285
4629,0.769614
4630,0.716407
4631,0.754906
4632,0.7212
4633,0.891985
4634,0.877326
4635,0.903788
4636,0.896795
4637,0.858276
4638,0.876211
4639,0.823032
4640,0.844646
4641,0.250829
4642,0.481907
4643,0.587194
4644,0.547254
4645,0.800564
4646,0.771527
4647,0.839735
4648,0.818448
4649,0.906965
4650,0.906637
4651,0.898755
4652,0.905155
4653,0.777837
4654,0.804737
4655,0.726164
4656,0.758977
4657,0.154977
4658,0.135729
4659,0.341616
4660,0.304937
4661,0.403159
4662,0.365496
4663,0.650463
4664,0.613599
4665,0.71141
4666,0.677499
4667,0.873817
4668,0.85677
4669,0.896338
4670,0.884373
4671,0.878864
4672,0.892922
4673,0.85222
4674,0.87124
4675,0.705405
4676,0.208738
4677,0.0943
4678,0.098056
4679,0.094898
4680,0.092137
4681,0.193088
4682,0.168003
4683,0.239866
4684,0.211086
4685,0.469783
4686,0.43153
4687,0.53756
4688,0.497821
4689,0.766891
4690,0.735693
4691,0.813214
4692,0.786388
4693,0.907439
4694,0.902969
4695,0.908512
4696,0.909359
4697,0.813714
4698,0.837411
4699,0.769717
4700,0.798556
4701,0.426608
4702,0.325386
4703,0.361644
4704,0.145723
4705,0.165798
4706,0.116769
4707,0.129591
4708,0.106004
4709,0.097417
4710,0.129374
4711,0.115168
4712,0.296088
4713,0.262626
4714,0.355917
4715,0.319447
4716,0.603116
4717,0.563619
4718,0.66527
4719,0.626229
4720,0.852203
4721,0.828298
4722,0.879117
4723,0.860671
4724,0.897505
4725,0.903973
4726,0.876152
4727,0.888942
4728,0.717605
4729,0.749171
4730,0.570748
4731,0.609601
4732,0.504317
4733,0.543403
4734,0.266415
4735,0.299257
4736,0.213077
4737,0.243054
4738,0.09728
4739,0.106221
4740,0.092328
4741,0.096452
4742,0.162994
4743,0.142351
4744,0.20287
4745,0.175266
4746,0.418933
4747,0.378798
4748,0.482558
4749,0.441388
4750,0.721565
4751,0.685316
4752,0.772334
4753,0.742179
4754,0.897133
4755,0.884963
4756,0.9057
4757,0.901944
4758,0.845023
4759,0.864271
4760,0.806912
4761,0.831997
4762,0.681842
4763,0.436581
4764,0.476052
4765,0.371622
4766,0.410529
4767,0.170269
4768,0.197121
4769,0.138715
4770,0.159033
4771,0.097905
4772,0.092553
4773,0.108397
4774,0.098462
4775,0.249495
4776,0.217757
4777,0.303972
4778,0.271193
4779,0.5467
4780,0.507043
4781,0.612104
4782,0.573392
4783,0.816836
4784,0.791262
4785,0.854277
4786,0.834202
4787,0.905102
4788,0.907863
4789,0.893996
4790,0.902583
4791,0.760134
4792,0.788914
4793,0.703912
4794,0.737374
4795,0.61944
4796,0.656572
4797,0.554894
4798,0.59419
4799,0.311032
4800,0.347232
4801,0.255801
4802,0.289696
4803,0.113568
4804,0.126627
4805,0.095179
4806,0.102281
4807,0.133332
4808,0.117597
4809,0.167395
4810,0.145927
4811,0.364913
4812,0.327979
4813,0.429252
4814,0.390399
4815,0.674614
4816,0.638356
4817,0.733585
4818,0.700743
4819,0.883231
4820,0.870409
4821,0.90272
4822,0.893779
4823,0.870626
4824,0.884832
4825,0.837006
4826,0.857649
4827,0.489251
4828,0.529927
4829,0.424838
4830,0.46501
4831,0.207845
4832,0.236873
4833,0.165001
4834,0.188574
4835,0.090029
4836,0.092521
4837,0.096995
4838,0.093064
4839,0.210128
4840,0.184711
4841,0.260715
4842,0.230386
4843,0.495683
4844,0.456597
4845,0.563419
4846,0.523948
4847,0.786923
4848,0.756946
4849,0.829731
4850,0.802879
4851,0.907672
4852,0.903548
4853,0.902095
4854,0.907447
4855,0.79713
4856,0.824734
4857,0.750505
4858,0.782243
4859,0.67007
4860,0.609019
4861,0.64707
4862,0.362265
4863,0.400306
4864,0.30084
4865,0.336694
4866,0.130205
4867,0.149353
4868,0.108015
4869,0.122674
4870,0.114838
4871,0.103327
4872,0.141724
4873,0.123788
4874,0.318157
4875,0.283593
4876,0.38056
4877,0.343428
4878,0.628378
4879,0.589471
4880,0.688968
4881,0.652768
4882,0.861285
4883,0.840967
4884,0.886432
4885,0.873373
4886,0.891603
4887,0.901538
4888,0.866668
4889,0.882403
4890,0.728807
4891,0.544387
4892,0.583758
4893,0.478061
4894,0.518093
4895,0.245094
4896,0.278799
4897,0.199436
4898,0.228473
4899,0.096212
4900,0.103205
4901,0.093035
4902,0.093363
4903,0.176968
4904,0.155354
4905,0.222163
4906,0.195263
4907,0.445106
4908,0.40581
4909,0.510749
4910,0.470073
4911,0.744199
4912,0.710304
4913,0.792155
4914,0.763127
4915,0.904821
4916,0.897719
4917,0.909971
4918,0.907479
4919,0.832605
4920,0.854073
4921,0.789872
4922,0.658384
4923,0.695063
4924,0.412806
4925,0.452746
4926,0.349537
4927,0.386401
4928,0.160265
4929,0.181552
4930,0.126183
4931,0.14323
4932,0.101245
4933,0.094845
4934,0.121136
4935,0.107078
4936,0.273836
4937,0.241022
4938,0.32993
4939,0.294595
4940,0.575162
4941,0.53499
4942,0.637735
4943,0.599694
4944,0.834999
4945,0.811426
4946,0.869795
4947,0.850647
4948,0.903005
4949,0.596841
4950,0.634504
4951,0.530217
4952,0.56847
4953,0.28859
4954,0.322501
4955,0.233109
4956,0.264307
4957,0.103662
4958,0.115627
4959,0.092561
4960,0.09703
4961,0.14778
4962,0.12876
4963,0.186286
4964,0.162588
4965,0.390981
4966,0.35293
4967,0.455613
4968,0.416242
4969,0.69916
4970,0.663306
4971,0.46244
4972,0.502179
4973,0.396884
4974,0.436381
4975,0.186786
4976,0.213612
4977,0.147797
4978,0.171702
4979,0.091488
4980,0.090641
4981,0.102495
4982,0.096027
4983,0.230283
4984,0.201444
4985,0.282395
4986,0.521939
4987,0.644083
4988,0.680553
4989,0.581067
4990,0.621202
4991,0.33473
4992,0.373771
4993,0.278435
4994,0.314684
4995,0.120883
4996,0.139329
4997,0.102867
4998,0.115037
4999,0.123848
5000,0.111059
5001,0.517442
5002,0.558612
5003,0.4533
5004,0.492957
5005,0.227666
5006,0.257821
5007,0.183164
5008,0.696028
5009,0.635087
5010,0.672021
5011,0.387896
5012,0.825299
5013,0.918126
5014,0.894922
5015,0.909432
5016,0.759031
5017,0.793935
5018,0.721538
5019,0.761357
5020,0.76091
5021,0.911088
5022,0.898585
5023,0.920521
5024,0.912827
5025,0.877129
5026,0.897162
5027,0.855018
5028,0.878396
5029,0.72218
5030,0.549039
5031,0.639603
5032,0.594611
5033,0.82842
5034,0.795364
5035,0.856398
5036,0.82808
5037,0.923614
5038,0.921191
5039,0.920844
5040,0.923055
5041,0.827382
5042,0.85396
5043,0.793424
5044,0.174702
5045,0.409785
5046,0.364558
5047,0.456329
5048,0.409541
5049,0.681836
5050,0.639194
5051,0.722791
5052,0.681922
5053,0.87943
5054,0.856248
5055,0.898187
5056,0.878358
5057,0.90956
5058,0.081874
5059,0.105078
5060,0.090568
5061,0.240969
5062,0.206065
5063,0.278462
5064,0.238643
5065,0.502657
5066,0.455429
5067,0.549067
5068,0.502392
5069,0.761561
5070,0.722251
5071,0.794747
5072,0.23909
5073,0.088912
5074,0.101415
5075,0.079479
5076,0.087173
5077,0.122871
5078,0.102837
5079,0.144982
5080,0.121604
5081,0.319452
5082,0.27782
5083,0.363725
5084,0.32048
5085,0.594681
5086,0.45096
5087,0.360397
5088,0.40539
5089,0.17158
5090,0.204636
5091,0.143602
5092,0.17192
5093,0.076386
5094,0.078809
5095,0.079156
5096,0.076945
5097,0.172618
5098,0.14604
5099,0.206576
5100,0.590215
5101,0.635442
5102,0.543671
5103,0.590459
5104,0.318164
5105,0.360806
5106,0.27721
5107,0.318078
5108,0.120569
5109,0.143752
5110,0.101812
5111,0.121642
5112,0.09044
5113,0.497343
5114,0.544572
5115,0.450933
5116,0.497608
5117,0.238439
5118,0.277749
5119,0.205253
5120,0.680548
5121,0.636275
5122,0.67952
5123,0.40532
5124,0.825008
5125,0.920633
5126,0.894403
5127,0.911411
5128,0.766646
5129,0.804017
5130,0.741332
5131,0.782149
5132,0.806962
5133,0.925549
5134,0.914735
5135,0.928337
5136,0.922233
5137,0.880948
5138,0.901242
5139,0.865072
5140,0.888428
5141,0.716246
5142,0.759211
5143,0.734023
5144,0.700213
5145,0.653785
5146,0.859516
5147,0.827798
5148,0.874525
5149,0.846363
5150,0.926695
5151,0.923398
5152,0.92251
5153,0.923872
5154,0.849332
5155,0.877245
5156,0.831497
5157,0.860935
5158,0.240789
5159,0.440317
5160,0.523148
5161,0.47067
5162,0.72756
5163,0.681945
5164,0.753943
5165,0.711088
5166,0.887505
5167,0.863533
5168,0.898827
5169,0.878396
5170,0.920153
5171,0.926017
5172,0.91371
5173,0.924822
5174,0.810806
5175,0.843766
5176,0.78901
5177,0.825008
5178,0.150668
5179,0.122755
5180,0.31137
5181,0.265977
5182,0.339866
5183,0.293415
5184,0.553303
5185,0.502053
5186,0.585031
5187,0.533257
5188,0.779269
5189,0.737271
5190,0.800581
5191,0.761761
5192,0.909283
5193,0.892526
5194,0.919138
5195,0.905856
5196,0.906613
5197,0.920633
5198,0.894403
5199,0.911411
5200,0.766647
5201,0.804017
5202,0.741332
5203,0.782149
5204,0.076128
5205,0.079847
5206,0.073983
5207,0.168503
5208,0.139065
5209,0.189194
5210,0.156234
5211,0.369754
5212,0.321403
5213,0.399829
5214,0.349413
5215,0.6147
5216,0.563689
5217,0.644344
5218,0.594422
5219,0.821965
5220,0.785015
5221,0.841071
5222,0.806962
5223,0.925549
5224,0.914735
5225,0.928336
5226,0.922233
5227,0.880948
5228,0.901242
5229,0.865072
5230,0.888428
5231,0.716246
5232,0.759211
5233,0.734023
5234,0.220732
5235,0.262729
5236,0.101173
5237,0.121604
5238,0.090717
5239,0.107474
5240,0.08629
5241,0.075178
5242,0.093387
5243,0.079367
5244,0.21099
5245,0.174992
5246,0.233354
5247,0.195983
5248,0.429792
5249,0.379694
5250,0.4612
5251,0.409165
5252,0.673116
5253,0.623528
5254,0.700213
5255,0.653785
5256,0.859516
5257,0.827798
5258,0.874525
5259,0.846363
5260,0.926695
5261,0.923398
5262,0.92251
5263,0.923872
5264,0.849332
5265,0.877245
5266,0.831497
5267,0.860935
5268,0.466743
5269,0.3853
5270,0.436311
5271,0.199419
5272,0.238239
5273,0.178035
5274,0.214985
5275,0.080862
5276,0.094144
5277,0.074451
5278,0.085265
5279,0.105597
5280,0.088589
5281,0.119052
5282,0.098758
5283,0.258668
5284,0.217851
5285,0.283754
5286,0.240789
5287,0.491694
5288,0.440317
5289,0.523148
5290,0.47067
5291,0.72756
5292,0.681945
5293,0.753942
5294,0.711088
5295,0.887505
5296,0.863533
5297,0.898827
5298,0.878396
5299,0.920153
5300,0.926017
5301,0.91371
5302,0.924822
5303,0.810806
5304,0.843766
5305,0.78901
5306,0.825008
5307,0.600172
5308,0.650587
5309,0.570208
5310,0.620306
5311,0.355656
5312,0.405578
5313,0.326884
5314,0.376472
5315,0.158929
5316,0.193038
5317,0.140484
5318,0.172202
5319,0.071663
5320,0.077767
5321,0.073305
5322,0.076601
5323,0.134928
5324,0.111572
5325,0.150668
5326,0.122755
5327,0.31137
5328,0.265977
5329,0.339866
5330,0.293415
5331,0.553303
5332,0.502053
5333,0.585031
5334,0.533257
5335,0.779269
5336,0.737271
5337,0.800581
5338,0.761761
5339,0.909283
5340,0.892526
5341,0.919138
5342,0.905856
5343,0.906613
5344,0.920633
5345,0.894403
5346,0.911411
5347,0.766646
5348,0.804017
5349,0.741332
5350,0.782149
5351,0.538799
5352,0.590835
5353,0.508306
5354,0.559683
5355,0.299787
5356,0.346215
5357,0.27244
5358,0.318055
5359,0.125475
5360,0.153637
5361,0.112495
5362,0.136467
5363,0.07749
5364,0.076128
5365,0.079847
5366,0.073983
5367,0.168503
5368,0.139065
5369,0.189194
5370,0.156234
5371,0.369754
5372,0.321403
5373,0.399828
5374,0.349413
5375,0.6147
5376,0.563689
5377,0.644344
5378,0.594422
5379,0.821965
5380,0.785015
5381,0.841071
5382,0.806962
5383,0.925549
5384,0.914735
5385,0.928336
5386,0.922233
5387,0.880948
5388,0.901242
5389,0.865072
5390,0.888428
5391,0.716246
5392,0.759211
5393,0.734023
5394,0.688631
5395,0.476852
5396,0.52933
5397,0.446697
5398,0.497947
5399,0.246058
5400,0.288912
5401,0.220732
5402,0.262729
5403,0.101173
5404,0.121604
5405,0.090717
5406,0.107474
5407,0.08629
5408,0.075178
5409,0.093387
5410,0.079367
5411,0.21099
5412,0.174992
5413,0.233354
5414,0.195983
5415,0.429792
5416,0.379694
5417,0.461201
5418,0.409165
5419,0.673116
5420,0.623528
5421,0.700214
5422,0.653785
5423,0.859516
5424,0.827798
5425,0.874525
5426,0.846363
5427,0.926695
5428,0.923398
5429,0.92251
5430,0.923872
5431,0.849332
5432,0.877245
5433,0.831497
5434,0.860935
5435,0.660134
5436,0.706585
5437,0.630246
5438,0.678597
5439,0.414969
5440,0.466743
5441,0.3853
5442,0.436311
5443,0.199419
5444,0.238239
5445,0.178035
5446,0.214985
5447,0.080862
5448,0.094144
5449,0.074451
5450,0.085265
5451,0.105597
5452,0.088589
5453,0.119052
5454,0.098758
5455,0.258668
5456,0.217851
5457,0.283754
5458,0.240789
5459,0.491694
5460,0.440317
5461,0.523148
5462,0.47067
5463,0.72756
5464,0.681945
5465,0.753943
5466,0.711088
5467,0.887505
5468,0.863533
5469,0.898827
5470,0.878396
5471,0.920153
5472,0.926017
5473,0.91371
5474,0.924822
5475,0.810806
5476,0.843766
5477,0.78901
5478,0.600172
5479,0.650587
5480,0.570208
5481,0.620306
5482,0.355656
5483,0.405578
5484,0.326884
5485,0.376472
5486,0.158929
5487,0.193038
5488,0.140484
5489,0.172202
5490,0.071663
5491,0.077767
5492,0.073305
5493,0.076601
5494,0.134928
5495,0.111572
5496,0.150668
5497,0.122755
5498,0.311369
5499,0.265977
5500,0.339866
5501,0.293415
5502,0.553303
5503,0.502053
5504,0.585031
5505,0.533258
5506,0.779269
5507,0.737271
5508,0.800581
5509,0.761762
5510,0.909283
5511,0.892526
5512,0.919138
5513,0.905856
5514,0.906613
5515,0.5388
5516,0.590835
5517,0.508306
5518,0.559683
5519,0.299786
5520,0.346215
5521,0.27244
5522,0.318055
5523,0.125475
5524,0.153637
5525,0.112495
5526,0.136467
5527,0.07749
5528,0.076128
5529,0.079847
5530,0.073983
5531,0.168503
5532,0.139065
5533,0.189195
5534,0.156234
5535,0.369754
5536,0.321403
5537,0.399829
5538,0.349413
5539,0.6147
5540,0.563689
5541,0.644344
5542,0.594422
5543,0.821965
5544,0.785015
5545,0.841071
5546,0.68863
5547,0.476852
5548,0.52933
5549,0.446697
5550,0.497947
5551,0.246057
5552,0.288912
5553,0.220731
5554,0.262729
5555,0.101173
5556,0.121604
5557,0.090717
5558,0.107474
5559,0.08629
5560,0.075178
5561,0.093387
5562,0.079367
5563,0.21099
5564,0.174992
5565,0.233354
5566,0.195983
5567,0.429792
5568,0.379694
5569,0.461201
5570,0.409165
5571,0.673116
5572,0.623528
5573,0.660134
5574,0.706585
5575,0.630246
5576,0.678597
5577,0.414969
5578,0.466742
5579,0.3853
5580,0.436311
5581,0.199419
5582,0.238239
5583,0.178035
5584,0.214985
5585,0.080862
5586,0.094144
5587,0.074451
5588,0.085265
5589,0.105596
5590,0.088589
5591,0.119052
5592,0.098758
5593,0.258668
5594,0.217851
5595,0.283754
5596,0.491694
5597,0.600172
5598,0.650587
5599,0.570208
5600,0.620306
5601,0.355656
5602,0.405578
5603,0.326884
5604,0.376472
5605,0.158929
5606,0.193038
5607,0.140484
5608,0.172202
5609,0.071663
5610,0.077767
5611,0.073305
5612,0.076602
5613,0.134928
5614,0.111572
5615,0.538799
5616,0.590835
5617,0.508306
5618,0.559683
5619,0.299787
5620,0.346215
5621,0.27244
5622,0.318055
5623,0.125475
5624,0.153637
5625,0.112495
5626,0.136467
5627,0.07749
5628,0.68863
5629,0.476852
5630,0.52933
5631,0.446697
5632,0.497947
5633,0.246058
5634,0.288912
5635,0.660134
5636,0.706585
5637,0.630246
5638,0.678597
5639,0.414969
5640,0.826336
5641,0.893686
5642,0.913548
5643,0.774216
5644,0.813401
5645,0.760488
5646,0.802218
5647,0.844343
5648,0.932228
5649,0.927222
5650,0.934115
5651,0.930596
5652,0.886499
5653,0.908747
5654,0.87822
5655,0.901007
5656,0.74577
5657,0.7889
5658,0.729452
5659,0.773645
5660,0.753786
5661,0.707831
5662,0.883904
5663,0.855461
5664,0.892821
5665,0.867762
5666,0.933608
5667,0.931735
5668,0.931417
5669,0.932257
5670,0.868499
5671,0.893474
5672,0.858307
5673,0.886303
5674,0.759808
5675,0.74552
5676,0.514813
5677,0.587843
5678,0.5331
5679,0.769434
5680,0.724583
5681,0.784774
5682,0.739765
5683,0.901236
5684,0.876892
5685,0.907991
5686,0.885515
5687,0.929192
5688,0.932907
5689,0.927052
5690,0.933316
5691,0.848109
5692,0.878104
5693,0.837298
5694,0.869278
5695,0.730616
5696,0.173664
5697,0.387721
5698,0.335279
5699,0.405712
5700,0.352374
5701,0.605871
5702,0.551302
5703,0.623967
5704,0.570866
5705,0.796936
5706,0.75442
5707,0.810049
5708,0.769099
5709,0.912908
5710,0.891263
5711,0.916619
5712,0.89805
5713,0.924636
5714,0.932754
5715,0.919799
5716,0.930116
5717,0.827044
5718,0.859877
5719,0.813963
5720,0.848555
5721,0.106314
5722,0.086452
5723,0.225784
5724,0.186599
5725,0.239512
5726,0.197782
5727,0.423713
5728,0.370607
5729,0.443475
5730,0.389019
5731,0.64187
5732,0.588388
5733,0.658243
5734,0.604991
5735,0.821195
5736,0.78125
5737,0.832083
5738,0.794315
5739,0.92189
5740,0.905732
5741,0.926074
5742,0.912295
5743,0.91386
5744,0.927685
5745,0.909269
5746,0.925008
5747,0.801181
5748,0.837393
5749,0.788666
5750,0.155657
5751,0.067772
5752,0.072778
5753,0.065885
5754,0.069404
5755,0.113501
5756,0.091253
5757,0.12178
5758,0.098993
5759,0.254229
5760,0.211101
5761,0.270548
5762,0.226355
5763,0.460968
5764,0.40607
5765,0.47804
5766,0.422861
5767,0.673492
5768,0.622193
5769,0.69019
5770,0.639627
5771,0.843206
5772,0.807592
5773,0.854688
5774,0.821521
5775,0.930654
5776,0.919182
5777,0.932667
5778,0.923304
5779,0.901622
5780,0.91871
5781,0.246214
5782,0.292169
5783,0.116096
5784,0.144539
5785,0.107179
5786,0.132239
5787,0.066392
5788,0.068265
5789,0.068583
5790,0.067743
5791,0.131501
5792,0.106526
5793,0.141693
5794,0.113697
5795,0.286883
5796,0.240192
5797,0.301833
5798,0.25448
5799,0.495861
5800,0.440609
5801,0.513833
5802,0.458775
5803,0.707173
5804,0.656884
5805,0.723143
5806,0.673865
5807,0.866687
5808,0.834059
5809,0.875444
5810,0.485187
5811,0.412157
5812,0.4669
5813,0.230566
5814,0.275417
5815,0.215226
5816,0.260235
5817,0.098764
5818,0.123108
5819,0.092009
5820,0.114485
5821,0.070808
5822,0.067093
5823,0.072948
5824,0.066684
5825,0.151891
5826,0.121896
5827,0.162702
5828,0.130722
5829,0.317679
5830,0.269384
5831,0.334411
5832,0.285409
5833,0.532243
5834,0.47732
5835,0.550556
5836,0.495695
5837,0.738429
5838,0.690713
5839,0.612279
5840,0.664721
5841,0.594288
5842,0.647626
5843,0.394129
5844,0.448698
5845,0.376033
5846,0.429134
5847,0.203064
5848,0.24558
5849,0.189951
5850,0.230901
5851,0.087092
5852,0.108737
5853,0.083381
5854,0.10195
5855,0.075364
5856,0.067246
5857,0.080201
5858,0.069884
5859,0.172956
5860,0.140123
5861,0.186037
5862,0.151445
5863,0.351822
5864,0.301853
5865,0.36944
5866,0.318114
5867,0.569532
5868,0.576287
5869,0.629393
5870,0.556525
5871,0.610981
5872,0.35813
5873,0.411612
5874,0.341757
5875,0.395009
5876,0.178805
5877,0.21875
5878,0.167917
5879,0.205685
5880,0.07811
5881,0.094268
5882,0.073926
5883,0.087705
5884,0.08614
5885,0.072315
5886,0.090731
5887,0.074992
5888,0.198819
5889,0.162607
5890,0.211334
5891,0.539032
5892,0.59393
5893,0.52196
5894,0.577139
5895,0.326507
5896,0.377807
5897,0.30981
5898,0.360373
5899,0.156794
5900,0.192408
5901,0.145311
5902,0.178479
5903,0.069346
5904,0.080818
5905,0.067333
5906,0.076696
5907,0.098378
5908,0.08129
5909,0.713118
5910,0.698167
5911,0.504139
5912,0.559391
5913,0.486167
5914,0.541225
5915,0.292827
5916,0.343116
5917,0.276857
5918,0.326135
5919,0.133313
5920,0.165941
5921,0.124556
5922,0.682321
5923,0.665589
5924,0.714591
5925,0.467757
5926,0.52268
5927,0.449444
5928,0.504305
5929,0.261571
5930,0.309287
5931,0.648178
5932,0.698147
5933,0.63056
5934,0.681886
5935,0.430468
5936,0.897776
5937,0.765263
5938,0.900126
5939,0.896101
5940,0.852965
5941,0.857681
5942,0.784962
5943,0.793796
5944,0.543551
5945,0.528193
5946,0.77921
5947,0.767335
5948,0.844863
5949,0.836461
5950,0.899421
5951,0.899593
5952,0.869566
5953,0.874089
5954,0.707691
5955,0.117057
5956,0.276291
5957,0.389393
5958,0.374918
5959,0.650044
5960,0.63585
5961,0.745395
5962,0.73559
5963,0.886323
5964,0.883109
5965,0.900502
5966,0.90197
5967,0.811653
5968,0.820227
5969,0.731273
5970,0.743698
5971,0.271051
5972,0.115635
5973,0.094285
5974,0.094038
5975,0.174435
5976,0.164882
5977,0.251483
5978,0.239788
5979,0.498823
5980,0.484757
5981,0.609362
5982,0.595699
5983,0.822839
5984,0.814851
5985,0.876846
5986,0.872827
5987,0.883146
5988,0.88825
5989,0.83706
5990,0.845554
5991,0.522921
5992,0.398514
5993,0.412054
5994,0.181789
5995,0.189687
5996,0.124161
5997,0.128773
5998,0.105623
5999,0.100455
6000,0.148274
6001,0.141348
6002,0.348548
6003,0.335934
6004,0.45703
6005,0.444109
6006,0.712607
6007,0.701198
6008,0.798961
6009,0.789745
6010,0.902641
6011,0.900372
6012,0.895537
6013,0.897614
6014,0.766447
6015,0.775811
6016,0.658638
6017,0.671876
6018,0.551175
6019,0.564814
6020,0.294866
6021,0.30631
6022,0.206508
6023,0.216178
6024,0.094019
6025,0.095836
6026,0.095966
6027,0.09447
6028,0.218719
6029,0.209607
6030,0.31219
6031,0.300683
6032,0.569871
6033,0.5572
6034,0.678606
6035,0.667566
6036,0.860917
6037,0.855973
6038,0.897785
6039,0.895926
6040,0.856531
6041,0.861916
6042,0.792436
6043,0.804046
6044,0.696084
6045,0.438871
6046,0.452746
6047,0.330822
6048,0.344324
6049,0.140824
6050,0.147081
6051,0.100396
6052,0.105212
6053,0.129677
6054,0.125007
6055,0.19336
6056,0.186482
6057,0.418724
6058,0.406988
6059,0.532569
6060,0.520102
6061,0.773089
6062,0.765032
6063,0.845682
6064,0.837156
6065,0.900632
6066,0.903675
6067,0.876389
6068,0.882943
6069,0.71013
6070,0.723709
6071,0.591163
6072,0.605314
6073,0.48075
6074,0.496352
6075,0.237087
6076,0.249845
6077,0.164512
6078,0.173637
6079,0.094043
6080,0.095873
6081,0.119528
6082,0.116965
6083,0.280012
6084,0.270094
6085,0.3825
6086,0.368358
6087,0.64405
6088,0.6304
6089,0.74211
6090,0.728949
6091,0.889561
6092,0.884365
6093,0.905715
6094,0.905962
6095,0.825565
6096,0.835118
6097,0.748517
6098,0.760212
6099,0.633794
6100,0.64732
6101,0.372761
6102,0.386489
6103,0.272522
6104,0.28353
6105,0.11723
6106,0.121286
6107,0.097385
6108,0.096824
6109,0.172867
6110,0.164189
6111,0.24696
6112,0.234737
6113,0.491873
6114,0.477079
6115,0.601486
6116,0.587946
6117,0.818211
6118,0.810313
6119,0.875839
6120,0.871227
6121,0.894377
6122,0.899545
6123,0.851726
6124,0.858652
6125,0.524417
6126,0.538699
6127,0.41311
6128,0.427029
6129,0.189355
6130,0.199341
6131,0.132304
6132,0.138941
6133,0.106261
6134,0.102224
6135,0.147035
6136,0.142319
6137,0.341362
6138,0.328125
6139,0.448825
6140,0.435186
6141,0.705134
6142,0.69369
6143,0.793492
6144,0.783822
6145,0.905981
6146,0.904164
6147,0.904034
6148,0.90553
6149,0.781281
6150,0.790393
6151,0.672486
6152,0.683937
6153,0.566071
6154,0.580932
6155,0.308144
6156,0.321842
6157,0.22079
6158,0.232665
6159,0.099874
6160,0.103899
6161,0.100579
6162,0.100407
6163,0.215038
6164,0.206204
6165,0.303916
6166,0.292309
6167,0.561129
6168,0.547254
6169,0.669178
6170,0.655677
6171,0.859176
6172,0.852919
6173,0.899604
6174,0.894788
6175,0.870323
6176,0.874993
6177,0.80664
6178,0.813518
6179,0.456449
6180,0.471807
6181,0.349956
6182,0.36415
6183,0.155137
6184,0.163539
6185,0.113677
6186,0.116891
6187,0.130434
6188,0.125911
6189,0.188347
6190,0.179773
6191,0.408837
6192,0.394686
6193,0.51925
6194,0.503648
6195,0.762913
6196,0.750155
6197,0.835488
6198,0.826363
6199,0.905957
6200,0.904127
6201,0.880472
6202,0.883035
6203,0.719988
6204,0.729906
6205,0.610607
6206,0.625082
6207,0.501177
6208,0.515243
6209,0.254605
6210,0.26441
6211,0.177161
6212,0.185149
6213,0.099498
6214,0.09803
6215,0.116854
6216,0.11175
6217,0.268727
6218,0.256302
6219,0.366206
6220,0.35268
6221,0.627239
6222,0.613511
6223,0.727478
6224,0.71647
6225,0.88277
6226,0.878714
6227,0.902615
6228,0.903176
6229,0.827133
6230,0.835811
6231,0.75304
6232,0.651452
6233,0.664066
6234,0.390638
6235,0.404301
6236,0.287393
6237,0.298802
6238,0.123154
6239,0.127173
6240,0.097359
6241,0.099628
6242,0.16294
6243,0.154446
6244,0.233553
6245,0.224189
6246,0.475583
6247,0.461301
6248,0.58689
6249,0.572971
6250,0.810645
6251,0.800659
6252,0.867696
6253,0.861059
6254,0.893739
6255,0.54297
6256,0.555891
6257,0.430129
6258,0.4428
6259,0.201039
6260,0.210255
6261,0.139083
6262,0.144027
6263,0.104463
6264,0.102386
6265,0.143469
6266,0.138084
6267,0.327514
6268,0.316063
6269,0.433929
6270,0.419068
6271,0.691856
6272,0.678158
6273,0.68781
6274,0.699317
6275,0.581276
6276,0.593012
6277,0.321394
6278,0.332434
6279,0.22691
6280,0.234968
6281,0.102215
6282,0.104073
6283,0.099368
6284,0.096325
6285,0.207564
6286,0.195954
6287,0.28987
6288,0.467431
6289,0.479898
6290,0.35595
6291,0.3696
6292,0.154318
6293,0.162845
6294,0.110439
6295,0.123611
6296,0.6175
6297,0.631642
6298,0.508127
6299,0.25789
6300,0.76912
6301,0.91086
6302,0.908949
6303,0.856252
6304,0.868563
6305,0.80487
6306,0.819856
6307,0.584458
6308,0.798633
6309,0.86493
6310,0.854359
6311,0.910323
6312,0.912895
6313,0.887441
6314,0.893604
6315,0.737609
6316,0.756358
6317,0.339376
6318,0.447642
6319,0.422799
6320,0.690593
6321,0.668087
6322,0.764617
6323,0.742931
6324,0.899465
6325,0.890632
6326,0.909997
6327,0.905765
6328,0.845618
6329,0.857472
6330,0.792501
6331,0.81015
6332,0.099988
6333,0.096132
6334,0.223832
6335,0.205555
6336,0.293757
6337,0.271393
6338,0.534636
6339,0.507952
6340,0.619377
6341,0.594192
6342,0.823416
6343,0.806344
6344,0.868525
6345,0.857155
6346,0.902289
6347,0.906352
6348,0.87994
6349,0.889858
6350,0.727438
6351,0.748638
6352,0.300805
6353,0.122308
6354,0.131698
6355,0.097362
6356,0.101914
6357,0.128984
6358,0.119602
6359,0.172553
6360,0.156883
6361,0.371892
6362,0.347583
6363,0.457344
6364,0.432783
6365,0.69931
6366,0.677615
6367,0.772278
6368,0.754082
6369,0.89858
6370,0.89299
6371,0.910849
6372,0.910414
6373,0.841093
6374,0.855693
6375,0.788544
6376,0.806885
6377,0.543164
6378,0.430354
6379,0.454819
6380,0.210888
6381,0.228408
6382,0.155507
6383,0.169338
6384,0.090813
6385,0.089567
6386,0.101113
6387,0.094387
6388,0.230369
6389,0.211514
6390,0.302829
6391,0.282195
6392,0.545466
6393,0.521549
6394,0.633055
6395,0.609365
6396,0.831918
6397,0.816406
6398,0.876636
6399,0.866912
6400,0.904109
6401,0.910193
6402,0.880617
6403,0.889066
6404,0.719172
6405,0.739198
6406,0.675325
6407,0.697686
6408,0.591669
6409,0.614794
6410,0.344647
6411,0.367051
6412,0.266427
6413,0.287225
6414,0.116263
6415,0.123394
6416,0.090199
6417,0.09384
6418,0.130849
6419,0.120699
6420,0.180528
6421,0.165226
6422,0.385562
6423,0.362579
6424,0.472907
6425,0.448142
6426,0.713383
6427,0.691963
6428,0.784928
6429,0.764329
6430,0.906087
6431,0.899311
6432,0.91324
6433,0.910433
6434,0.835359
6435,0.848084
6436,0.776168
6437,0.794445
6438,0.502737
6439,0.527281
6440,0.414692
6441,0.438655
6442,0.199403
6443,0.215824
6444,0.145608
6445,0.162166
6446,0.086612
6447,0.08772
6448,0.105147
6449,0.101173
6450,0.242856
6451,0.224186
6452,0.316534
6453,0.293245
6454,0.56086
6455,0.534526
6456,0.644544
6457,0.618933
6458,0.838352
6459,0.821121
6460,0.877692
6461,0.868302
6462,0.900012
6463,0.903868
6464,0.871016
6465,0.880398
6466,0.706243
6467,0.728607
6468,0.660136
6469,0.682638
6470,0.57632
6471,0.602244
6472,0.330459
6473,0.355337
6474,0.25724
6475,0.278924
6476,0.112725
6477,0.122989
6478,0.09569
6479,0.098761
6480,0.140851
6481,0.128849
6482,0.187922
6483,0.170894
6484,0.39708
6485,0.371668
6486,0.482328
6487,0.456836
6488,0.720603
6489,0.699195
6490,0.789112
6491,0.771592
6492,0.902638
6493,0.898086
6494,0.909187
6495,0.910433
6496,0.827447
6497,0.843117
6498,0.769631
6499,0.788486
6500,0.490761
6501,0.517341
6502,0.405568
6503,0.429944
6504,0.194011
6505,0.211118
6506,0.144116
6507,0.15535
6508,0.09226
6509,0.089091
6510,0.106887
6511,0.100027
6512,0.250287
6513,0.23088
6514,0.324675
6515,0.302314
6516,0.569646
6517,0.545181
6518,0.655353
6519,0.632949
6520,0.844493
6521,0.830662
6522,0.883737
6523,0.876606
6524,0.898887
6525,0.905613
6526,0.869151
6527,0.879301
6528,0.717805
6529,0.651678
6530,0.675253
6531,0.566894
6532,0.591551
6533,0.322225
6534,0.344362
6535,0.246482
6536,0.266785
6537,0.107772
6538,0.115967
6539,0.08914
6540,0.091051
6541,0.143748
6542,0.131437
6543,0.19513
6544,0.180144
6545,0.408331
6546,0.385206
6547,0.497263
6548,0.472719
6549,0.733573
6550,0.712775
6551,0.800597
6552,0.784176
6553,0.909801
6554,0.90616
6555,0.913388
6556,0.91228
6557,0.819472
6558,0.834774
6559,0.757144
6560,0.775814
6561,0.478792
6562,0.503541
6563,0.391476
6564,0.415542
6565,0.1848
6566,0.201367
6567,0.13507
6568,0.145641
6569,0.089677
6570,0.087105
6571,0.112559
6572,0.106396
6573,0.262391
6574,0.243642
6575,0.339864
6576,0.317362
6577,0.585308
6578,0.561345
6579,0.669541
6580,0.644663
6581,0.854392
6582,0.837834
6583,0.887275
6584,0.877011
6585,0.894853
6586,0.898827
6587,0.859149
6588,0.871151
6589,0.706755
6590,0.638053
6591,0.660624
6592,0.552358
6593,0.577201
6594,0.309407
6595,0.331913
6596,0.235383
6597,0.257069
6598,0.100535
6599,0.109368
6600,0.090003
6601,0.094235
6602,0.154382
6603,0.142527
6604,0.207499
6605,0.18985
6606,0.423681
6607,0.397756
6608,0.509239
6609,0.482659
6610,0.74276
6611,0.721076
6612,0.805989
6613,0.788882
6614,0.90431
6615,0.901239
6616,0.90774
6617,0.910909
6618,0.812078
6619,0.829106
6620,0.749713
6621,0.465364
6622,0.492048
6623,0.380623
6624,0.405808
6625,0.176584
6626,0.193656
6627,0.131475
6628,0.142845
6629,0.097711
6630,0.093648
6631,0.12006
6632,0.110142
6633,0.272562
6634,0.251362
6635,0.348323
6636,0.324747
6637,0.594432
6638,0.570056
6639,0.677775
6640,0.655638
6641,0.855884
6642,0.84465
6643,0.892228
6644,0.884033
6645,0.893112
6646,0.899973
6647,0.628108
6648,0.652417
6649,0.542656
6650,0.567217
6651,0.30069
6652,0.322385
6653,0.227722
6654,0.245918
6655,0.10142
6656,0.10701
6657,0.089151
6658,0.089586
6659,0.158907
6660,0.144307
6661,0.211456
6662,0.193115
6663,0.433106
6664,0.408449
6665,0.521208
6666,0.496459
6667,0.753518
6668,0.733215
6669,0.8152
6670,0.697171
6671,0.454534
6672,0.478451
6673,0.366945
6674,0.390635
6675,0.168082
6676,0.183594
6677,0.123364
6678,0.133088
6679,0.095891
6680,0.089807
6681,0.119383
6682,0.110934
6683,0.280828
6684,0.260802
6685,0.361947
6686,0.608524
6687,0.614438
6688,0.637421
6689,0.527093
6690,0.551858
6691,0.286617
6692,0.308037
6693,0.215072
6694,0.235671
6695,0.093913
6696,0.100689
6697,0.08676
6698,0.089567
6699,0.164641
6700,0.151916
6701,0.683466
6702,0.43914
6703,0.465474
6704,0.355456
6705,0.381067
6706,0.161648
6707,0.178879
6708,0.60292
6709,0.628332
6710,0.517672
6711,0.279397
6712,0.772588
6713,0.717628
6714,0.923074
6715,0.860032
6716,0.877541
6717,0.819702
6718,0.840101
6719,0.641306
6720,0.831563
6721,0.887049
6722,0.872905
6723,0.920791
6724,0.924407
6725,0.902226
6726,0.911666
6727,0.770688
6728,0.794762
6729,0.71634
6730,0.744867
6731,0.509973
6732,0.475972
6733,0.732133
6734,0.702919
6735,0.787341
6736,0.761547
6737,0.911898
6738,0.901167
6739,0.923224
6740,0.918407
6741,0.874139
6742,0.887852
6743,0.837142
6744,0.856549
6745,0.112148
6746,0.255133
6747,0.344382
6748,0.313933
6749,0.577261
6750,0.543977
6751,0.643344
6752,0.610354
6753,0.834754
6754,0.812126
6755,0.873508
6756,0.854132
6757,0.922063
6758,0.923475
6759,0.910998
6760,0.919649
6761,0.793958
6762,0.819199
6763,0.745186
6764,0.081593
6765,0.077937
6766,0.076525
6767,0.162858
6768,0.143451
6769,0.206042
6770,0.180801
6771,0.41003
6772,0.376327
6773,0.476999
6774,0.442577
6775,0.704768
6776,0.673975
6777,0.761475
6778,0.732341
6779,0.8999
6780,0.886705
6781,0.917912
6782,0.909417
6783,0.890729
6784,0.902728
6785,0.326025
6786,0.126492
6787,0.145868
6788,0.1001
6789,0.113295
6790,0.089002
6791,0.080351
6792,0.109271
6793,0.097272
6794,0.254814
6795,0.227412
6796,0.31348
6797,0.282372
6798,0.544137
6799,0.509424
6800,0.609748
6801,0.576207
6802,0.810394
6803,0.785445
6804,0.852224
6805,0.92379
6806,0.557423
6807,0.455863
6808,0.490576
6809,0.238525
6810,0.267659
6811,0.189606
6812,0.214555
6813,0.082088
6814,0.090583
6815,0.07621
6816,0.076926
6817,0.139968
6818,0.122459
6819,0.180298
6820,0.159899
6821,0.376417
6822,0.343949
6823,0.442546
6824,0.408884
6825,0.673095
6826,0.68652
6827,0.623583
6828,0.656051
6829,0.390252
6830,0.423793
6831,0.326905
6832,0.358694
6833,0.147776
6834,0.168437
6835,0.112951
6836,0.127095
6837,0.079209
6838,0.075593
6839,0.097774
6840,0.088334
6841,0.229312
6842,0.205238
6843,0.28366
6844,0.557454
6845,0.591116
6846,0.490027
6847,0.524028
6848,0.267867
6849,0.297081
6850,0.212659
6851,0.238453
6852,0.088102
6853,0.098833
6854,0.076776
6855,0.125861
6856,0.655618
6857,0.686067
6858,0.422739
6859,0.456023
6860,0.356656
6861,0.389646
6862,0.165246
6863,0.187874
6864,0.58997
6865,0.623673
6866,0.523001
6867,0.295232
6868,0.777791
6869,0.737269
6870,0.931025
6871,0.863644
6872,0.883549
6873,0.833788
6874,0.857842
6875,0.866035
6876,0.904487
6877,0.887729
6878,0.925695
6879,0.930482
6880,0.913533
6881,0.922216
6882,0.799649
6883,0.82537
6884,0.76018
6885,0.78989
6886,0.540764
6887,0.779993
6888,0.746552
6889,0.813961
6890,0.784204
6891,0.919509
6892,0.907928
6893,0.927799
6894,0.918726
6895,0.892687
6896,0.90558
6897,0.867912
6898,0.884887
6899,0.716321
6900,0.748541
6901,0.324918
6902,0.410323
6903,0.370431
6904,0.629279
6905,0.589731
6906,0.675083
6907,0.636281
6908,0.845344
6909,0.819335
6910,0.870961
6911,0.848563
6912,0.926995
6913,0.924038
6914,0.921721
6915,0.924328
6916,0.839189
6917,0.860762
6918,0.804865
6919,0.830992
6920,0.095747
6921,0.086314
6922,0.216326
6923,0.186544
6924,0.253458
6925,0.221609
6926,0.459477
6927,0.41845
6928,0.507984
6929,0.466955
6930,0.718853
6931,0.682169
6932,0.759621
6933,0.725295
6934,0.891542
6935,0.873486
6936,0.907856
6937,0.895585
6938,0.911318
6939,0.92007
6940,0.895539
6941,0.907932
6942,0.768371
6943,0.797409
6944,0.727361
6945,0.759535
6946,0.096642
6947,0.078748
6948,0.084957
6949,0.115796
6950,0.100449
6951,0.139547
6952,0.120254
6953,0.295432
6954,0.260692
6955,0.339822
6956,0.302055
6957,0.556609
6958,0.51579
6959,0.605608
6960,0.566015
6961,0.795865
6962,0.766308
6963,0.829937
6964,0.802444
6965,0.920132
6966,0.911629
6967,0.924609
6968,0.920362
6969,0.872727
6970,0.888518
6971,0.846541
6972,0.868933
6973,0.71815
6974,0.323062
6975,0.360751
6976,0.155566
6977,0.180161
6978,0.129385
6979,0.149726
6980,0.076519
6981,0.076157
6982,0.079289
6983,0.073461
6984,0.167752
6985,0.141926
6986,0.197046
6987,0.168216
6988,0.38602
6989,0.346964
6990,0.435344
6991,0.395506
6992,0.653517
6993,0.614375
6994,0.698387
6995,0.661235
6996,0.858612
6997,0.833973
6998,0.88143
6999,0.861521
7000,0.921874
7001,0.924801
7002,0.91646
7003,0.923541
7004,0.817737
7005,0.843797
7006,0.783674
7007,0.813456
7008,0.578517
7009,0.488521
7010,0.528551
7011,0.278873
7012,0.313785
7013,0.236901
7014,0.269135
7015,0.106296
7016,0.122442
7017,0.08828
7018,0.099649
7019,0.087099
7020,0.075124
7021,0.099892
7022,0.087017
7023,0.233069
7024,0.202428
7025,0.275024
7026,0.241837
7027,0.485262
7028,0.444803
7029,0.534348
7030,0.493065
7031,0.740385
7032,0.704962
7033,0.77783
7034,0.745659
7035,0.901454
7036,0.885262
7037,0.914726
7038,0.903358
7039,0.904253
7040,0.913686
7041,0.884204
7042,0.899551
7043,0.746542
7044,0.778391
7045,0.739308
7046,0.702351
7047,0.656312
7048,0.693369
7049,0.437639
7050,0.477482
7051,0.387852
7052,0.425878
7053,0.198724
7054,0.227121
7055,0.164375
7056,0.190042
7057,0.075206
7058,0.083017
7059,0.069005
7060,0.070746
7061,0.122976
7062,0.105806
7063,0.152071
7064,0.129552
7065,0.319187
7066,0.282317
7067,0.364249
7068,0.325433
7069,0.583001
7070,0.542175
7071,0.630234
7072,0.591529
7073,0.812659
7074,0.784314
7075,0.844434
7076,0.819839
7077,0.921251
7078,0.915043
7079,0.923481
7080,0.923843
7081,0.860453
7082,0.879746
7083,0.832248
7084,0.858074
7085,0.607555
7086,0.645319
7087,0.555699
7088,0.594187
7089,0.338574
7090,0.375392
7091,0.291072
7092,0.325168
7093,0.134837
7094,0.156027
7095,0.109056
7096,0.126535
7097,0.069914
7098,0.066531
7099,0.077504
7100,0.069117
7101,0.181969
7102,0.15514
7103,0.215249
7104,0.185808
7105,0.41187
7106,0.372539
7107,0.461868
7108,0.421483
7109,0.676938
7110,0.639249
7111,0.721127
7112,0.686215
7113,0.870615
7114,0.850274
7115,0.893704
7116,0.877558
7117,0.920711
7118,0.926539
7119,0.912901
7120,0.924876
7121,0.802954
7122,0.831784
7123,0.766931
7124,0.797571
7125,0.503651
7126,0.542358
7127,0.450911
7128,0.489841
7129,0.246446
7130,0.279616
7131,0.207014
7132,0.236116
7133,0.087133
7134,0.099878
7135,0.071841
7136,0.081591
7137,0.092187
7138,0.078731
7139,0.111058
7140,0.095383
7141,0.255011
7142,0.222209
7143,0.297649
7144,0.262731
7145,0.511479
7146,0.471449
7147,0.562361
7148,0.522518
7149,0.763099
7150,0.730865
7151,0.801276
7152,0.77288
7153,0.91172
7154,0.900351
7155,0.924794
7156,0.916983
7157,0.900108
7158,0.912983
7159,0.877024
7160,0.894194
7161,0.724976
7162,0.758163
7163,0.717683
7164,0.66873
7165,0.70309
7166,0.618459
7167,0.656703
7168,0.40014
7169,0.439044
7170,0.349642
7171,0.387797
7172,0.169971
7173,0.197168
7174,0.137889
7175,0.162152
7176,0.066276
7177,0.071215
7178,0.067727
7179,0.068975
7180,0.136356
7181,0.116451
7182,0.166212
7183,0.142158
7184,0.343688
7185,0.306631
7186,0.392445
7187,0.354681
7188,0.612148
7189,0.574122
7190,0.661426
7191,0.624608
7192,0.835625
7193,0.809958
7194,0.865163
7195,0.843973
7196,0.930995
7197,0.929254
7198,0.930086
7199,0.933469
7200,0.847929
7201,0.870448
7202,0.818031
7203,0.84486
7204,0.569177
7205,0.607961
7206,0.517225
7207,0.556899
7208,0.302858
7209,0.339563
7210,0.259012
7211,0.294846
7212,0.112416
7213,0.133965
7214,0.095513
7215,0.11227
7216,0.074305
7217,0.069518
7218,0.086467
7219,0.077784
7220,0.200351
7221,0.17463
7222,0.23982
7223,0.21011
7224,0.444301
7225,0.405813
7226,0.496349
7227,0.457642
7228,0.708928
7229,0.674832
7230,0.753555
7231,0.720384
7232,0.890944
7233,0.873465
7234,0.912867
7235,0.900122
7236,0.922496
7237,0.930883
7238,0.907813
7239,0.92127
7240,0.784751
7241,0.814192
7242,0.744989
7243,0.682021
7244,0.466866
7245,0.507894
7246,0.418018
7247,0.459236
7248,0.220007
7249,0.253448
7250,0.186039
7251,0.215796
7252,0.080491
7253,0.092072
7254,0.072201
7255,0.081274
7256,0.107313
7257,0.094421
7258,0.132088
7259,0.115113
7260,0.283679
7261,0.251459
7262,0.33127
7263,0.29691
7264,0.549089
7265,0.510159
7266,0.59986
7267,0.560956
7268,0.792986
7269,0.763884
7270,0.830029
7271,0.802832
7272,0.928159
7273,0.918409
7274,0.933724
7275,0.928785
7276,0.888942
7277,0.904617
7278,0.636254
7279,0.675082
7280,0.589677
7281,0.629569
7282,0.370721
7283,0.410269
7284,0.324917
7285,0.363719
7286,0.154656
7287,0.180666
7288,0.129039
7289,0.151437
7290,0.073005
7291,0.075962
7292,0.078279
7293,0.075672
7294,0.160811
7295,0.139238
7296,0.195135
7297,0.169008
7298,0.381541
7299,0.343297
7300,0.430823
7301,0.392039
7302,0.650358
7303,0.612203
7304,0.697142
7305,0.660437
7306,0.862111
7307,0.837848
7308,0.887584
7309,0.932273
7310,0.540523
7311,0.58155
7312,0.492016
7313,0.533045
7314,0.281147
7315,0.317831
7316,0.240379
7317,0.274705
7318,0.108458
7319,0.126514
7320,0.092144
7321,0.104415
7322,0.088682
7323,0.07993
7324,0.104461
7325,0.092068
7326,0.231629
7327,0.202591
7328,0.272639
7329,0.240465
7330,0.482775
7331,0.443101
7332,0.533134
7333,0.492106
7334,0.740988
7335,0.705154
7336,0.704568
7337,0.660178
7338,0.697945
7339,0.443391
7340,0.48421
7341,0.394392
7342,0.433985
7343,0.204135
7344,0.233692
7345,0.170063
7346,0.197555
7347,0.079868
7348,0.088371
7349,0.075391
7350,0.079638
7351,0.127273
7352,0.111482
7353,0.153459
7354,0.131067
7355,0.317979
7356,0.281851
7357,0.363746
7358,0.581982
7359,0.61398
7360,0.653035
7361,0.564656
7362,0.604493
7363,0.346483
7364,0.385625
7365,0.301613
7366,0.338765
7367,0.141388
7368,0.166027
7369,0.11857
7370,0.138479
7371,0.078126
7372,0.075198
7373,0.08354
7374,0.076459
7375,0.182263
7376,0.156203
7377,0.514738
7378,0.555197
7379,0.465652
7380,0.506935
7381,0.259615
7382,0.295038
7383,0.22217
7384,0.254341
7385,0.098546
7386,0.114738
7387,0.085274
7388,0.680814
7389,0.635751
7390,0.674566
7391,0.416999
7392,0.457825
7393,0.369766
7394,0.408471
7395,0.187341
7396,0.215686
7397,0.58813
7398,0.627461
7399,0.538132
7400,0.753146
7401,0.939819
7402,0.852163
7403,0.880733
7404,0.841659
7405,0.871081
7406,0.73342
7407,0.933115
7408,0.918486
7409,0.926773
7410,0.935771
7411,0.920683
7412,0.932544
7413,0.827093
7414,0.858215
7415,0.810882
7416,0.842625
7417,0.821753
7418,0.865736
7419,0.836142
7420,0.934269
7421,0.923237
7422,0.937027
7423,0.929706
7424,0.914383
7425,0.928317
7426,0.903866
7427,0.919549
7428,0.791346
7429,0.823927
7430,0.770298
7431,0.804851
7432,0.54594
7433,0.497354
7434,0.728515
7435,0.68499
7436,0.748383
7437,0.707719
7438,0.876927
7439,0.849924
7440,0.888305
7441,0.865222
7442,0.939408
7443,0.934331
7444,0.939223
7445,0.938017
7446,0.891012
7447,0.909803
7448,0.877158
7449,0.898002
7450,0.750065
7451,0.787078
7452,0.730204
7453,0.309234
7454,0.378172
7455,0.332888
7456,0.570233
7457,0.522776
7458,0.595158
7459,0.547392
7460,0.768543
7461,0.729426
7462,0.787755
7463,0.748842
7464,0.900553
7465,0.878888
7466,0.911734
7467,0.89285
7468,0.93826
7469,0.940565
7470,0.93523
7471,0.941978
7472,0.862794
7473,0.888814
7474,0.080451
7475,0.208654
7476,0.176073
7477,0.229702
7478,0.195149
7479,0.402749
7480,0.356388
7481,0.427013
7482,0.379358
7483,0.619408
7484,0.571116
7485,0.641252
7486,0.593542
7487,0.804763
7488,0.768085
7489,0.822923
7490,0.788267
7491,0.921347
7492,0.905022
7493,0.930461
7494,0.914051
7495,0.931892
7496,0.060777
7497,0.061983
7498,0.108988
7499,0.090197
7500,0.122842
7501,0.101998
7502,0.249935
7503,0.212922
7504,0.269796
7505,0.229929
7506,0.4508
7507,0.401988
7508,0.473524
7509,0.424849
7510,0.66289
7511,0.616991
7512,0.686083
7513,0.64106
7514,0.840648
7515,0.80637
7516,0.85428
7517,0.251159
7518,0.099447
7519,0.121112
7520,0.088266
7521,0.10715
7522,0.06174
7523,0.059435
7524,0.06477
7525,0.058022
7526,0.137206
7527,0.111186
7528,0.147838
7529,0.119267
7530,0.289084
7531,0.246854
7532,0.309448
7533,0.26658
7534,0.497799
7535,0.449486
7536,0.522646
7537,0.473077
7538,0.708364
7539,0.358748
7540,0.406458
7541,0.195237
7542,0.231915
7543,0.177077
7544,0.211733
7545,0.078653
7546,0.094978
7547,0.069539
7548,0.085949
7549,0.068108
7550,0.060181
7551,0.073227
7552,0.064229
7553,0.158341
7554,0.128919
7555,0.172907
7556,0.141784
7557,0.331826
7558,0.287023
7559,0.354365
7560,0.598012
7561,0.526476
7562,0.575151
7563,0.33711
7564,0.383009
7565,0.313917
7566,0.35894
7567,0.159352
7568,0.19363
7569,0.14572
7570,0.178247
7571,0.066885
7572,0.081514
7573,0.065731
7574,0.076763
7575,0.079316
7576,0.067456
7577,0.085617
7578,0.071683
7579,0.189118
7580,0.157375
7581,0.710916
7582,0.690552
7583,0.502201
7584,0.550514
7585,0.477354
7586,0.526924
7587,0.291636
7588,0.337058
7589,0.271485
7590,0.31501
7591,0.134264
7592,0.163858
7593,0.123073
7594,0.150076
7595,0.062973
7596,0.070294
7597,0.060592
7598,0.096134
7599,0.668174
7600,0.712977
7601,0.645635
7602,0.690766
7603,0.45406
7604,0.502646
7605,0.429767
7606,0.477224
7607,0.251617
7608,0.292281
7609,0.231457
7610,0.270574
7611,0.111695
7612,0.134778
7613,0.621828
7614,0.667112
7615,0.597252
7616,0.643612
7617,0.404842
7618,0.452608
7619,0.380592
7620,0.428884
7621,0.212245
7622,0.572987
7623,0.620642
7624,0.5492
7625,0.834979
7626,0.852796
7627,0.917427
7628,0.894773
7629,0.900032
7630,0.754663
7631,0.766014
7632,0.426784
7633,0.668829
7634,0.768324
7635,0.75996
7636,0.901854
7637,0.898157
7638,0.918464
7639,0.920455
7640,0.851471
7641,0.858632
7642,0.784737
7643,0.792788
7644,0.207211
7645,0.303485
7646,0.293938
7647,0.544596
7648,0.53337
7649,0.648139
7650,0.637483
7651,0.839233
7652,0.833887
7653,0.893115
7654,0.888249
7655,0.909594
7656,0.912595
7657,0.870285
7658,0.875793
7659,0.079936
7660,0.081764
7661,0.129715
7662,0.124206
7663,0.192515
7664,0.185812
7665,0.404925
7666,0.393708
7667,0.510694
7668,0.498981
7669,0.741731
7670,0.731656
7671,0.818935
7672,0.810472
7673,0.920064
7674,0.918236
7675,0.916599
7676,0.916871
7677,0.807485
7678,0.814188
7679,0.725221
7680,0.735559
7681,0.385457
7682,0.397183
7683,0.181065
7684,0.189528
7685,0.121983
7686,0.128394
7687,0.083401
7688,0.083129
7689,0.117414
7690,0.112671
7691,0.274779
7692,0.264441
7693,0.370805
7694,0.359362
7695,0.614543
7696,0.602818
7697,0.710319
7698,0.699137
7699,0.878017
7700,0.871606
7701,0.912719
7702,0.908808
7703,0.882586
7704,0.887329
7705,0.82865
7706,0.834979
7707,0.640638
7708,0.525246
7709,0.538308
7710,0.289681
7711,0.300863
7712,0.207073
7713,0.215197
7714,0.087281
7715,0.091192
7716,0.082102
7717,0.082574
7718,0.17135
7719,0.165021
7720,0.245337
7721,0.233986
7722,0.474754
7723,0.461692
7724,0.578593
7725,0.566972
7726,0.792927
7727,0.784803
7728,0.858592
7729,0.852796
7730,0.917898
7731,0.917426
7732,0.894773
7733,0.900032
7734,0.754663
7735,0.766014
7736,0.664898
7737,0.676574
7738,0.421407
7739,0.433028
7740,0.321224
7741,0.331171
7742,0.141408
7743,0.147204
7744,0.098146
7745,0.101844
7746,0.105228
7747,0.099968
7748,0.148529
7749,0.141368
7750,0.335102
7751,0.323426
7752,0.437776
7753,0.426784
7754,0.678776
7755,0.668829
7756,0.768324
7757,0.75996
7758,0.901854
7759,0.898157
7760,0.918464
7761,0.920455
7762,0.851471
7763,0.858632
7764,0.784737
7765,0.792788
7766,0.562224
7767,0.573216
7768,0.455404
7769,0.46663
7770,0.231676
7771,0.24004
7772,0.160767
7773,0.166113
7774,0.081536
7775,0.079545
7776,0.090406
7777,0.087405
7778,0.215263
7779,0.207212
7780,0.303486
7781,0.293938
7782,0.544596
7783,0.53337
7784,0.648139
7785,0.637483
7786,0.839233
7787,0.833887
7788,0.893115
7789,0.888249
7790,0.909595
7791,0.912595
7792,0.870285
7793,0.875793
7794,0.696514
7795,0.706062
7796,0.595076
7797,0.606293
7798,0.351861
7799,0.362517
7800,0.258269
7801,0.268344
7802,0.106885
7803,0.111751
7804,0.079936
7805,0.081764
7806,0.129715
7807,0.124207
7808,0.192515
7809,0.185812
7810,0.404925
7811,0.393708
7812,0.510694
7813,0.498981
7814,0.741731
7815,0.731656
7816,0.818935
7817,0.810472
7818,0.920064
7819,0.918236
7820,0.916599
7821,0.916871
7822,0.807485
7823,0.814188
7824,0.725221
7825,0.735559
7826,0.489306
7827,0.501019
7828,0.385457
7829,0.397183
7830,0.181065
7831,0.189528
7832,0.121983
7833,0.128394
7834,0.083401
7835,0.083129
7836,0.117414
7837,0.112671
7838,0.274779
7839,0.264441
7840,0.370805
7841,0.359362
7842,0.614543
7843,0.602817
7844,0.710319
7845,0.699137
7846,0.878017
7847,0.871606
7848,0.912719
7849,0.908808
7850,0.882586
7851,0.887329
7852,0.828649
7853,0.834979
7854,0.629195
7855,0.640638
7856,0.525246
7857,0.538308
7858,0.289681
7859,0.300863
7860,0.207073
7861,0.215197
7862,0.087281
7863,0.091192
7864,0.082102
7865,0.082574
7866,0.17135
7867,0.165021
7868,0.245337
7869,0.233986
7870,0.474754
7871,0.461692
7872,0.578592
7873,0.566972
7874,0.792928
7875,0.784803
7876,0.858592
7877,0.852796
7878,0.917898
7879,0.917427
7880,0.894772
7881,0.900032
7882,0.754663
7883,0.766014
7884,0.664898
7885,0.676574
7886,0.421408
7887,0.433028
7888,0.321224
7889,0.331171
7890,0.141408
7891,0.147204
7892,0.098146
7893,0.101843
7894,0.105227
7895,0.099968
7896,0.148529
7897,0.141368
7898,0.335102
7899,0.323426
7900,0.437776
7901,0.426784
7902,0.678776
7903,0.668829
7904,0.768323
7905,0.75996
7906,0.901854
7907,0.898157
7908,0.918464
7909,0.920455
7910,0.851471
7911,0.858632
7912,0.784737
7913,0.792788
7914,0.562224
7915,0.573216
7916,0.455404
7917,0.46663
7918,0.231677
7919,0.24004
7920,0.160767
7921,0.166113
7922,0.081536
7923,0.079545
7924,0.090406
7925,0.087405
7926,0.215263
7927,0.207212
7928,0.303486
7929,0.293938
7930,0.544596
7931,0.53337
7932,0.648139
7933,0.637483
7934,0.839233
7935,0.833887
7936,0.893115
7937,0.888249
7938,0.909594
7939,0.912595
7940,0.870285
7941,0.875793
7942,0.696514
7943,0.706062
7944,0.595076
7945,0.606293
7946,0.35186
7947,0.362517
7948,0.258269
7949,0.268344
7950,0.106885
7951,0.111751
7952,0.079936
7953,0.081763
7954,0.129715
7955,0.124207
7956,0.192515
7957,0.185812
7958,0.404924
7959,0.393707
7960,0.510694
7961,0.498981
7962,0.741731
7963,0.731656
7964,0.818935
7965,0.810472
7966,0.920064
7967,0.918237
7968,0.916599
7969,0.916871
7970,0.807485
7971,0.814188
7972,0.725221
7973,0.735559
7974,0.489306
7975,0.501019
7976,0.385457
7977,0.397183
7978,0.181065
7979,0.189528
7980,0.121983
7981,0.128394
7982,0.083401
7983,0.083129
7984,0.117414
7985,0.112671
7986,0.274779
7987,0.264441
7988,0.370805
7989,0.359362
7990,0.614543
7991,0.602817
7992,0.710319
7993,0.699137
7994,0.878017
7995,0.871606
7996,0.912719
7997,0.908808
7998,0.882586
7999,0.887329
8000,0.82865
8001,0.629195
8002,0.640638
8003,0.525246
8004,0.538308
8005,0.289681
8006,0.300863
8007,0.207073
8008,0.215197
8009,0.087281
8010,0.091192
8011,0.082102
8012,0.082574
8013,0.17135
8014,0.165021
8015,0.245337
8016,0.233986
8017,0.474754
8018,0.461692
8019,0.578592
8020,0.566972
8021,0.792927
8022,0.784803
8023,0.858592
8024,0.917898
8025,0.664898
8026,0.676574
8027,0.421407
8028,0.433028
8029,0.321224
8030,0.331171
8031,0.141408
8032,0.147204
8033,0.098146
8034,0.101844
8035,0.105227
8036,0.099968
8037,0.148529
8038,0.141368
8039,0.335102
8040,0.323426
8041,0.437776
8042,0.678776
8043,0.562224
8044,0.573216
8045,0.455404
8046,0.46663
8047,0.231676
8048,0.24004
8049,0.160767
8050,0.166113
8051,0.081536
8052,0.079545
8053,0.090405
8054,0.087405
8055,0.215263
8056,0.696514
8057,0.706062
8058,0.595075
8059,0.606293
8060,0.351861
8061,0.362517
8062,0.258269
8063,0.268344
8064,0.106885
8065,0.111751
8066,0.489306
8067,0.501019
8068,0.629195
8069,0.840288
8070,0.877612
8071,0.926119
8072,0.901259
8073,0.908059
8074,0.7666
8075,0.783242
8076,0.713657
8077,0.799951
8078,0.78375
8079,0.916405
8080,0.911253
8081,0.92879
8082,0.928781
8083,0.863598
8084,0.874444
8085,0.812455
8086,0.826501
8087,0.34446
8088,0.597829
8089,0.576805
8090,0.677324
8091,0.657701
8092,0.854572
8093,0.842514
8094,0.897293
8095,0.888747
8096,0.920551
8097,0.924039
8098,0.893116
8099,0.901485
8100,0.749049
8101,0.766491
8102,0.073881
8103,0.159712
8104,0.233401
8105,0.216758
8106,0.449494
8107,0.427998
8108,0.535089
8109,0.514151
8110,0.750526
8111,0.733613
8112,0.815297
8113,0.799986
8114,0.922878
8115,0.917915
8116,0.928827
8117,0.929056
8118,0.851739
8119,0.864749
8120,0.799999
8121,0.81523
8122,0.122388
8123,0.083595
8124,0.088747
8125,0.098742
8126,0.091941
8127,0.136402
8128,0.125556
8129,0.305011
8130,0.286343
8131,0.386603
8132,0.365788
8133,0.618725
8134,0.597788
8135,0.696491
8136,0.67657
8137,0.866674
8138,0.852722
8139,0.902946
8140,0.894248
8141,0.915445
8142,0.920312
8143,0.885935
8144,0.894856
8145,0.733801
8146,0.75173
8147,0.402171
8148,0.423195
8149,0.200049
8150,0.216249
8151,0.145428
8152,0.157486
8153,0.07121
8154,0.071219
8155,0.079449
8156,0.075961
8157,0.187546
8158,0.173499
8159,0.250952
8160,0.233509
8161,0.470908
8162,0.449102
8163,0.555487
8164,0.534001
8165,0.765806
8166,0.748357
8167,0.826361
8168,0.812901
8169,0.924468
8170,0.922086
8171,0.927661
8172,0.92957
8173,0.841943
8174,0.854557
8175,0.784685
8176,0.800394
8177,0.65554
8178,0.550506
8179,0.572002
8180,0.322676
8181,0.342299
8182,0.249473
8183,0.266386
8184,0.102706
8185,0.111253
8186,0.077122
8187,0.082085
8188,0.106884
8189,0.098515
8190,0.148261
8191,0.135251
8192,0.324295
8193,0.304133
8194,0.406189
8195,0.385036
8196,0.636938
8197,0.617129
8198,0.714357
8199,0.69575
8200,0.877089
8201,0.866904
8202,0.912427
8203,0.906257
8204,0.910424
8205,0.916927
8206,0.876256
8207,0.884767
8208,0.714982
8209,0.733034
8210,0.694989
8211,0.464911
8212,0.485849
8213,0.381275
8214,0.402212
8215,0.184703
8216,0.200014
8217,0.133326
8218,0.147278
8219,0.071173
8220,0.070944
8221,0.084555
8222,0.079688
8223,0.200001
8224,0.18477
8225,0.2662
8226,0.24827
8227,0.491341
8228,0.469338
8229,0.575752
8230,0.555023
8231,0.783823
8232,0.767044
8233,0.843025
8234,0.828952
8235,0.929527
8236,0.926848
8237,0.924251
8238,0.827483
8239,0.613397
8240,0.634212
8241,0.529092
8242,0.550898
8243,0.303509
8244,0.32343
8245,0.234194
8246,0.251643
8247,0.097054
8248,0.105752
8249,0.075532
8250,0.077914
8251,0.114066
8252,0.105144
8253,0.158057
8254,0.145443
8255,0.343383
8256,0.323647
8257,0.427595
8258,0.406316
8259,0.657311
8260,0.637789
8261,0.733473
8262,0.715209
8263,0.888479
8264,0.675705
8265,0.695867
8266,0.444513
8267,0.465999
8268,0.363062
8269,0.382871
8270,0.173638
8271,0.187099
8272,0.122911
8273,0.133096
8274,0.072339
8275,0.07043
8276,0.089576
8277,0.083073
8278,0.215315
8279,0.199606
8280,0.285018
8281,0.266966
8282,0.513209
8283,0.491907
8284,0.593811
8285,0.614964
8286,0.508659
8287,0.530662
8288,0.285643
8289,0.30425
8290,0.216177
8291,0.232955
8292,0.087573
8293,0.093743
8294,0.070473
8295,0.073152
8296,0.123744
8297,0.115234
8298,0.172517
8299,0.364867
8300,0.656617
8301,0.676353
8302,0.424248
8303,0.444977
8304,0.342689
8305,0.362211
8306,0.156975
8307,0.171048
8308,0.111521
8309,0.075749
8310,0.572405
8311,0.593684
8312,0.486791
8313,0.508093
8314,0.266527
8315,0.284791
8316,0.635133
8317,0.843035
8318,0.929022
8319,0.903364
8320,0.913562
8321,0.78247
8322,0.807276
8323,0.739821
8324,0.768122
8325,0.842006
8326,0.934558
8327,0.930645
8328,0.935553
8329,0.934821
8330,0.878407
8331,0.894624
8332,0.850886
8333,0.870285
8334,0.725731
8335,0.677339
8336,0.753267
8337,0.724872
8338,0.8906
8339,0.872638
8340,0.909797
8341,0.895587
8342,0.931107
8343,0.935599
8344,0.920348
8345,0.929022
8346,0.81898
8347,0.843035
8348,0.78247
8349,0.807276
8350,0.353004
8351,0.320656
8352,0.560729
8353,0.526183
8354,0.61259
8355,0.578363
8356,0.795704
8357,0.768845
8358,0.830732
8359,0.806642
8360,0.924912
8361,0.915917
8362,0.934558
8363,0.930645
8364,0.903364
8365,0.913562
8366,0.878407
8367,0.894624
8368,0.739821
8369,0.768122
8370,0.725731
8371,0.070978
8372,0.156965
8373,0.21753
8374,0.192724
8375,0.40469
8376,0.370584
8377,0.456602
8378,0.42161
8379,0.663127
8380,0.629442
8381,0.709355
8382,0.677339
8383,0.862083
8384,0.842006
8385,0.8906
8386,0.872638
8387,0.935553
8388,0.934821
8389,0.931107
8390,0.935599
8391,0.850886
8392,0.870285
8393,0.81898
8394,0.843035
8395,0.065442
8396,0.069355
8397,0.096636
8398,0.086438
8399,0.121593
8400,0.105376
8401,0.260179
8402,0.231878
8403,0.305758
8404,0.274269
8405,0.508678
8406,0.472932
8407,0.560729
8408,0.526183
8409,0.753267
8410,0.724872
8411,0.795704
8412,0.768845
8413,0.909797
8414,0.895587
8415,0.924912
8416,0.915917
8417,0.920348
8418,0.929022
8419,0.903364
8420,0.913562
8421,0.78247
8422,0.807276
8423,0.739821
8424,0.768122
8425,0.322661
8426,0.157994
8427,0.1094
8428,0.127362
8429,0.064447
8430,0.065179
8431,0.068893
8432,0.064401
8433,0.149114
8434,0.129715
8435,0.18102
8436,0.156965
8437,0.353004
8438,0.320656
8439,0.40469
8440,0.370584
8441,0.61259
8442,0.578363
8443,0.663127
8444,0.629442
8445,0.830732
8446,0.806642
8447,0.862083
8448,0.842006
8449,0.934558
8450,0.930645
8451,0.935553
8452,0.934821
8453,0.878407
8454,0.894624
8455,0.850886
8456,0.870285
8457,0.725731
8458,0.439271
8459,0.473817
8460,0.246733
8461,0.275128
8462,0.204296
8463,0.231155
8464,0.090203
8465,0.104413
8466,0.075088
8467,0.084083
8468,0.079652
8469,0.070978
8470,0.096636
8471,0.086438
8472,0.21753
8473,0.192724
8474,0.260179
8475,0.231878
8476,0.456602
8477,0.42161
8478,0.508678
8479,0.472932
8480,0.709355
8481,0.677339
8482,0.753267
8483,0.724872
8484,0.8906
8485,0.872638
8486,0.909797
8487,0.895587
8488,0.931107
8489,0.935599
8490,0.920348
8491,0.81898
8492,0.646996
8493,0.679344
8494,0.59531
8495,0.629416
8496,0.38741
8497,0.421637
8498,0.336873
8499,0.370558
8500,0.169268
8501,0.193358
8502,0.137917
8503,0.157994
8504,0.065442
8505,0.069355
8506,0.064447
8507,0.065179
8508,0.121593
8509,0.105376
8510,0.149114
8511,0.129715
8512,0.305758
8513,0.274269
8514,0.353004
8515,0.320656
8516,0.560729
8517,0.526183
8518,0.61259
8519,0.578363
8520,0.795704
8521,0.768845
8522,0.830732
8523,0.806642
8524,0.924912
8525,0.915917
8526,0.543398
8527,0.57839
8528,0.491322
8529,0.527068
8530,0.290645
8531,0.322661
8532,0.246733
8533,0.275128
8534,0.1094
8535,0.127362
8536,0.090203
8537,0.104413
8538,0.068893
8539,0.064401
8540,0.079652
8541,0.070978
8542,0.18102
8543,0.156965
8544,0.21753
8545,0.192724
8546,0.40469
8547,0.370584
8548,0.456602
8549,0.42161
8550,0.663127
8551,0.629442
8552,0.709355
8553,0.862083
8554,0.694242
8555,0.646996
8556,0.679344
8557,0.439271
8558,0.473817
8559,0.38741
8560,0.421637
8561,0.204296
8562,0.231155
8563,0.169268
8564,0.193358
8565,0.075088
8566,0.084083
8567,0.065442
8568,0.069355
8569,0.096636
8570,0.086438
8571,0.121593
8572,0.105376
8573,0.260179
8574,0.231878
8575,0.305758
8576,0.274269
8577,0.508678
8578,0.472932
8579,0.59531
8580,0.629416
8581,0.543398
8582,0.57839
8583,0.336873
8584,0.370558
8585,0.290645
8586,0.322661
8587,0.137917
8588,0.157994
8589,0.1094
8590,0.127362
8591,0.064447
8592,0.065179
8593,0.068893
8594,0.064401
8595,0.149114
8596,0.129715
8597,0.18102
8598,0.694242
8599,0.491322
8600,0.527068
8601,0.439271
8602,0.473817
8603,0.246733
8604,0.275128
8605,0.204296
8606,0.231155
8607,0.090203
8608,0.104413
8609,0.075088
8610,0.084083
8611,0.079652
8612,0.646996
8613,0.679344
8614,0.59531
8615,0.629416
8616,0.38741
8617,0.421637
8618,0.336873
8619,0.370558
8620,0.169268
8621,0.193358
8622,0.137917
8623,0.543398
8624,0.57839
8625,0.491322
8626,0.527068
8627,0.290645
8628,0.694242
8629,0.843599
8630,0.903534
8631,0.915755
8632,0.788923
8633,0.817018
8634,0.757793
8635,0.788231
8636,0.869109
8637,0.942357
8638,0.936772
8639,0.937349
8640,0.938487
8641,0.884915
8642,0.902199
8643,0.865071
8644,0.886218
8645,0.724761
8646,0.757729
8647,0.725447
8648,0.791681
8649,0.760342
8650,0.905185
8651,0.887301
8652,0.918796
8653,0.906356
8654,0.934654
8655,0.940001
8656,0.92972
8657,0.937347
8658,0.84313
8659,0.866176
8660,0.818093
8661,0.384426
8662,0.619374
8663,0.580835
8664,0.657035
8665,0.61919
8666,0.81928
8667,0.791747
8668,0.846101
8669,0.819686
8670,0.932356
8671,0.921299
8672,0.939312
8673,0.933871
8674,0.91771
8675,0.930033
8676,0.275513
8677,0.242387
8678,0.462521
8679,0.422643
8680,0.501742
8681,0.46195
8682,0.693325
8683,0.656675
8684,0.72751
8685,0.6927
8686,0.869142
8687,0.84637
8688,0.890748
8689,0.059345
8690,0.13537
8691,0.113961
8692,0.156915
8693,0.133711
8694,0.30971
8695,0.274255
8696,0.345849
8697,0.309386
8698,0.541343
8699,0.501649
8700,0.580625
8701,0.541531
8702,0.760728
8703,0.727776
8704,0.068336
8705,0.079633
8706,0.070345
8707,0.063507
8708,0.082248
8709,0.069956
8710,0.181659
8711,0.156021
8712,0.210897
8713,0.183499
8714,0.38408
8715,0.34644
8716,0.423079
8717,0.343186
8718,0.154034
8719,0.18022
8720,0.131067
8721,0.15374
8722,0.061727
8723,0.067385
8724,0.058126
8725,0.062815
8726,0.096112
8727,0.083562
8728,0.115355
8729,0.098476
8730,0.242977
8731,0.212203
8732,0.458675
8733,0.498353
8734,0.272256
8735,0.307094
8736,0.239127
8737,0.271943
8738,0.110072
8739,0.131073
8740,0.094593
8741,0.112224
8742,0.061169
8743,0.060952
8744,0.065234
8745,0.653905
8746,0.6904
8747,0.616055
8748,0.653793
8749,0.419304
8750,0.4585
8751,0.380335
8752,0.419021
8753,0.208191
8754,0.239302
8755,0.180428
8756,0.208331
8757,0.081163
8758,0.094211
8759,0.576998
8760,0.615948
8761,0.537416
8762,0.576723
8763,0.342702
8764,0.380339
8765,0.306358
8766,0.689793
8767,0.497734
8768,0.537919
8769,0.841951
8770,0.903949
8771,0.921271
8772,0.793221
8773,0.824228
8774,0.77217
8775,0.804813
8776,0.891974
8777,0.945845
8778,0.945287
8779,0.945638
8780,0.890723
8781,0.909387
8782,0.875942
8783,0.897401
8784,0.747879
8785,0.782309
8786,0.723191
8787,0.759393
8788,0.825926
8789,0.795136
8790,0.922461
8791,0.904907
8792,0.928813
8793,0.916057
8794,0.940654
8795,0.946039
8796,0.937283
8797,0.944499
8798,0.860386
8799,0.885043
8800,0.844159
8801,0.870348
8802,0.735371
8803,0.635819
8804,0.70159
8805,0.661929
8806,0.84344
8807,0.814679
8808,0.861901
8809,0.836208
8810,0.93766
8811,0.926276
8812,0.94319
8813,0.935095
8814,0.93044
8815,0.941396
8816,0.922386
8817,0.934249
8818,0.824114
8819,0.852063
8820,0.804482
8821,0.833889
8822,0.341464
8823,0.301778
8824,0.52356
8825,0.480214
8826,0.551707
8827,0.50879
8828,0.725947
8829,0.688885
8830,0.75109
8831,0.714326
8832,0.878035
8833,0.854194
8834,0.892766
8835,0.871315
8836,0.947135
8837,0.941801
8838,0.947171
8839,0.942876
8840,0.909758
8841,0.923541
8842,0.895651
8843,0.912367
8844,0.782219
8845,0.812959
8846,0.759377
8847,0.793522
8848,0.158049
8849,0.206779
8850,0.175772
8851,0.367718
8852,0.326859
8853,0.395308
8854,0.354287
8855,0.580374
8856,0.538236
8857,0.608453
8858,0.566568
8859,0.774699
8860,0.73995
8861,0.796817
8862,0.762603
8863,0.906436
8864,0.886641
8865,0.916874
8866,0.899431
8867,0.944167
8868,0.944815
8869,0.941687
8870,0.947239
8871,0.882315
8872,0.904129
8873,0.868607
8874,0.890281
8875,0.736184
8876,0.770926
8877,0.746515
8878,0.054155
8879,0.096051
8880,0.078729
8881,0.109276
8882,0.090613
8883,0.227831
8884,0.195187
8885,0.252121
8886,0.217691
8887,0.424144
8888,0.382225
8889,0.452826
8890,0.410008
8891,0.636645
8892,0.594552
8893,0.662827
8894,0.62257
8895,0.817346
8896,0.786644
8897,0.837662
8898,0.807854
8899,0.925829
8900,0.912469
8901,0.936842
8902,0.925483
8903,0.940467
8904,0.94653
8905,0.932787
8906,0.940717
8907,0.850823
8908,0.87496
8909,0.832387
8910,0.858615
8911,0.722636
8912,0.108026
8913,0.077539
8914,0.095093
8915,0.054713
8916,0.054363
8917,0.059346
8918,0.05396
8919,0.124058
8920,0.102599
8921,0.139614
8922,0.114957
8923,0.276809
8924,0.240607
8925,0.302546
8926,0.264628
8927,0.48117
8928,0.438683
8929,0.509771
8930,0.466812
8931,0.690171
8932,0.65014
8933,0.715038
8934,0.675748
8935,0.854916
8936,0.827004
8937,0.872599
8938,0.845675
8939,0.942924
8940,0.931098
8941,0.943406
8942,0.937184
8943,0.923654
8944,0.935525
8945,0.912872
8946,0.928041
8947,0.81212
8948,0.364181
8949,0.174074
8950,0.204864
8951,0.15656
8952,0.185321
8953,0.071187
8954,0.083943
8955,0.06234
8956,0.073724
8957,0.062717
8958,0.055501
8959,0.06956
8960,0.058604
8961,0.155841
8962,0.129652
8963,0.175886
8964,0.147937
8965,0.328227
8966,0.289244
8967,0.354912
8968,0.314624
8969,0.538617
8970,0.494756
8971,0.56603
8972,0.523156
8973,0.73906
8974,0.701301
8975,0.76218
8976,0.726865
8977,0.886506
8978,0.862339
8979,0.898838
8980,0.877581
8981,0.946211
8982,0.942243
8983,0.946143
8984,0.47644
8985,0.519786
8986,0.29841
8987,0.338071
8988,0.274053
8989,0.311115
8990,0.138099
8991,0.163791
8992,0.121965
8993,0.145806
8994,0.05681
8995,0.064905
8996,0.052864
8997,0.058199
8998,0.077614
8999,0.065751
9000,0.090242
9001,0.076459
9002,0.195518
9003,0.166111
9004,0.217781
9005,0.187041
9006,0.381808
9007,0.340732
9008,0.409329
9009,0.367702
9010,0.594127
9011,0.552369
9012,0.622623
9013,0.580531
9014,0.785837
9015,0.751473
9016,0.807031
9017,0.774133
9018,0.911164
9019,0.658536
9020,0.698222
9021,0.632282
9022,0.673141
9023,0.448293
9024,0.49121
9025,0.419626
9026,0.461764
9027,0.24891
9028,0.285674
9029,0.225301
9030,0.26005
9031,0.107234
9032,0.128685
9033,0.093564
9034,0.113359
9035,0.052829
9036,0.057124
9037,0.055833
9038,0.055185
9039,0.104349
9040,0.087633
9041,0.117685
9042,0.095871
9043,0.240623
9044,0.206478
9045,0.263816
9046,0.229074
9047,0.438546
9048,0.396052
9049,0.466659
9050,0.423858
9051,0.649858
9052,0.608016
9053,0.675887
9054,0.604692
9055,0.645713
9056,0.575856
9057,0.617775
9058,0.391547
9059,0.433432
9060,0.363355
9061,0.405448
9062,0.203183
9063,0.237397
9064,0.182654
9065,0.213356
9066,0.083126
9067,0.100569
9068,0.074171
9069,0.087531
9070,0.058313
9071,0.052762
9072,0.059533
9073,0.05347
9074,0.131393
9075,0.109719
9076,0.149177
9077,0.12504
9078,0.28997
9079,0.253485
9080,0.315341
9081,0.277364
9082,0.494828
9083,0.452292
9084,0.547174
9085,0.589992
9086,0.51883
9087,0.561317
9088,0.337173
9089,0.37743
9090,0.309829
9091,0.34986
9092,0.162338
9093,0.192145
9094,0.145084
9095,0.172996
9096,0.063158
9097,0.074517
9098,0.057076
9099,0.068902
9100,0.067213
9101,0.059283
9102,0.076346
9103,0.064475
9104,0.167613
9105,0.141386
9106,0.18788
9107,0.697454
9108,0.671773
9109,0.710756
9110,0.490229
9111,0.533188
9112,0.461383
9113,0.505244
9114,0.284962
9115,0.324252
9116,0.26094
9117,0.2987
9118,0.127401
9119,0.154325
9120,0.113494
9121,0.137661
9122,0.056594
9123,0.062816
9124,0.053789
9125,0.057757
9126,0.087128
9127,0.071959
9128,0.645088
9129,0.685376
9130,0.618192
9131,0.659268
9132,0.43397
9133,0.476844
9134,0.405873
9135,0.447631
9136,0.23782
9137,0.273135
9138,0.214163
9139,0.248527
9140,0.101162
9141,0.122419
9142,0.088836
9143,0.053857
9144,0.590671
9145,0.632298
9146,0.561454
9147,0.603948
9148,0.377377
9149,0.419469
9150,0.350142
9151,0.391984
9152,0.192969
9153,0.225867
9154,0.71003
9155,0.533341
9156,0.576142
9157,0.505172
9158,0.547708
9159,0.324113
9160,0.684659
9161,0.72747
9162,0.743601
9163,0.933483
9164,0.878064
9165,0.887845
9166,0.831656
9167,0.843047
9168,0.704554
9169,0.866065
9170,0.911053
9171,0.905088
9172,0.927768
9173,0.931034
9174,0.902429
9175,0.908563
9176,0.772648
9177,0.787438
9178,0.719821
9179,0.491198
9180,0.592224
9181,0.57413
9182,0.788663
9183,0.774581
9184,0.845335
9185,0.833234
9186,0.931637
9187,0.926599
9188,0.930645
9189,0.930424
9190,0.864193
9191,0.872406
9192,0.812344
9193,0.824869
9194,0.1874
9195,0.175085
9196,0.372736
9197,0.354986
9198,0.454627
9199,0.436403
9200,0.671941
9201,0.654548
9202,0.74521
9203,0.72911
9204,0.88768
9205,0.878006
9206,0.915893
9207,0.911328
9208,0.91726
9209,0.922447
9210,0.888395
9211,0.89581
9212,0.750927
9213,0.765606
9214,0.087666
9215,0.080582
9216,0.075916
9217,0.111023
9218,0.104147
9219,0.249137
9220,0.234348
9221,0.32148
9222,0.305551
9223,0.537869
9224,0.51977
9225,0.619849
9226,0.601538
9227,0.807268
9228,0.794091
9229,0.859725
9230,0.849493
9231,0.931435
9232,0.929419
9233,0.928644
9234,0.931719
9235,0.846926
9236,0.858333
9237,0.793565
9238,0.807067
9239,0.398596
9240,0.206005
9241,0.140095
9242,0.150457
9243,0.06742
9244,0.069762
9245,0.071039
9246,0.068296
9247,0.153408
9248,0.142596
9249,0.207527
9250,0.193624
9251,0.400893
9252,0.383041
9253,0.483106
9254,0.464428
9255,0.696069
9256,0.679968
9257,0.767034
9258,0.751822
9259,0.89881
9260,0.890885
9261,0.923752
9262,0.918445
9263,0.910942
9264,0.916376
9265,0.87787
9266,0.887008
9267,0.728006
9268,0.743622
9269,0.617441
9270,0.516931
9271,0.535773
9272,0.304
9273,0.320048
9274,0.23261
9275,0.247711
9276,0.100613
9277,0.108668
9278,0.075812
9279,0.08066
9280,0.089605
9281,0.083471
9282,0.121774
9283,0.11198
9284,0.272807
9285,0.256862
9286,0.347374
9287,0.329833
9288,0.565779
9289,0.546975
9290,0.64615
9291,0.627269
9292,0.825936
9293,0.812405
9294,0.87299
9295,0.864952
9296,0.932071
9297,0.932007
9298,0.926393
9299,0.930459
9300,0.831353
9301,0.84302
9302,0.773037
9303,0.788516
9304,0.652997
9305,0.670298
9306,0.434321
9307,0.453107
9308,0.354008
9309,0.372488
9310,0.17297
9311,0.186706
9312,0.126376
9313,0.134539
9314,0.067064
9315,0.065824
9316,0.071613
9317,0.068869
9318,0.168727
9319,0.157661
9320,0.227514
9321,0.212495
9322,0.427243
9323,0.408669
9324,0.509301
9325,0.490797
9326,0.719522
9327,0.704102
9328,0.788039
9329,0.774158
9330,0.910389
9331,0.904768
9332,0.931513
9333,0.926963
9334,0.902288
9335,0.908957
9336,0.865806
9337,0.874073
9338,0.720141
9339,0.57265
9340,0.590967
9341,0.490237
9342,0.50862
9343,0.28006
9344,0.295367
9345,0.211536
9346,0.22542
9347,0.088703
9348,0.094214
9349,0.067736
9350,0.072038
9351,0.098227
9352,0.091886
9353,0.135743
9354,0.126869
9355,0.295722
9356,0.279473
9357,0.3723
9358,0.354753
9359,0.591707
9360,0.573824
9361,0.671612
9362,0.654477
9363,0.845302
9364,0.833298
9365,0.887921
9366,0.878151
9367,0.931359
9368,0.931458
9369,0.919418
9370,0.924084
9371,0.8126
9372,0.824915
9373,0.750863
9374,0.765652
9375,0.703863
9376,0.627184
9377,0.645364
9378,0.407789
9379,0.425836
9380,0.328191
9381,0.345712
9382,0.154172
9383,0.166423
9384,0.111363
9385,0.121672
9386,0.068342
9387,0.068807
9388,0.081502
9389,0.076773
9390,0.186631
9391,0.174189
9392,0.248531
9393,0.234019
9394,0.454329
9395,0.436002
9396,0.537561
9397,0.519178
9398,0.745296
9399,0.728868
9400,0.807137
9401,0.793995
9402,0.916524
9403,0.912334
9404,0.93258
9405,0.930238
9406,0.888977
9407,0.895853
9408,0.846592
9409,0.857404
9410,0.545593
9411,0.564306
9412,0.46265
9413,0.480955
9414,0.255082
9415,0.271446
9416,0.193237
9417,0.207023
9418,0.08384
9419,0.088706
9420,0.068272
9421,0.070179
9422,0.111209
9423,0.104009
9424,0.153254
9425,0.142207
9426,0.321219
9427,0.305111
9428,0.400497
9429,0.382558
9430,0.619499
9431,0.601404
9432,0.696
9433,0.679952
9434,0.859905
9435,0.849543
9436,0.899387
9437,0.891332
9438,0.928961
9439,0.931704
9440,0.910395
9441,0.916529
9442,0.792473
9443,0.806376
9444,0.727193
9445,0.743138
9446,0.678806
9447,0.695262
9448,0.599709
9449,0.618
9450,0.380985
9451,0.399305
9452,0.304762
9453,0.320433
9454,0.140931
9455,0.150801
9456,0.100828
9457,0.108049
9458,0.070997
9459,0.067394
9460,0.089121
9461,0.083431
9462,0.2071
9463,0.193425
9464,0.27253
9465,0.256399
9466,0.483069
9467,0.464227
9468,0.565679
9469,0.546893
9470,0.76739
9471,0.752289
9472,0.82703
9473,0.813294
9474,0.924188
9475,0.91934
9476,0.932936
9477,0.934176
9478,0.878226
9479,0.88802
9480,0.831273
9481,0.842339
9482,0.517816
9483,0.536098
9484,0.434798
9485,0.453361
9486,0.23295
9487,0.248175
9488,0.173564
9489,0.187146
9490,0.07428
9491,0.079727
9492,0.0672
9493,0.066516
9494,0.121936
9495,0.112155
9496,0.168344
9497,0.156953
9498,0.347003
9499,0.329702
9500,0.42735
9501,0.409033
9502,0.645992
9503,0.627512
9504,0.71994
9505,0.704633
9506,0.873624
9507,0.865461
9508,0.911297
9509,0.905786
9510,0.928387
9511,0.931131
9512,0.901773
9513,0.908114
9514,0.772486
9515,0.787505
9516,0.720527
9517,0.652997
9518,0.670418
9519,0.572822
9520,0.591425
9521,0.354293
9522,0.372812
9523,0.280246
9524,0.295446
9525,0.125843
9526,0.133935
9527,0.088947
9528,0.094912
9529,0.072232
9530,0.068966
9531,0.097571
9532,0.091437
9533,0.227352
9534,0.212562
9535,0.296137
9536,0.280179
9537,0.509763
9538,0.49138
9539,0.592211
9540,0.574164
9541,0.788464
9542,0.77458
9543,0.845828
9544,0.833577
9545,0.932264
9546,0.927962
9547,0.931658
9548,0.931193
9549,0.864257
9550,0.873131
9551,0.813369
9552,0.825811
9553,0.704506
9554,0.490602
9555,0.508802
9556,0.407776
9557,0.425871
9558,0.211337
9559,0.225419
9560,0.154665
9561,0.166766
9562,0.068363
9563,0.073401
9564,0.069355
9565,0.069576
9566,0.135807
9567,0.127594
9568,0.187656
9569,0.175131
9570,0.372816
9571,0.354636
9572,0.454407
9573,0.435694
9574,0.671809
9575,0.654288
9576,0.744918
9577,0.728554
9578,0.888637
9579,0.878328
9580,0.91616
9581,0.911294
9582,0.918498
9583,0.923227
9584,0.888791
9585,0.895991
9586,0.751469
9587,0.765981
9588,0.627264
9589,0.645014
9590,0.545373
9591,0.563597
9592,0.328059
9593,0.345452
9594,0.25479
9595,0.27089
9596,0.11232
9597,0.121994
9598,0.084107
9599,0.088672
9600,0.08274
9601,0.077552
9602,0.111605
9603,0.10419
9604,0.249073
9605,0.234394
9606,0.321194
9607,0.304738
9608,0.53735
9609,0.519045
9610,0.619015
9611,0.600695
9612,0.806763
9613,0.792977
9614,0.859069
9615,0.849199
9616,0.931728
9617,0.929821
9618,0.929003
9619,0.932606
9620,0.846746
9621,0.857793
9622,0.7929
9623,0.806575
9624,0.67852
9625,0.694449
9626,0.462131
9627,0.480229
9628,0.380151
9629,0.398462
9630,0.192732
9631,0.205909
9632,0.140275
9633,0.150507
9634,0.068565
9635,0.07058
9636,0.071356
9637,0.068281
9638,0.153074
9639,0.141667
9640,0.206435
9641,0.192933
9642,0.400291
9643,0.382001
9644,0.482184
9645,0.463902
9646,0.695238
9647,0.679567
9648,0.76705
9649,0.751825
9650,0.899172
9651,0.891951
9652,0.92572
9653,0.920273
9654,0.910879
9655,0.916569
9656,0.599107
9657,0.616959
9658,0.516894
9659,0.535572
9660,0.303931
9661,0.320031
9662,0.232966
9663,0.248178
9664,0.10119
9665,0.109115
9666,0.076248
9667,0.081555
9668,0.089058
9669,0.083624
9670,0.12213
9671,0.112992
9672,0.271994
9673,0.256378
9674,0.347003
9675,0.329583
9676,0.565202
9677,0.546639
9678,0.645707
9679,0.627188
9680,0.826436
9681,0.812854
9682,0.874157
9683,0.9328
9684,0.652626
9685,0.670167
9686,0.434221
9687,0.453025
9688,0.35385
9689,0.372731
9690,0.174064
9691,0.187595
9692,0.12701
9693,0.135048
9694,0.067929
9695,0.067993
9696,0.073607
9697,0.069541
9698,0.168647
9699,0.15698
9700,0.226963
9701,0.211485
9702,0.427179
9703,0.408575
9704,0.509398
9705,0.719754
9706,0.572757
9707,0.591331
9708,0.490699
9709,0.509202
9710,0.280478
9711,0.295898
9712,0.211961
9713,0.225842
9714,0.089611
9715,0.095232
9716,0.068487
9717,0.073037
9718,0.097712
9719,0.091043
9720,0.134194
9721,0.125927
9722,0.295494
9723,0.279859
9724,0.704278
9725,0.6277
9726,0.645247
9727,0.408293
9728,0.426176
9729,0.328388
9730,0.345523
9731,0.154698
9732,0.166702
9733,0.112079
9734,0.121849
9735,0.068641
9736,0.068542
9737,0.545671
9738,0.563998
9739,0.462439
9740,0.480822
9741,0.254704
9742,0.271132
9743,0.192863
9744,0.083476
9745,0.678781
9746,0.694889
9747,0.599503
9748,0.380501
9749,0.861257
9750,0.938717
9751,0.91387
9752,0.917162
9753,0.799587
9754,0.809826
9755,0.735903
9756,0.748741
9757,0.862351
9758,0.852276
9759,0.938871
9760,0.934788
9761,0.938723
9762,0.939639
9763,0.876848
9764,0.885097
9765,0.830878
9766,0.84143
9767,0.491695
9768,0.708177
9769,0.693466
9770,0.774447
9771,0.762196
9772,0.901564
9773,0.894176
9774,0.927086
9775,0.923038
9776,0.926824
9777,0.93059
9778,0.899521
9779,0.905801
9780,0.773992
9781,0.786958
9782,0.721321
9783,0.138743
9784,0.291027
9785,0.380444
9786,0.365228
9787,0.587329
9788,0.571889
9789,0.664558
9790,0.649913
9791,0.832445
9792,0.821468
9793,0.879325
9794,0.872258
9795,0.939498
9796,0.939988
9797,0.937087
9798,0.938769
9799,0.860137
9800,0.867638
9801,0.808284
9802,0.820394
9803,0.061283
9804,0.08613
9805,0.082838
9806,0.200413
9807,0.190174
9808,0.264097
9809,0.251259
9810,0.460074
9811,0.444686
9812,0.540941
9813,0.525203
9814,0.735252
9815,0.721837
9816,0.800268
9817,0.788725
9818,0.916731
9819,0.910881
9820,0.937032
9821,0.932919
9822,0.916388
9823,0.921174
9824,0.88501
9825,0.893715
9826,0.749093
9827,0.762236
9828,0.137649
9829,0.147724
9830,0.061129
9831,0.065212
9832,0.061276
9833,0.060361
9834,0.123152
9835,0.114903
9836,0.169122
9837,0.15857
9838,0.33658
9839,0.321865
9840,0.413674
9841,0.397429
9842,0.619234
9843,0.603607
9844,0.694492
9845,0.67973
9846,0.854549
9847,0.844401
9848,0.895484
9849,0.88702
9850,0.940594
9851,0.941263
9852,0.932259
9853,0.935552
9854,0.841883
9855,0.851048
9856,0.787167
9857,0.799588
9858,0.508305
9859,0.291823
9860,0.306534
9861,0.225553
9862,0.237804
9863,0.098436
9864,0.105824
9865,0.072914
9866,0.076962
9867,0.073176
9868,0.06941
9869,0.100479
9870,0.094199
9871,0.226008
9872,0.213042
9873,0.292212
9874,0.278679
9875,0.492591
9876,0.476157
9877,0.572502
9878,0.557088
9879,0.763505
9880,0.750184
9881,0.821744
9882,0.809609
9883,0.923515
9884,0.919215
9885,0.940051
9886,0.937943
9887,0.906373
9888,0.912665
9889,0.869925
9890,0.877695
9891,0.722041
9892,0.7359
9893,0.708973
9894,0.619556
9895,0.634772
9896,0.412671
9897,0.428111
9898,0.335442
9899,0.350087
9900,0.167555
9901,0.178532
9902,0.120675
9903,0.127741
9904,0.060502
9905,0.060012
9906,0.062913
9907,0.061231
9908,0.139863
9909,0.132362
9910,0.191716
9911,0.179606
9912,0.365706
9913,0.350686
9914,0.445302
9915,0.429325
9916,0.6509
9917,0.635786
9918,0.72247
9919,0.708626
9920,0.870475
9921,0.862726
9922,0.908935
9923,0.902596
9924,0.937932
9925,0.93852
9926,0.921629
9927,0.927223
9928,0.821319
9929,0.832356
9930,0.762517
9931,0.774464
9932,0.539926
9933,0.555314
9934,0.45906
9935,0.474797
9936,0.264748
9937,0.278163
9938,0.199732
9939,0.211275
9940,0.083269
9941,0.089119
9942,0.062967
9943,0.067081
9944,0.083613
9945,0.078827
9946,0.11499
9947,0.106285
9948,0.250907
9949,0.237764
9950,0.321334
9951,0.306418
9952,0.525735
9953,0.508886
9954,0.603644
9955,0.587463
9956,0.78862
9957,0.77571
9958,0.84422
9959,0.833286
9960,0.932103
9961,0.929136
9962,0.941116
9963,0.940899
9964,0.893572
9965,0.900906
9966,0.85112
9967,0.66342
9968,0.678135
9969,0.586326
9970,0.602571
9971,0.380766
9972,0.396393
9973,0.305508
9974,0.32027
9975,0.145451
9976,0.155599
9977,0.104516
9978,0.11298
9979,0.059406
9980,0.058737
9981,0.067741
9982,0.064448
9983,0.158117
9984,0.148952
9985,0.212833
9986,0.200412
9987,0.397371
9988,0.381255
9989,0.475873
9990,0.459899
9991,0.679318
9992,0.664229
9993,0.749401
9994,0.735236
9995,0.88779
9996,0.878893
9997,0.919677
9998,0.915412
9999,0.936055
10000,0.707788
10001,0.507409
10002,0.523843
10003,0.427498
10004,0.442912
10005,0.236495
10006,0.249816
10007,0.178256
10008,0.190391
10009,0.076485
10010,0.080785
10011,0.059949
10012,0.062057
10013,0.093627
10014,0.087335
10015,0.130075
10016,0.122305
10017,0.277959
10018,0.2641
10019,0.350136
10020,0.335232
10021,0.556213
10022,0.54033
10023,0.634569
10024,0.618829
10025,0.809242
10026,0.798753
10027,0.634294
10028,0.649314
10029,0.554698
10030,0.570675
10031,0.3491
10032,0.364214
10033,0.27753
10034,0.291375
10035,0.129525
10036,0.137274
10037,0.091065
10038,0.097404
10039,0.062068
10040,0.06148
10041,0.078371
10042,0.072777
10043,0.178681
10044,0.167644
10045,0.237483
10046,0.225536
10047,0.42838
10048,0.412553
10049,0.508236
10050,0.678666
10051,0.693582
10052,0.474265
10053,0.491113
10054,0.396356
10055,0.412537
10056,0.21138
10057,0.22429
10058,0.15578
10059,0.166714
10060,0.067897
10061,0.070864
10062,0.058884
10063,0.059101
10064,0.106428
10065,0.099094
10066,0.14888
10067,0.306202
10068,0.602629
10069,0.618745
10070,0.524127
10071,0.540101
10072,0.320682
10073,0.335771
10074,0.250599
10075,0.264764
10076,0.11221
10077,0.121107
10078,0.080323
10079,0.084588
10080,0.063945
10081,0.649864
10082,0.664768
10083,0.443788
10084,0.45967
10085,0.365431
10086,0.381171
10087,0.190758
10088,0.201247
10089,0.57162
10090,0.587447
10091,0.491764
10092,0.693798
10093,0.861505
10094,0.913134
10095,0.919502
10096,0.804539
10097,0.820429
10098,0.752957
10099,0.770749
10100,0.871066
10101,0.942875
10102,0.939683
10103,0.942491
10104,0.945452
10105,0.884876
10106,0.896821
10107,0.849011
10108,0.861505
10109,0.542228
10110,0.730579
10111,0.801665
10112,0.784775
10113,0.911737
10114,0.903204
10115,0.933595
10116,0.926684
10117,0.935169
10118,0.93884
10119,0.913134
10120,0.919502
10121,0.804539
10122,0.820429
10123,0.752957
10124,0.770749
10125,0.431879
10126,0.410138
10127,0.629515
10128,0.607884
10129,0.691739
10130,0.670947
10131,0.845776
10132,0.830686
10133,0.881796
10134,0.871066
10135,0.942875
10136,0.939683
10137,0.942491
10138,0.945452
10139,0.884876
10140,0.896821
10141,0.849011
10142,0.861505
10143,0.103445
10144,0.247397
10145,0.229885
10146,0.305336
10147,0.284988
10148,0.498172
10149,0.47551
10150,0.564194
10151,0.542228
10152,0.748907
10153,0.730579
10154,0.801665
10155,0.784775
10156,0.911737
10157,0.903204
10158,0.933595
10159,0.926683
10160,0.935169
10161,0.938839
10162,0.913134
10163,0.919502
10164,0.804539
10165,0.820429
10166,0.752957
10167,0.770749
10168,0.096494
10169,0.054009
10170,0.064243
10171,0.060282
10172,0.151364
10173,0.138609
10174,0.195591
10175,0.179345
10176,0.366528
10177,0.345342
10178,0.431879
10179,0.410138
10180,0.629515
10181,0.607884
10182,0.691739
10183,0.670947
10184,0.845776
10185,0.830686
10186,0.881796
10187,0.871066
10188,0.942875
10189,0.939683
10190,0.942491
10191,0.945452
10192,0.884876
10193,0.896822
10194,0.849011
10195,0.154248
10196,0.16958
10197,0.066013
10198,0.072811
10199,0.056115
10200,0.059517
10201,0.08639
10202,0.079808
10203,0.11566
10204,0.103445
10205,0.247397
10206,0.229885
10207,0.305336
10208,0.284988
10209,0.498172
10210,0.47551
10211,0.564194
10212,0.542228
10213,0.748907
10214,0.730579
10215,0.801665
10216,0.784775
10217,0.911737
10218,0.903204
10219,0.933595
10220,0.926684
10221,0.935169
10222,0.93884
10223,0.524643
10224,0.308652
10225,0.329327
10226,0.251314
10227,0.269648
10228,0.117816
10229,0.128927
10230,0.088101
10231,0.096494
10232,0.056824
10233,0.054009
10234,0.064242
10235,0.060282
10236,0.151364
10237,0.138609
10238,0.195591
10239,0.179345
10240,0.366528
10241,0.345342
10242,0.431879
10243,0.410138
10244,0.629515
10245,0.607884
10246,0.691739
10247,0.670947
10248,0.845776
10249,0.830686
10250,0.881796
10251,0.715293
10252,0.633765
10253,0.654805
10254,0.435797
10255,0.457974
10256,0.370641
10257,0.392619
10258,0.198667
10259,0.215442
10260,0.154248
10261,0.16958
10262,0.066013
10263,0.072811
10264,0.056115
10265,0.059517
10266,0.08639
10267,0.079808
10268,0.11566
10269,0.103445
10270,0.247397
10271,0.229885
10272,0.305336
10273,0.284988
10274,0.498173
10275,0.47551
10276,0.564194
10277,0.748907
10278,0.568255
10279,0.590407
10280,0.502173
10281,0.524643
10282,0.308652
10283,0.329327
10284,0.251314
10285,0.269648
10286,0.117816
10287,0.128926
10288,0.088101
10289,0.096494
10290,0.056824
10291,0.054009
10292,0.064243
10293,0.060282
10294,0.151364
10295,0.138609
10296,0.195591
10297,0.179345
10298,0.366528
10299,0.345342
10300,0.695199
10301,0.715293
10302,0.633765
10303,0.654805
10304,0.435797
10305,0.457975
10306,0.370641
10307,0.392619
10308,0.198667
10309,0.215442
10310,0.154248
10311,0.16958
10312,0.066013
10313,0.072811
10314,0.056115
10315,0.059517
10316,0.08639
10317,0.079808
10318,0.11566
10319,0.568255
10320,0.590407
10321,0.502173
10322,0.524643
10323,0.308652
10324,0.329327
10325,0.251314
10326,0.269648
10327,0.117816
10328,0.128927
10329,0.088101
10330,0.056824
10331,0.695199
10332,0.715293
10333,0.633765
10334,0.654805
10335,0.435797
10336,0.457975
10337,0.370641
10338,0.392619
10339,0.198667
10340,0.215442
10341,0.568255
10342,0.590407
10343,0.502173
10344,0.6952
10345,0.862077
10346,0.917243
10347,0.927751
10348,0.809091
10349,0.828716
10350,0.768887
10351,0.790225
10352,0.891269
10353,0.954538
10354,0.953767
10355,0.953721
10356,0.954858
10357,0.893016
10358,0.905398
10359,0.861962
10360,0.87692
10361,0.746499
10362,0.765914
10363,0.825767
10364,0.806576
10365,0.927541
10366,0.916633
10367,0.943076
10368,0.934158
10369,0.942594
10370,0.944754
10371,0.924207
10372,0.931538
10373,0.827984
10374,0.845436
10375,0.789373
10376,0.808992
10377,0.486911
10378,0.459057
10379,0.672099
10380,0.646056
10381,0.719814
10382,0.694664
10383,0.860815
10384,0.844063
10385,0.890543
10386,0.876044
10387,0.947649
10388,0.942149
10389,0.946717
10390,0.946998
10391,0.902898
10392,0.913518
10393,0.87652
10394,0.89187
10395,0.74456
10396,0.766831
10397,0.137923
10398,0.278422
10399,0.352864
10400,0.326314
10401,0.540169
10402,0.512096
10403,0.592491
10404,0.565685
10405,0.764744
10406,0.742969
10407,0.8083
10408,0.788573
10409,0.913536
10410,0.903306
10411,0.931447
10412,0.924065
10413,0.942427
10414,0.947877
10415,0.934726
10416,0.943354
10417,0.845573
10418,0.082757
10419,0.072249
10420,0.190909
10421,0.171284
10422,0.231113
10423,0.209775
10424,0.404318
10425,0.377
10426,0.457581
10427,0.430881
10428,0.645282
10429,0.619647
10430,0.696824
10431,0.672417
10432,0.845358
10433,0.8271
10434,0.876555
10435,0.861624
10436,0.944511
10437,0.941988
10438,0.108731
10439,0.045462
10440,0.046233
10441,0.046279
10442,0.045142
10443,0.106984
10444,0.094602
10445,0.138039
10446,0.123081
10447,0.276125
10448,0.253501
10449,0.325984
10450,0.30151
10451,0.512524
10452,0.485901
10453,0.567774
10454,0.541373
10455,0.745345
10456,0.722858
10457,0.78868
10458,0.905032
10459,0.234086
10460,0.174234
10461,0.193424
10462,0.072459
10463,0.083367
10464,0.056924
10465,0.065842
10466,0.057406
10467,0.055246
10468,0.075793
10469,0.068462
10470,0.172016
10471,0.154564
10472,0.210627
10473,0.191008
10474,0.378465
10475,0.353217
10476,0.433256
10477,0.406207
10478,0.621891
10479,0.594512
10480,0.513089
10481,0.540943
10482,0.327901
10483,0.353943
10484,0.280186
10485,0.305336
10486,0.139185
10487,0.155937
10488,0.109457
10489,0.123955
10490,0.052351
10491,0.057851
10492,0.053283
10493,0.053002
10494,0.097102
10495,0.086482
10496,0.12348
10497,0.10813
10498,0.25544
10499,0.233169
10500,0.303537
10501,0.721578
10502,0.647136
10503,0.673686
10504,0.459831
10505,0.487904
10506,0.407509
10507,0.434315
10508,0.235256
10509,0.257031
10510,0.1917
10511,0.211427
10512,0.086464
10513,0.096694
10514,0.068553
10515,0.075935
10516,0.057573
10517,0.052123
10518,0.065274
10519,0.056646
10520,0.154428
10521,0.595682
10522,0.623
10523,0.542419
10524,0.569119
10525,0.354718
10526,0.380353
10527,0.303176
10528,0.327583
10529,0.154642
10530,0.1729
10531,0.123444
10532,0.138376
10533,0.055489
10534,0.058012
10535,0.723875
10536,0.674016
10537,0.69849
10538,0.487476
10539,0.514099
10540,0.432226
10541,0.458627
10542,0.254655
10543,0.277142
10544,0.21132
10545,0.094968
10546,0.621535
10547,0.646783
10548,0.566744
10549,0.593793
10550,0.378109
10551,0.405488
10552,0.696463
10553,0.862279
10554,0.737684
10555,0.914933
10556,0.929022
10557,0.817812
10558,0.841665
10559,0.79275
10560,0.817524
10561,0.923903
10562,0.960959
10563,0.956253
10564,0.960221
10565,0.900436
10566,0.91604
10567,0.881813
10568,0.89973
10569,0.765188
10570,0.792617
10571,0.737615
10572,0.766676
10573,0.873248
10574,0.851826
10575,0.946331
10576,0.935961
10577,0.953531
10578,0.946062
10579,0.950125
10580,0.956084
10581,0.940345
10582,0.949351
10583,0.862234
10584,0.881755
10585,0.841686
10586,0.559756
10587,0.721974
10588,0.778888
10589,0.750695
10590,0.891529
10591,0.871694
10592,0.908438
10593,0.892385
10594,0.958617
10595,0.954212
10596,0.96107
10597,0.959428
10598,0.92814
10599,0.93976
10600,0.457156
10601,0.423379
10602,0.626699
10603,0.593738
10604,0.659645
10605,0.626928
10606,0.804135
10607,0.778958
10608,0.829815
10609,0.805282
10610,0.924107
10611,0.909334
10612,0.93683
10613,0.960132
10614,0.137721
10615,0.262316
10616,0.32411
10617,0.292958
10618,0.491742
10619,0.457695
10620,0.526077
10621,0.492021
10622,0.6918
10623,0.660511
10624,0.72273
10625,0.691915
10626,0.852179
10627,0.829607
10628,0.085067
10629,0.070978
10630,0.182188
10631,0.158335
10632,0.20725
10633,0.182476
10634,0.357052
10635,0.324699
10636,0.390111
10637,0.356793
10638,0.560428
10639,0.526099
10640,0.594118
10641,0.751584
10642,0.076097
10643,0.039041
10644,0.043747
10645,0.039779
10646,0.099564
10647,0.08396
10648,0.118187
10649,0.10027
10650,0.234812
10651,0.207383
10652,0.262385
10653,0.233324
10654,0.423716
10655,0.389392
10656,0.126752
10657,0.148174
10658,0.053669
10659,0.064039
10660,0.046469
10661,0.053938
10662,0.049875
10663,0.043916
10664,0.059655
10665,0.050649
10666,0.137766
10667,0.118245
10668,0.158314
10669,0.292188
10670,0.440244
10671,0.278026
10672,0.221112
10673,0.249305
10674,0.108471
10675,0.128306
10676,0.091562
10677,0.107615
10678,0.041383
10679,0.045788
10680,0.03893
10681,0.040572
10682,0.07186
10683,0.06024
10684,0.542844
10685,0.576621
10686,0.373301
10687,0.406262
10688,0.340355
10689,0.373072
10690,0.195865
10691,0.221042
10692,0.170185
10693,0.194718
10694,0.075893
10695,0.090666
10696,0.06317
10697,0.039868
10698,0.67589
10699,0.707042
10700,0.508258
10701,0.542305
10702,0.473923
10703,0.507979
10704,0.3082
10705,0.339489
10706,0.27727
10707,0.308085
10708,0.147821
10709,0.170393
10710,0.642948
10711,0.675301
10712,0.609889
10713,0.643207
10714,0.439572
10715,0.473901
10716,0.405882
10717,0.248416
10718,0.576284
10719,0.610608
10720,0.707812
